{
"type": "FeatureCollection",
"name": "scored_ev_charging_candidates",
"crs": { "type": "name", "properties": { "name": "urn:ogc:def:crs:OGC:1.3:CRS84" } },
"features": [
{ "type": "Feature", "properties": { "id": "710", "address": "100 Grangeway Avenue", "lat": 43.77458, "lng": -79.251359, "carpark_type": "surface", "carpark_type_str": "Surface", "is_ttc": false, "is_under_construction": false, "capacity": 214, "max_height": 0.0, "bike_racks": "available", "rate_half_hour": 1.0, "monthly_permit_status": "not_available", "candidate_id": "green_p_710", "distance_to_nearest_charger_m": 10033.701714351735, "capacity_missing": false, "capacity_filled": 214, "existing_chargers_1000m": 0, "existing_chargers_2000m": 0, "baseline_coverage_score": 0.88416783343728189, "baseline_capacity_score": 0.5945763623980771, "baseline_score": 0.7683312450216, "population_500m": 7155.2855750750459, "households_500m": 3485.2593925727829, "apartment_population_500m": 6653.7274114134643, "median_income_500m": 61730.527191671674, "apartment_share_500m": 0.92990382306909936, "population_1000m": 17841.678242668895, "households_1000m": 8015.4414920204026, "apartment_population_1000m": 14223.241326830777, "median_income_1000m": 66829.477832244418, "apartment_share_1000m": 0.79719189716220085, "population_2000m": 48523.49456533639, "households_2000m": 18252.950669405731, "apartment_population_2000m": 29237.606827314612, "median_income_2000m": 71959.350698297581, "apartment_share_2000m": 0.60254536671810544, "distance_to_traffic_count_m": 70.913546861657835, "traffic_volume_weighted_1000m": 17514.453391305746, "traffic_counters_1000m": 45, "traffic_data_quality": "high", "distance_to_arterial_m": null, "road_length_500m": null, "intersections_500m": null, "distance_to_transit_stop_m": 23.839691066500251, "transit_stop_count_500m": 26, "distance_to_destination_m": 429.37217262990202, "destination_count_1000m": 8, "capacity_log": 5.3706380281276624, "capacity_score": 0.5945763623980771, "facility_type_score": 1.0, "ttc_facility_score": 0.0, "parking_feasibility_score": 0.63647463555875006, "underserved_population_raw": 17841.678242668895, "underserved_population_score": 0.91960953794147027, "apartment_score": 0.79252589891964809, "low_existing_supply_score": 1.0, "equity_score": 0.8687760823327414, "constraint_status": "eligible", "constraint_notes": "", "essential_data_missing": false, "population_score": 0.75440884889825588, "traffic_score": 0.93104209874830768, "coverage_distance_score": 0.88416783343728189, "arterial_access_score": 0.5, "transit_access_score": 0.97571500308911918, "intersection_access_score": 0.5, "demand_score": 0.82385389635005246, "coverage_score": 0.91891748340609736, "accessibility_score": 0.64271450092673577, "feasibility_score": 0.63647463555875006, "overall_score": 0.78777724350897393, "static_rank": 1, "non_coverage_score": 0.74406383020993272 }, "geometry": { "type": "Point", "coordinates": [ -79.251359, 43.77458 ] } },
{ "type": "Feature", "properties": { "id": "700", "address": "101 Grangeway Avenue", "lat": 43.775378, "lng": -79.250093, "carpark_type": "surface", "carpark_type_str": "Surface", "is_ttc": false, "is_under_construction": false, "capacity": 261, "max_height": 0.0, "bike_racks": "available", "rate_half_hour": 1.0, "monthly_permit_status": "not_available", "candidate_id": "green_p_700", "distance_to_nearest_charger_m": 10141.587715103144, "capacity_missing": false, "capacity_filled": 261, "existing_chargers_1000m": 0, "existing_chargers_2000m": 0, "baseline_coverage_score": 0.89377688582048909, "baseline_capacity_score": 0.6302933417971236, "baseline_score": 0.7883834682111428, "population_500m": 6904.1517890484338, "households_500m": 3271.7803517836242, "apartment_population_500m": 6527.0336289980478, "median_income_500m": 63493.771939655526, "apartment_share_500m": 0.94537806068392327, "population_1000m": 16822.65337424371, "households_1000m": 7562.611947057253, "apartment_population_1000m": 13573.627571259924, "median_income_1000m": 66352.625521253736, "apartment_share_1000m": 0.80686603173086835, "population_2000m": 48662.470589474236, "households_2000m": 18248.802385198524, "apartment_population_2000m": 29366.654793694575, "median_income_2000m": 72100.759471503508, "apartment_share_2000m": 0.6034764457694145, "distance_to_traffic_count_m": 16.99913661751042, "traffic_volume_weighted_1000m": 15298.341046631933, "traffic_counters_1000m": 41, "traffic_data_quality": "high", "distance_to_arterial_m": null, "road_length_500m": null, "intersections_500m": null, "distance_to_transit_stop_m": 75.245989385708739, "transit_stop_count_500m": 20, "distance_to_destination_m": 564.44102910676452, "destination_count_1000m": 7, "capacity_log": 5.5683445037610966, "capacity_score": 0.6302933417971236, "facility_type_score": 1.0, "ttc_facility_score": 0.0, "parking_feasibility_score": 0.65969067216813038, "underserved_population_raw": 16822.65337424371, "underserved_population_score": 0.91408518136479644, "apartment_score": 0.80347534685481869, "low_existing_supply_score": 1.0, "equity_score": 0.86984124756080528, "constraint_status": "eligible", "constraint_notes": "", "essential_data_missing": false, "population_score": 0.74490163725896763, "traffic_score": 0.89444190356326836, "coverage_distance_score": 0.89377688582048909, "arterial_access_score": 0.5, "transit_access_score": 0.90709489083904093, "intersection_access_score": 0.5, "demand_score": 0.80895547238464316, "coverage_score": 0.92564382007434221, "accessibility_score": 0.62212846725171222, "feasibility_score": 0.65969067216813038, "overall_score": 0.78446101576562099, "static_rank": 2, "non_coverage_score": 0.73740008099604737 }, "geometry": { "type": "Point", "coordinates": [ -79.250093, 43.775378 ] } },
{ "type": "Feature", "properties": { "id": "821", "address": "Kennedy South Lot -155 Transway Cres", "lat": 43.731844, "lng": -79.263471, "carpark_type": "surface", "carpark_type_str": "Surface", "is_ttc": true, "is_under_construction": false, "capacity": 673, "max_height": null, "bike_racks": "not available", "rate_half_hour": 0.0, "monthly_permit_status": "not_available", "candidate_id": "green_p_821", "distance_to_nearest_charger_m": 5971.3416725653806, "capacity_missing": false, "capacity_filled": 673, "existing_chargers_1000m": 0, "existing_chargers_2000m": 0, "baseline_coverage_score": 0.52234674294271044, "baseline_capacity_score": 0.80099316160296574, "baseline_score": 0.63380531040681265, "population_500m": 5132.2878057787275, "households_500m": 1912.8960620419657, "apartment_population_500m": 3440.607634730778, "median_income_500m": 67435.427634147185, "apartment_share_500m": 0.67038478061514928, "population_1000m": 22184.98575394553, "households_1000m": 8122.2198225131942, "apartment_population_1000m": 14789.28830645645, "median_income_1000m": 68558.364647138733, "apartment_share_1000m": 0.66663501480167608, "population_2000m": 60281.224389699557, "households_2000m": 21700.484929966584, "apartment_population_2000m": 34499.501247103006, "median_income_2000m": 73432.513425315439, "apartment_share_2000m": 0.57230923220925889, "distance_to_traffic_count_m": 138.12232902525841, "traffic_volume_weighted_1000m": 14222.914665781482, "traffic_counters_1000m": 29, "traffic_data_quality": "high", "distance_to_arterial_m": null, "road_length_500m": null, "intersections_500m": null, "distance_to_transit_stop_m": 17.042081466521946, "transit_stop_count_500m": 26, "distance_to_destination_m": 167.24307660236161, "destination_count_1000m": 9, "capacity_log": 6.513230110912307, "capacity_score": 0.80099316160296574, "facility_type_score": 1.0, "ttc_facility_score": 1.0, "parking_feasibility_score": 0.87064555504192775, "underserved_population_raw": 22184.98575394553, "underserved_population_score": 0.94007597655191266, "apartment_score": 0.64475807784605155, "low_existing_supply_score": 1.0, "equity_score": 0.82194881706956824, "constraint_status": "eligible", "constraint_notes": "", "essential_data_missing": false, "population_score": 0.78963082645733895, "traffic_score": 0.87472183620367616, "coverage_distance_score": 0.52234674294271044, "arterial_access_score": 0.5, "transit_access_score": 0.98478884713224146, "intersection_access_score": 0.5, "demand_score": 0.79043813014629949, "coverage_score": 0.66564272005989733, "accessibility_score": 0.64543665413967244, "feasibility_score": 0.87064555504192775, "overall_score": 0.74542116485004462, "static_rank": 3, "non_coverage_score": 0.77201397978009367 }, "geometry": { "type": "Point", "coordinates": [ -79.263471, 43.731844 ] } },
{ "type": "Feature", "properties": { "id": "706", "address": "284 Milner Avenue", "lat": 43.789429, "lng": -79.238387, "carpark_type": "surface", "carpark_type_str": "Surface", "is_ttc": false, "is_under_construction": false, "capacity": 103, "max_height": 0.0, "bike_racks": "n/a", "rate_half_hour": 2.0, "monthly_permit_status": "", "candidate_id": "green_p_706", "distance_to_nearest_charger_m": 11295.257185201524, "capacity_missing": false, "capacity_filled": 103, "existing_chargers_1000m": 0, "existing_chargers_2000m": 0, "baseline_coverage_score": 0.9965304432224904, "baseline_capacity_score": 0.46337502636943867, "baseline_score": 0.78326827648126962, "population_500m": 4631.1386130426745, "households_500m": 1597.2433959478144, "apartment_population_500m": 2083.9776868600457, "median_income_500m": 78958.826748368549, "apartment_share_500m": 0.44999250961544096, "population_1000m": 12076.009557882409, "households_1000m": 4004.407739863902, "apartment_population_1000m": 5592.5753658820631, "median_income_1000m": 75298.098567524372, "apartment_share_1000m": 0.46311451966610984, "population_2000m": 41872.16030444709, "households_2000m": 14679.182401010341, "apartment_population_2000m": 23919.981190233277, "median_income_2000m": 73865.757787159193, "apartment_share_2000m": 0.57126217076726327, "distance_to_traffic_count_m": 107.81666104557247, "traffic_volume_weighted_1000m": 17816.284259188677, "traffic_counters_1000m": 30, "traffic_data_quality": "high", "distance_to_arterial_m": null, "road_length_500m": null, "intersections_500m": null, "distance_to_transit_stop_m": 80.582297584946559, "transit_stop_count_500m": 20, "distance_to_destination_m": 585.28230879948012, "destination_count_1000m": 6, "capacity_log": 4.6443908991413725, "capacity_score": 0.46337502636943867, "facility_type_score": 1.0, "ttc_facility_score": 0.0, "parking_feasibility_score": 0.55119376714013513, "underserved_population_raw": 12076.009557882409, "underserved_population_score": 0.88294580406680756, "apartment_score": 0.41440806054895307, "low_existing_supply_score": 1.0, "equity_score": 0.69553070665966577, "constraint_status": "eligible", "constraint_notes": "", "essential_data_missing": false, "population_score": 0.69131193026255922, "traffic_score": 0.93566480916022221, "coverage_distance_score": 0.9965304432224904, "arterial_access_score": 0.5, "transit_access_score": 0.89997167676595358, "intersection_access_score": 0.5, "demand_score": 0.72145466393402002, "coverage_score": 0.9975713102557433, "accessibility_score": 0.61999150302978612, "feasibility_score": 0.55119376714013513, "overall_score": 0.74205966308708593, "static_rank": 4, "non_coverage_score": 0.65688911403086669 }, "geometry": { "type": "Point", "coordinates": [ -79.238387, 43.789429 ] } },
{ "type": "Feature", "properties": { "id": "813", "address": "Finch West Lot - 18 Hendon Ave", "lat": 43.782032, "lng": -79.416368, "carpark_type": "surface", "carpark_type_str": "Surface", "is_ttc": true, "is_under_construction": false, "capacity": 1552, "max_height": 0.0, "bike_racks": "not available", "rate_half_hour": 0.0, "monthly_permit_status": "not_available", "candidate_id": "green_p_813", "distance_to_nearest_charger_m": 2154.1609198217261, "capacity_missing": false, "capacity_filled": 1552, "existing_chargers_1000m": 0, "existing_chargers_2000m": 0, "baseline_coverage_score": 0.18236296790408371, "baseline_capacity_score": 0.9517897016177973, "baseline_score": 0.49013366138956915, "population_500m": 12809.287774460325, "households_500m": 6178.6484728005062, "apartment_population_500m": 11919.843931604493, "median_income_500m": 64516.791752394485, "apartment_share_500m": 0.93056258407830916, "population_1000m": 31065.978684405742, "households_1000m": 14058.317137537288, "apartment_population_1000m": 25019.186875335181, "median_income_1000m": 67612.73319420543, "apartment_share_1000m": 0.80535646822850993, "population_2000m": 76984.422387922343, "households_2000m": 32732.230670905239, "apartment_population_2000m": 48914.404981984961, "median_income_2000m": 73018.165813117914, "apartment_share_2000m": 0.63538055446472852, "distance_to_traffic_count_m": 52.800137479736428, "traffic_volume_weighted_1000m": 18802.102276191232, "traffic_counters_1000m": 45, "traffic_data_quality": "high", "distance_to_arterial_m": null, "road_length_500m": null, "intersections_500m": null, "distance_to_transit_stop_m": 35.34064491627727, "transit_stop_count_500m": 28, "distance_to_destination_m": 254.4591467720783, "destination_count_1000m": 17, "capacity_log": 7.3479438231486869, "capacity_score": 0.9517897016177973, "facility_type_score": 1.0, "ttc_facility_score": 1.0, "parking_feasibility_score": 0.96866330605156825, "underserved_population_raw": 31065.978684405742, "underserved_population_score": 0.97170406940080345, "apartment_score": 0.80176678193290396, "low_existing_supply_score": 1.0, "equity_score": 0.90372915441364365, "constraint_status": "eligible", "constraint_notes": "", "essential_data_missing": false, "population_score": 0.84406159469035436, "traffic_score": 0.95023544581307584, "coverage_distance_score": 0.18236296790408371, "arterial_access_score": 0.5, "transit_access_score": 0.9603628620099437, "intersection_access_score": 0.5, "demand_score": 0.87276348003181681, "coverage_score": 0.42765407753285856, "accessibility_score": 0.63810885860298305, "feasibility_score": 0.96866330605156825, "overall_score": 0.73203674646245598, "static_rank": 5, "non_coverage_score": 0.83349763610565486 }, "geometry": { "type": "Point", "coordinates": [ -79.416368, 43.782032 ] } },
{ "type": "Feature", "properties": { "id": "814", "address": "Finch East - 814 Willowdale Ave - partial closure, reduced spaces", "lat": 43.782319, "lng": -79.415907, "carpark_type": "surface", "carpark_type_str": "Surface", "is_ttc": true, "is_under_construction": false, "capacity": 900, "max_height": null, "bike_racks": "not available", "rate_half_hour": 0.0, "monthly_permit_status": "not_available", "candidate_id": "green_p_814", "distance_to_nearest_charger_m": 2181.2069293301738, "capacity_missing": false, "capacity_filled": 900, "existing_chargers_1000m": 0, "existing_chargers_2000m": 0, "baseline_coverage_score": 0.18477186730079251, "baseline_capacity_score": 0.853433282248382, "baseline_score": 0.45223643327982832, "population_500m": 12436.158232803125, "households_500m": 5967.7837933971341, "apartment_population_500m": 11538.384880545298, "median_income_500m": 64770.811393486809, "apartment_share_500m": 0.92780942993393645, "population_1000m": 30975.134213112779, "households_1000m": 14006.102427982234, "apartment_population_1000m": 24981.635030865556, "median_income_1000m": 67342.250328655893, "apartment_share_1000m": 0.80650611096593794, "population_2000m": 76551.085516549138, "households_2000m": 32513.205578026722, "apartment_population_2000m": 48495.066085883445, "median_income_2000m": 73099.13798619814, "apartment_share_2000m": 0.63349939140183165, "distance_to_traffic_count_m": 40.574303294801176, "traffic_volume_weighted_1000m": 18642.075976885673, "traffic_counters_1000m": 45, "traffic_data_quality": "high", "distance_to_arterial_m": null, "road_length_500m": null, "intersections_500m": null, "distance_to_transit_stop_m": 20.822725984657207, "transit_stop_count_500m": 28, "distance_to_destination_m": 257.37622780833965, "destination_count_1000m": 15, "capacity_log": 6.8035052576083377, "capacity_score": 0.853433282248382, "facility_type_score": 1.0, "ttc_facility_score": 1.0, "parking_feasibility_score": 0.90473163346144825, "underserved_population_raw": 30975.134213112779, "underserved_population_score": 0.97142897300239828, "apartment_score": 0.80306797876949598, "low_existing_supply_score": 1.0, "equity_score": 0.90408457530923736, "constraint_status": "eligible", "constraint_notes": "", "essential_data_missing": false, "population_score": 0.84358816404833414, "traffic_score": 0.94792292172409387, "coverage_distance_score": 0.18477186730079251, "arterial_access_score": 0.5, "transit_access_score": 0.97974222328079907, "intersection_access_score": 0.5, "demand_score": 0.8720012921790824, "coverage_score": 0.42934030711055471, "accessibility_score": 0.64392266698423972, "feasibility_score": 0.90473163346144825, "overall_score": 0.72383820037835223, "static_rank": 6, "non_coverage_score": 0.8220041648009514 }, "geometry": { "type": "Point", "coordinates": [ -79.415907, 43.782319 ] } },
{ "type": "Feature", "properties": { "id": "707", "address": "1530 Markham Road - minor capital repairs onsite", "lat": 43.789507, "lng": -79.237915, "carpark_type": "surface", "carpark_type_str": "Surface", "is_ttc": false, "is_under_construction": false, "capacity": 24, "max_height": 0.0, "bike_racks": "n/a", "rate_half_hour": 2.5, "monthly_permit_status": "", "candidate_id": "green_p_707", "distance_to_nearest_charger_m": 11334.21176575513, "capacity_missing": false, "capacity_filled": 24, "existing_chargers_1000m": 0, "existing_chargers_2000m": 0, "baseline_coverage_score": 1.0, "baseline_capacity_score": 0.20584632187092547, "baseline_score": 0.6823385287483702, "population_500m": 4751.434492250788, "households_500m": 1658.0639805898297, "apartment_population_500m": 2201.5482289909146, "median_income_500m": 78487.463004330653, "apartment_share_500m": 0.4633439085778126, "population_1000m": 12133.259847548088, "households_1000m": 4014.7728833441975, "apartment_population_1000m": 5599.3347377402042, "median_income_1000m": 75283.756174363414, "apartment_share_1000m": 0.46148642723346339, "population_2000m": 42030.589281178371, "households_2000m": 14705.682626135702, "apartment_population_2000m": 23822.468751438009, "median_income_2000m": 73999.163880789725, "apartment_share_2000m": 0.56678883543766778, "distance_to_traffic_count_m": 69.128157777823205, "traffic_volume_weighted_1000m": 18535.144233625611, "traffic_counters_1000m": 30, "traffic_data_quality": "high", "distance_to_arterial_m": null, "road_length_500m": null, "intersections_500m": null, "distance_to_transit_stop_m": 43.090952572935024, "transit_stop_count_500m": 19, "distance_to_destination_m": 553.90078745861263, "destination_count_1000m": 5, "capacity_log": 3.2188758248682006, "capacity_score": 0.20584632187092547, "facility_type_score": 1.0, "ttc_facility_score": 0.0, "parking_feasibility_score": 0.38380010921610153, "underserved_population_raw": 12133.259847548088, "underserved_population_score": 0.88339006754221316, "apartment_score": 0.41256534136840295, "low_existing_supply_score": 1.0, "equity_score": 0.69506017707268908, "constraint_status": "eligible", "constraint_notes": "", "essential_data_missing": false, "population_score": 0.69207649113506364, "traffic_score": 0.9463665715178684, "coverage_distance_score": 1.0, "arterial_access_score": 0.5, "transit_access_score": 0.95001730127592421, "intersection_access_score": 0.5, "demand_score": 0.72517578931571314, "coverage_score": 1.0, "accessibility_score": 0.63500519038277725, "feasibility_score": 0.38380010921610153, "overall_score": 0.72162980896095352, "static_rank": 7, "non_coverage_score": 0.62883974528127129 }, "geometry": { "type": "Point", "coordinates": [ -79.237915, 43.789507 ] } },
{ "type": "Feature", "properties": { "id": "826", "address": "Kennedy North Service Road - 2450 Eglinton Ave East", "lat": 43.734117, "lng": -79.263977, "carpark_type": "surface", "carpark_type_str": "Surface", "is_ttc": true, "is_under_construction": false, "capacity": 199, "max_height": null, "bike_racks": "not available", "rate_half_hour": 0.0, "monthly_permit_status": "not_available", "candidate_id": "green_p_826", "distance_to_nearest_charger_m": 6177.2403258162203, "capacity_missing": false, "capacity_filled": 199, "existing_chargers_1000m": 0, "existing_chargers_2000m": 0, "baseline_coverage_score": 0.54068546095004466, "baseline_capacity_score": 0.58151115767228856, "baseline_score": 0.55701573963894224, "population_500m": 5171.6183925713804, "households_500m": 1949.0493965349842, "apartment_population_500m": 3394.3167604140035, "median_income_500m": 67210.037833470167, "apartment_share_500m": 0.65633550327102064, "population_1000m": 21619.614380529103, "households_1000m": 7892.2856768115234, "apartment_population_1000m": 14441.534112265943, "median_income_1000m": 68624.879194432113, "apartment_share_1000m": 0.66798296482439434, "population_2000m": 62018.894519795642, "households_2000m": 22241.759582606395, "apartment_population_2000m": 36670.982061629853, "median_income_2000m": 72970.408464799882, "apartment_share_2000m": 0.59128725762638257, "distance_to_traffic_count_m": 154.50230423049626, "traffic_volume_weighted_1000m": 15135.479433297625, "traffic_counters_1000m": 27, "traffic_data_quality": "high", "distance_to_arterial_m": null, "road_length_500m": null, "intersections_500m": null, "distance_to_transit_stop_m": 152.77516513789828, "transit_stop_count_500m": 29, "distance_to_destination_m": 246.94513232810078, "destination_count_1000m": 12, "capacity_log": 5.2983173665480363, "capacity_score": 0.58151115767228856, "facility_type_score": 1.0, "ttc_facility_score": 1.0, "parking_feasibility_score": 0.72798225248698756, "underserved_population_raw": 21619.614380529103, "underserved_population_score": 0.93765105299038065, "apartment_score": 0.64628372424761882, "low_existing_supply_score": 1.0, "equity_score": 0.82110412149327594, "constraint_status": "eligible", "constraint_notes": "", "essential_data_missing": false, "population_score": 0.78545762344471548, "traffic_score": 0.89154630985866434, "coverage_distance_score": 0.54068546095004466, "arterial_access_score": 0.5, "transit_access_score": 0.80360444479026572, "intersection_access_score": 0.5, "demand_score": 0.79475388385017831, "coverage_score": 0.67847982266503126, "accessibility_score": 0.59108133343707969, "feasibility_score": 0.72798225248698756, "overall_score": 0.71757013753110288, "static_rank": 8, "non_coverage_score": 0.73060024248646027 }, "geometry": { "type": "Point", "coordinates": [ -79.263977, 43.734117 ] } },
{ "type": "Feature", "properties": { "id": "711", "address": "158 Borough Drive", "lat": 43.772181, "lng": -79.256377, "carpark_type": "surface", "carpark_type_str": "Surface", "is_ttc": false, "is_under_construction": false, "capacity": 16, "max_height": null, "bike_racks": "available", "rate_half_hour": 1.0, "monthly_permit_status": "not_available", "candidate_id": "green_p_711", "distance_to_nearest_charger_m": 9615.9593355446104, "capacity_missing": false, "capacity_filled": 16, "existing_chargers_1000m": 0, "existing_chargers_2000m": 0, "baseline_coverage_score": 0.84696088932325764, "baseline_capacity_score": 0.13617384989946424, "baseline_score": 0.56264607355374019, "population_500m": 7134.2746390246793, "households_500m": 3520.4564374119523, "apartment_population_500m": 6068.6273511653872, "median_income_500m": 62368.985191011801, "apartment_share_500m": 0.85062990398068328, "population_1000m": 15407.502949477606, "households_1000m": 6803.2652473804619, "apartment_population_1000m": 11053.274171288278, "median_income_1000m": 68085.435773388934, "apartment_share_1000m": 0.71739555770541263, "population_2000m": 44085.426660414145, "households_2000m": 16740.779305166056, "apartment_population_2000m": 25349.914644275705, "median_income_2000m": 73027.94297262952, "apartment_share_2000m": 0.57501801762164373, "distance_to_traffic_count_m": 14.915354471438237, "traffic_volume_weighted_1000m": 16233.272156261108, "traffic_counters_1000m": 42, "traffic_data_quality": "high", "distance_to_arterial_m": null, "road_length_500m": null, "intersections_500m": null, "distance_to_transit_stop_m": 79.022820352366026, "transit_stop_count_500m": 38, "distance_to_destination_m": 57.352632696370243, "destination_count_1000m": 8, "capacity_log": 2.8332133440562162, "capacity_score": 0.13617384989946424, "facility_type_score": 1.0, "ttc_facility_score": 0.0, "parking_feasibility_score": 0.33851300243465177, "underserved_population_raw": 15407.502949477606, "underserved_population_score": 0.90583103423843159, "apartment_score": 0.70221023728629495, "low_existing_supply_score": 1.0, "equity_score": 0.82438271545757691, "constraint_status": "eligible", "constraint_notes": "", "essential_data_missing": false, "population_score": 0.73069655789035393, "traffic_score": 0.91049034782335148, "coverage_distance_score": 0.84696088932325764, "arterial_access_score": 0.5, "transit_access_score": 0.90205335753757088, "intersection_access_score": 0.5, "demand_score": 0.78792712024609124, "coverage_score": 0.89287262252628019, "accessibility_score": 0.62061600726127131, "feasibility_score": 0.33851300243465177, "overall_score": 0.71693471506860718, "static_rank": 9, "non_coverage_score": 0.65828874591604947 }, "geometry": { "type": "Point", "coordinates": [ -79.256377, 43.772181 ] } },
{ "type": "Feature", "properties": { "id": "818", "address": "Lawrence East Lot - Near 2450 Lawrence Ave East", "lat": 43.750477, "lng": -79.270269, "carpark_type": "surface", "carpark_type_str": "Surface", "is_ttc": true, "is_under_construction": false, "capacity": 90, "max_height": 0.0, "bike_racks": "available", "rate_half_hour": 0.0, "monthly_permit_status": "not_available", "candidate_id": "green_p_818", "distance_to_nearest_charger_m": 7682.2261549596487, "capacity_missing": false, "capacity_filled": 90, "existing_chargers_1000m": 0, "existing_chargers_2000m": 0, "baseline_coverage_score": 0.67472961466323988, "baseline_capacity_score": 0.43925169917838164, "baseline_score": 0.58053844846929659, "population_500m": 3520.7396027575687, "households_500m": 1253.6625270196901, "apartment_population_500m": 2721.3258155436483, "median_income_500m": 70137.237997835153, "apartment_share_500m": 0.77294151871163919, "population_1000m": 13865.524975175771, "households_1000m": 4402.8103140027015, "apartment_population_1000m": 8500.7494258577844, "median_income_1000m": 75164.488981349336, "apartment_share_1000m": 0.61308529183548077, "population_2000m": 49680.00934446833, "households_2000m": 16589.704145003856, "apartment_population_2000m": 24047.239894086357, "median_income_2000m": 76887.144600405576, "apartment_share_2000m": 0.48404257993087357, "distance_to_traffic_count_m": 391.95425202927447, "traffic_volume_weighted_1000m": 21654.737035797152, "traffic_counters_1000m": 24, "traffic_data_quality": "medium", "distance_to_arterial_m": null, "road_length_500m": null, "intersections_500m": null, "distance_to_transit_stop_m": 298.00935329777263, "transit_stop_count_500m": 15, "distance_to_destination_m": 266.45123704336299, "destination_count_1000m": 10, "capacity_log": 4.5108595065168497, "capacity_score": 0.43925169917838164, "facility_type_score": 1.0, "ttc_facility_score": 1.0, "parking_feasibility_score": 0.63551360446594807, "underserved_population_raw": 13865.524975175771, "underserved_population_score": 0.89592584820125032, "apartment_score": 0.58414904874899976, "low_existing_supply_score": 1.0, "equity_score": 0.77121512842035012, "constraint_status": "eligible", "constraint_notes": "", "essential_data_missing": false, "population_score": 0.71365010213121005, "traffic_score": 0.98845219368054049, "coverage_distance_score": 0.67472961466323988, "arterial_access_score": 0.5, "transit_access_score": 0.60973741643129775, "intersection_access_score": 0.5, "demand_score": 0.78393062349703357, "coverage_score": 0.77231073026426789, "accessibility_score": 0.53292122492938931, "feasibility_score": 0.63551360446594807, "overall_score": 0.70728966811298222, "static_rank": 10, "non_coverage_score": 0.68561598072922025 }, "geometry": { "type": "Point", "coordinates": [ -79.270269, 43.750477 ] } },
{ "type": "Feature", "properties": { "id": "816", "address": "Don Mills Lot - 1800 Sheppard Ave East", "lat": 43.775815, "lng": -79.346707, "carpark_type": "surface", "carpark_type_str": "Surface", "is_ttc": true, "is_under_construction": false, "capacity": 366, "max_height": null, "bike_racks": "not available", "rate_half_hour": 0.0, "monthly_permit_status": "not_available", "candidate_id": "green_p_816", "distance_to_nearest_charger_m": 2471.9442730130841, "capacity_missing": false, "capacity_filled": 366, "existing_chargers_1000m": 0, "existing_chargers_2000m": 0, "baseline_coverage_score": 0.21066688932168356, "baseline_capacity_score": 0.69117774886919914, "baseline_score": 0.40287123314068984, "population_500m": 10203.000283107262, "households_500m": 4207.5258705477181, "apartment_population_500m": 9220.5839499856847, "median_income_500m": 69491.478795635005, "apartment_share_500m": 0.90371299560305529, "population_1000m": 28568.600715180448, "households_1000m": 11302.340461255109, "apartment_population_1000m": 22809.216378656893, "median_income_1000m": 73356.416851974616, "apartment_share_1000m": 0.79840159502585639, "population_2000m": 71270.93228826519, "households_2000m": 28550.305029973413, "apartment_population_2000m": 47306.182009839242, "median_income_2000m": 75459.725166370205, "apartment_share_2000m": 0.6637514129673906, "distance_to_traffic_count_m": 70.141906014414118, "traffic_volume_weighted_1000m": 13260.460314109208, "traffic_counters_1000m": 30, "traffic_data_quality": "high", "distance_to_arterial_m": null, "road_length_500m": null, "intersections_500m": null, "distance_to_transit_stop_m": 14.597339152613594, "transit_stop_count_500m": 25, "distance_to_destination_m": 363.82173355785841, "destination_count_1000m": 10, "capacity_log": 5.9053618480545707, "capacity_score": 0.69117774886919914, "facility_type_score": 1.0, "ttc_facility_score": 1.0, "parking_feasibility_score": 0.79926553676497936, "underserved_population_raw": 28568.600715180448, "underserved_population_score": 0.96383170329282886, "apartment_score": 0.79389506777722041, "low_existing_supply_score": 1.0, "equity_score": 0.89585704908658548, "constraint_status": "eligible", "constraint_notes": "", "essential_data_missing": false, "population_score": 0.8305135462159855, "traffic_score": 0.85576543738460997, "coverage_distance_score": 0.21066688932168356, "arterial_access_score": 0.5, "transit_access_score": 0.98805223114330576, "intersection_access_score": 0.5, "demand_score": 0.832028012437251, "coverage_score": 0.44746682252517844, "accessibility_score": 0.64641566934299177, "feasibility_score": 0.79926553676497936, "overall_score": 0.70023377865447378, "static_rank": 11, "non_coverage_score": 0.78448943069757204 }, "geometry": { "type": "Point", "coordinates": [ -79.346707, 43.775815 ] } },
{ "type": "Feature", "properties": { "id": "811", "address": "Wilson Main Lot - 50 Wilson Heights Blvd", "lat": 43.736244, "lng": -79.449177, "carpark_type": "surface", "carpark_type_str": "Surface", "is_ttc": true, "is_under_construction": false, "capacity": 885, "max_height": null, "bike_racks": "not available", "rate_half_hour": 0.0, "monthly_permit_status": "not_available", "candidate_id": "green_p_811", "distance_to_nearest_charger_m": 4069.0438469022133, "capacity_missing": false, "capacity_filled": 885, "existing_chargers_1000m": 0, "existing_chargers_2000m": 0, "baseline_coverage_score": 0.35291531228492101, "baseline_capacity_score": 0.85040036380977735, "baseline_score": 0.55190933289486355, "population_500m": 2312.265195558135, "households_500m": 980.75383684714552, "apartment_population_500m": 1566.5880093650442, "median_income_500m": 79958.168690730992, "apartment_share_500m": 0.67751225610905796, "population_1000m": 10058.742127149952, "households_1000m": 4068.0940914392204, "apartment_population_1000m": 6610.2251648467263, "median_income_1000m": 84750.538737389448, "apartment_share_1000m": 0.65716220589896668, "population_2000m": 43991.160875173788, "households_2000m": 16639.273099709229, "apartment_population_2000m": 24226.421890836576, "median_income_2000m": 89195.22825805399, "apartment_share_2000m": 0.55071112943756495, "distance_to_traffic_count_m": 17.786620615446456, "traffic_volume_weighted_1000m": 16156.807669199916, "traffic_counters_1000m": 21, "traffic_data_quality": "high", "distance_to_arterial_m": null, "road_length_500m": null, "intersections_500m": null, "distance_to_transit_stop_m": 155.99470585856457, "transit_stop_count_500m": 28, "distance_to_destination_m": 375.65300123020188, "destination_count_1000m": 8, "capacity_log": 6.7867169506050811, "capacity_score": 0.85040036380977735, "facility_type_score": 1.0, "ttc_facility_score": 1.0, "parking_feasibility_score": 0.90276023647635528, "underserved_population_raw": 10058.742127149952, "underserved_population_score": 0.86577716923805781, "apartment_score": 0.63403649576097587, "low_existing_supply_score": 1.0, "equity_score": 0.77308089984722506, "constraint_status": "eligible", "constraint_notes": "", "essential_data_missing": false, "population_score": 0.66176535002119874, "traffic_score": 0.90921296370584093, "coverage_distance_score": 0.35291531228492101, "arterial_access_score": 0.5, "transit_access_score": 0.79930681487196309, "intersection_access_score": 0.5, "demand_score": 0.74282624395877894, "coverage_score": 0.5470407185994447, "accessibility_score": 0.58979204446158895, "feasibility_score": 0.90276023647635528, "overall_score": 0.6902885871859884, "static_rank": 12, "non_coverage_score": 0.73803787671483634 }, "geometry": { "type": "Point", "coordinates": [ -79.449177, 43.736244 ] } },
{ "type": "Feature", "properties": { "id": "802", "address": "Islington Main Lot - 3330 Bloor Street West", "lat": 43.644181, "lng": -79.526188, "carpark_type": "surface", "carpark_type_str": "Surface", "is_ttc": true, "is_under_construction": false, "capacity": 534, "max_height": null, "bike_racks": "not available", "rate_half_hour": 0.0, "monthly_permit_status": "not_available", "candidate_id": "green_p_802", "distance_to_nearest_charger_m": 1835.6864604538348, "capacity_missing": false, "capacity_filled": 534, "existing_chargers_1000m": 0, "existing_chargers_2000m": 1, "baseline_coverage_score": 0.15399749192512821, "baseline_capacity_score": 0.75926810587034688, "baseline_score": 0.3961057375032157, "population_500m": 12693.589116267673, "households_500m": 6243.9107757375068, "apartment_population_500m": 11568.436437133716, "median_income_500m": 68249.053386674073, "apartment_share_500m": 0.911360556196671, "population_1000m": 21003.352006911158, "households_1000m": 9889.8816243958754, "apartment_population_1000m": 15765.173910015972, "median_income_1000m": 81426.928138285453, "apartment_share_1000m": 0.7506027563994756, "population_2000m": 44268.176307842281, "households_2000m": 18495.530658137141, "apartment_population_2000m": 19522.754417928838, "median_income_2000m": 108876.73557560002, "apartment_share_2000m": 0.44101103876895659, "distance_to_traffic_count_m": 44.696831371653992, "traffic_volume_weighted_1000m": 16918.90822828489, "traffic_counters_1000m": 35, "traffic_data_quality": "high", "distance_to_arterial_m": null, "road_length_500m": null, "intersections_500m": null, "distance_to_transit_stop_m": 77.811347065087119, "transit_stop_count_500m": 29, "distance_to_destination_m": 53.756993420806843, "destination_count_1000m": 14, "capacity_log": 6.2822667468960063, "capacity_score": 0.75926810587034688, "facility_type_score": 1.0, "ttc_facility_score": 1.0, "parking_feasibility_score": 0.84352426881572551, "underserved_population_raw": 21003.352006911158, "underserved_population_score": 0.93493454155544597, "apartment_score": 0.7397950455802722, "low_existing_supply_score": 0.95, "equity_score": 0.85687874316537638, "constraint_status": "eligible", "constraint_notes": "", "essential_data_missing": false, "population_score": 0.7807826085766455, "traffic_score": 0.92168258862047536, "coverage_distance_score": 0.15399749192512821, "arterial_access_score": 0.5, "transit_access_score": 0.90367050243380209, "intersection_access_score": 0.5, "demand_score": 0.82190008899271116, "coverage_score": 0.3927982443475897, "accessibility_score": 0.62110115073014061, "feasibility_score": 0.84352426881572551, "overall_score": 0.68120633256963536, "static_rank": 13, "non_coverage_score": 0.77734236197698381 }, "geometry": { "type": "Point", "coordinates": [ -79.526188, 43.644181 ] } },
{ "type": "Feature", "properties": { "id": "801", "address": "Kipling South Lot - 400 Munster Avenue", "lat": 43.636572, "lng": -79.534117, "carpark_type": "surface", "carpark_type_str": "Surface", "is_ttc": true, "is_under_construction": false, "capacity": 1200, "max_height": null, "bike_racks": "not available", "rate_half_hour": 0.0, "monthly_permit_status": "not_available", "candidate_id": "green_p_801", "distance_to_nearest_charger_m": 2767.1908063078695, "capacity_missing": false, "capacity_filled": 1200, "existing_chargers_1000m": 0, "existing_chargers_2000m": 0, "baseline_coverage_score": 0.23696353007794849, "baseline_capacity_score": 0.90535481327328582, "baseline_score": 0.50432004335608338, "population_500m": 1149.4839773318472, "households_500m": 553.39259851358497, "apartment_population_500m": 787.94432556198058, "median_income_500m": 89685.848647258812, "apartment_share_500m": 0.68547656261458889, "population_1000m": 9328.1816861930838, "households_1000m": 4427.5448189700155, "apartment_population_1000m": 6157.2291936242873, "median_income_1000m": 82621.949821057933, "apartment_share_1000m": 0.6600674601715556, "population_2000m": 40734.899684523887, "households_2000m": 17959.558384094402, "apartment_population_2000m": 22412.16025858451, "median_income_2000m": 91044.932050534029, "apartment_share_2000m": 0.5501955431867529, "distance_to_traffic_count_m": 160.58250587731598, "traffic_volume_weighted_1000m": 14882.011535559091, "traffic_counters_1000m": 29, "traffic_data_quality": "high", "distance_to_arterial_m": null, "road_length_500m": null, "intersections_500m": null, "distance_to_transit_stop_m": 138.35334895165283, "transit_stop_count_500m": 28, "distance_to_destination_m": 371.06774540778287, "destination_count_1000m": 5, "capacity_log": 7.0909098220799835, "capacity_score": 0.90535481327328582, "facility_type_score": 1.0, "ttc_facility_score": 1.0, "parking_feasibility_score": 0.93848062862763582, "underserved_population_raw": 9328.1816861930838, "underserved_population_score": 0.85869464983375476, "apartment_score": 0.63732474135755601, "low_existing_supply_score": 1.0, "equity_score": 0.77014668644327533, "constraint_status": "eligible", "constraint_notes": "", "essential_data_missing": false, "population_score": 0.64957659826676051, "traffic_score": 0.88697721978502397, "coverage_distance_score": 0.23696353007794849, "arterial_access_score": 0.5, "transit_access_score": 0.82285552253574057, "intersection_access_score": 0.5, "demand_score": 0.73021644441631184, "coverage_score": 0.46587447105456392, "accessibility_score": 0.59685665676072219, "feasibility_score": 0.93848062862763582, "overall_score": 0.67269164537915183, "static_rank": 14, "non_coverage_score": 0.74163070348734783 }, "geometry": { "type": "Point", "coordinates": [ -79.534117, 43.636572 ] } },
{ "type": "Feature", "properties": { "id": "831", "address": "22 Fieldway Rd", "lat": 43.642473, "lng": -79.52754, "carpark_type": "surface", "carpark_type_str": "Surface", "is_ttc": true, "is_under_construction": false, "capacity": 270, "max_height": 0.0, "bike_racks": "not available", "rate_half_hour": 0.0, "monthly_permit_status": "not_available", "candidate_id": "green_p_831", "distance_to_nearest_charger_m": 2001.7111810485198, "capacity_missing": false, "capacity_filled": 270, "existing_chargers_1000m": 0, "existing_chargers_2000m": 0, "baseline_coverage_score": 0.16878476947727009, "baseline_capacity_score": 0.63639489504608582, "baseline_score": 0.35582881970479641, "population_500m": 10406.073827614584, "households_500m": 5270.9930675971809, "apartment_population_500m": 9240.8544200442484, "median_income_500m": 67630.572294731726, "apartment_share_500m": 0.88802506815988613, "population_1000m": 20759.590267445557, "households_1000m": 9849.85069627134, "apartment_population_1000m": 15990.510248004039, "median_income_1000m": 79042.750314183024, "apartment_share_1000m": 0.77027099485098127, "population_2000m": 43489.81896574275, "households_2000m": 18287.768220505637, "apartment_population_2000m": 19534.24166177764, "median_income_2000m": 105219.07124557739, "apartment_share_2000m": 0.44916815306048768, "distance_to_traffic_count_m": 169.19297772353045, "traffic_volume_weighted_1000m": 16966.261244555692, "traffic_counters_1000m": 36, "traffic_data_quality": "high", "distance_to_arterial_m": null, "road_length_500m": null, "intersections_500m": null, "distance_to_transit_stop_m": 261.83496537734038, "transit_stop_count_500m": 26, "distance_to_destination_m": 180.65816706279921, "destination_count_1000m": 12, "capacity_log": 5.602118820879701, "capacity_score": 0.63639489504608582, "facility_type_score": 1.0, "ttc_facility_score": 1.0, "parking_feasibility_score": 0.76365668177995583, "underserved_population_raw": 20759.590267445557, "underserved_population_score": 0.93383796676265185, "apartment_score": 0.7620560914002027, "low_existing_supply_score": 1.0, "equity_score": 0.86512521661767217, "constraint_status": "eligible", "constraint_notes": "", "essential_data_missing": false, "population_score": 0.77889544425466406, "traffic_score": 0.9224387463493986, "coverage_distance_score": 0.16878476947727009, "arterial_access_score": 0.5, "transit_access_score": 0.65802509013742805, "intersection_access_score": 0.5, "demand_score": 0.82576772941692889, "coverage_score": 0.41814933863408904, "accessibility_score": 0.54740752704122841, "feasibility_score": 0.76365668177995583, "overall_score": 0.66281018282060722, "static_rank": 15, "non_coverage_score": 0.74436379754944659 }, "geometry": { "type": "Point", "coordinates": [ -79.52754, 43.642473 ] } },
{ "type": "Feature", "properties": { "id": "822", "address": "Warden North Lot - 705 Warden Ave", "lat": 43.715522, "lng": -79.28131, "carpark_type": "surface", "carpark_type_str": "Surface", "is_ttc": true, "is_under_construction": false, "capacity": 920, "max_height": 0.0, "bike_racks": "not available", "rate_half_hour": 0.0, "monthly_permit_status": "not_available", "candidate_id": "green_p_822", "distance_to_nearest_charger_m": 3719.9547388774331, "capacity_missing": false, "capacity_filled": 920, "existing_chargers_1000m": 0, "existing_chargers_2000m": 0, "baseline_coverage_score": 0.32182308992007086, "baseline_capacity_score": 0.85739955788063982, "baseline_score": 0.53605367710429841, "population_500m": 2186.4625542649674, "households_500m": 651.26921877428902, "apartment_population_500m": 555.03683547406808, "median_income_500m": 90334.90195098125, "apartment_share_500m": 0.25385151663878242, "population_1000m": 10906.817199553272, "households_1000m": 3664.0948325685827, "apartment_population_1000m": 4372.9948864203361, "median_income_1000m": 83081.353798758675, "apartment_share_1000m": 0.40094143015429357, "population_2000m": 55151.653790053781, "households_2000m": 20198.437416919922, "apartment_population_2000m": 28626.652241842246, "median_income_2000m": 74255.512840619398, "apartment_share_2000m": 0.51905337872216017, "distance_to_traffic_count_m": 115.86267047911832, "traffic_volume_weighted_1000m": 14566.331668980585, "traffic_counters_1000m": 28, "traffic_data_quality": "high", "distance_to_arterial_m": null, "road_length_500m": null, "intersections_500m": null, "distance_to_transit_stop_m": 117.78020489696995, "transit_stop_count_500m": 13, "distance_to_destination_m": 115.06679629294651, "destination_count_1000m": 6, "capacity_log": 6.8254600362553068, "capacity_score": 0.85739955788063982, "facility_type_score": 1.0, "ttc_facility_score": 1.0, "parking_feasibility_score": 0.90730971262241589, "underserved_population_raw": 10906.817199553272, "underserved_population_score": 0.87338048605831053, "apartment_score": 0.34403887126941035, "low_existing_supply_score": 1.0, "equity_score": 0.66164384014275046, "constraint_status": "eligible", "constraint_notes": "", "essential_data_missing": false, "population_score": 0.67485037470550824, "traffic_score": 0.88117661978959316, "coverage_distance_score": 0.32182308992007086, "arterial_access_score": 0.5, "transit_access_score": 0.85031774993836728, "intersection_access_score": 0.5, "demand_score": 0.68090225979771846, "coverage_score": 0.52527616294404955, "accessibility_score": 0.6050953249815102, "feasibility_score": 0.90730971262241589, "overall_score": 0.65886962457926745, "static_rank": 16, "non_coverage_score": 0.70340077845767324 }, "geometry": { "type": "Point", "coordinates": [ -79.28131, 43.715522 ] } },
{ "type": "Feature", "properties": { "id": "804", "address": "Islington Lomond Lot - 20 Lomond Drive", "lat": 43.646774, "lng": -79.522862, "carpark_type": "surface", "carpark_type_str": "Surface", "is_ttc": true, "is_under_construction": false, "capacity": 283, "max_height": null, "bike_racks": "not available", "rate_half_hour": 0.0, "monthly_permit_status": "not_available", "candidate_id": "green_p_804", "distance_to_nearest_charger_m": 1506.6841133156652, "capacity_missing": false, "capacity_filled": 283, "existing_chargers_1000m": 0, "existing_chargers_2000m": 1, "baseline_coverage_score": 0.12469433149810208, "baseline_capacity_score": 0.64485963535575652, "baseline_score": 0.33276045304116386, "population_500m": 9699.3106104036506, "households_500m": 4655.0960522337955, "apartment_population_500m": 8546.2240412250339, "median_income_500m": 74863.253579051452, "apartment_share_500m": 0.88111664679118573, "population_1000m": 21576.398361347325, "households_1000m": 9979.4277454554085, "apartment_population_1000m": 15187.674455984647, "median_income_1000m": 87661.400882543036, "apartment_share_1000m": 0.70390220840528928, "population_2000m": 45755.182760259384, "households_2000m": 19286.687507585972, "apartment_population_2000m": 20850.628344083219, "median_income_2000m": 110926.19752937219, "apartment_share_2000m": 0.45569981554511485, "distance_to_traffic_count_m": 210.37063433325349, "traffic_volume_weighted_1000m": 17064.846528290207, "traffic_counters_1000m": 35, "traffic_data_quality": "high", "distance_to_arterial_m": null, "road_length_500m": null, "intersections_500m": null, "distance_to_transit_stop_m": 137.40763529472036, "transit_stop_count_500m": 25, "distance_to_destination_m": 206.37009128205847, "destination_count_1000m": 15, "capacity_log": 5.6489742381612063, "capacity_score": 0.64485963535575652, "facility_type_score": 1.0, "ttc_facility_score": 1.0, "parking_feasibility_score": 0.76915876298124175, "underserved_population_raw": 21576.398361347325, "underserved_population_score": 0.9374630949933207, "apartment_score": 0.68693809851418342, "low_existing_supply_score": 0.95, "equity_score": 0.83725309640166579, "constraint_status": "eligible", "constraint_notes": "", "essential_data_missing": false, "population_score": 0.78513415474161075, "traffic_score": 0.92400626045002721, "coverage_distance_score": 0.12469433149810208, "arterial_access_score": 0.5, "transit_access_score": 0.82411791604425921, "intersection_access_score": 0.5, "demand_score": 0.81410018049407107, "coverage_score": 0.37228603204867144, "accessibility_score": 0.59723537481327782, "feasibility_score": 0.76915876298124175, "overall_score": 0.65584776121039756, "static_rank": 17, "non_coverage_score": 0.75036833759763966 }, "geometry": { "type": "Point", "coordinates": [ -79.522862, 43.646774 ] } },
{ "type": "Feature", "properties": { "id": "412", "address": "11 Finch Avenue West", "lat": 43.779321, "lng": -79.416572, "carpark_type": "surface", "carpark_type_str": "Surface", "is_ttc": false, "is_under_construction": false, "capacity": 62, "max_height": 0.0, "bike_racks": "available", "rate_half_hour": 2.0, "monthly_permit_status": "not_available", "candidate_id": "green_p_412", "distance_to_nearest_charger_m": 1858.7260420490688, "capacity_missing": false, "capacity_filled": 62, "existing_chargers_1000m": 0, "existing_chargers_2000m": 1, "baseline_coverage_score": 0.15604955192266121, "baseline_capacity_score": 0.37281979119876374, "baseline_score": 0.2427576476331022, "population_500m": 17031.840448533792, "households_500m": 8385.6231943134298, "apartment_population_500m": 15892.384290187352, "median_income_500m": 63437.930944107211, "apartment_share_500m": 0.93309847154864978, "population_1000m": 34021.756932158059, "households_1000m": 15535.359968367642, "apartment_population_1000m": 27579.052920578077, "median_income_1000m": 68501.864464154976, "apartment_share_1000m": 0.81062988532816749, "population_2000m": 80699.286662491708, "households_2000m": 34814.323304403377, "apartment_population_2000m": 53044.560319576558, "median_income_2000m": 73163.994191090358, "apartment_share_2000m": 0.6573113903896648, "distance_to_traffic_count_m": 94.244694117537378, "traffic_volume_weighted_1000m": 17606.346728855577, "traffic_counters_1000m": 46, "traffic_data_quality": "high", "distance_to_arterial_m": null, "road_length_500m": null, "intersections_500m": null, "distance_to_transit_stop_m": 13.697632475220219, "transit_stop_count_500m": 27, "distance_to_destination_m": 123.43310871388017, "destination_count_1000m": 24, "capacity_log": 4.1431347263915326, "capacity_score": 0.37281979119876374, "facility_type_score": 1.0, "ttc_facility_score": 0.0, "parking_feasibility_score": 0.49233286427919642, "underserved_population_raw": 34021.756932158059, "underserved_population_score": 0.98024170876897188, "apartment_score": 0.80773537845833898, "low_existing_supply_score": 0.95, "equity_score": 0.91123917664471876, "constraint_status": "eligible", "constraint_notes": "", "essential_data_missing": false, "population_score": 0.8587545536343566, "traffic_score": 0.93245787832744043, "coverage_distance_score": 0.15604955192266121, "arterial_access_score": 0.5, "transit_access_score": 0.98925321186382986, "intersection_access_score": 0.5, "demand_score": 0.8743468822417324, "coverage_score": 0.39423468634586278, "accessibility_score": 0.6467759635591489, "feasibility_score": 0.49233286427919642, "overall_score": 0.65519177627716652, "static_rank": 18, "non_coverage_score": 0.74217747292093428 }, "geometry": { "type": "Point", "coordinates": [ -79.416572, 43.779321 ] } },
{ "type": "Feature", "properties": { "id": "829", "address": "Transit Road Lot - 25 Transit Rd", "lat": 43.733843, "lng": -79.452436, "carpark_type": "surface", "carpark_type_str": "Surface", "is_ttc": true, "is_under_construction": false, "capacity": 72, "max_height": null, "bike_racks": "not available", "rate_half_hour": 0.0, "monthly_permit_status": "not_available", "candidate_id": "green_p_829", "distance_to_nearest_charger_m": 4239.8446309636329, "capacity_missing": false, "capacity_filled": 72, "existing_chargers_1000m": 0, "existing_chargers_2000m": 0, "baseline_coverage_score": 0.36812797815174442, "baseline_capacity_score": 0.3994349730489391, "baseline_score": 0.38065077611062226, "population_500m": 2146.4938999152228, "households_500m": 1063.6126191913215, "apartment_population_500m": 1874.6526915300549, "median_income_500m": 68301.067051962236, "apartment_share_500m": 0.87335570420400244, "population_1000m": 8336.2420443122282, "households_1000m": 3474.3108471521018, "apartment_population_1000m": 5309.4349786879784, "median_income_1000m": 78509.24562470011, "apartment_share_1000m": 0.63690988702884133, "population_2000m": 41378.111220782033, "households_2000m": 15832.272753561887, "apartment_population_2000m": 23053.700479341071, "median_income_2000m": 84177.152975621982, "apartment_share_2000m": 0.55714724039318686, "distance_to_traffic_count_m": 61.603678602634822, "traffic_volume_weighted_1000m": 19570.570334120363, "traffic_counters_1000m": 26, "traffic_data_quality": "high", "distance_to_arterial_m": null, "road_length_500m": null, "intersections_500m": null, "distance_to_transit_stop_m": 63.185666839676529, "transit_stop_count_500m": 22, "distance_to_destination_m": 389.23843933629394, "destination_count_1000m": 8, "capacity_log": 4.290459441148391, "capacity_score": 0.3994349730489391, "facility_type_score": 1.0, "ttc_facility_score": 1.0, "parking_feasibility_score": 0.60963273248181038, "underserved_population_raw": 8336.2420443122282, "underserved_population_score": 0.84813442193070354, "apartment_score": 0.61111437187889572, "low_existing_supply_score": 1.0, "equity_score": 0.75332640190998046, "constraint_status": "eligible", "constraint_notes": "", "essential_data_missing": false, "population_score": 0.63140283988603796, "traffic_score": 0.96107319160281823, "coverage_distance_score": 0.36812797815174442, "arterial_access_score": 0.5, "transit_access_score": 0.9231937097374957, "intersection_access_score": 0.5, "demand_score": 0.74272976938548263, "coverage_score": 0.5576895847062211, "accessibility_score": 0.6269581129212487, "feasibility_score": 0.60963273248181038, "overall_score": 0.65441049963971942, "static_rank": 19, "non_coverage_score": 0.68665080461755212 }, "geometry": { "type": "Point", "coordinates": [ -79.452436, 43.733843 ] } },
{ "type": "Feature", "properties": { "id": "302", "address": "545 Lake Shore Boulevard West", "lat": 43.6364562, "lng": -79.3986913, "carpark_type": "surface", "carpark_type_str": "Surface", "is_ttc": false, "is_under_construction": false, "capacity": 110, "max_height": null, "bike_racks": "not available", "rate_half_hour": 3.0, "monthly_permit_status": "not_available", "candidate_id": "green_p_302", "distance_to_nearest_charger_m": 1186.3762544952492, "capacity_missing": false, "capacity_filled": 110, "existing_chargers_1000m": 0, "existing_chargers_2000m": 5, "baseline_coverage_score": 0.096165560640701253, "baseline_capacity_score": 0.47514287113149989, "baseline_score": 0.24775648483702073, "population_500m": 13127.868849976461, "households_500m": 7707.4917492493732, "apartment_population_500m": 12980.684151499365, "median_income_500m": 71373.090702168964, "apartment_share_500m": 0.98878837836063849, "population_1000m": 41985.951362071777, "households_1000m": 25233.782270315474, "apartment_population_1000m": 41167.263062375729, "median_income_1000m": 76808.516234103867, "apartment_share_1000m": 0.98050089915467264, "population_2000m": 117144.97156981644, "households_2000m": 69236.672664819518, "apartment_population_2000m": 109709.60589729907, "median_income_2000m": 76196.670604628569, "apartment_share_2000m": 0.93652851186970487, "distance_to_traffic_count_m": 75.724520751594582, "traffic_volume_weighted_1000m": 12963.338427959266, "traffic_counters_1000m": 58, "traffic_data_quality": "high", "distance_to_arterial_m": null, "road_length_500m": null, "intersections_500m": null, "distance_to_transit_stop_m": 50.965765081864923, "transit_stop_count_500m": 13, "distance_to_destination_m": 220.23357851228192, "destination_count_1000m": 26, "capacity_log": 4.7095302013123339, "capacity_score": 0.47514287113149989, "facility_type_score": 1.0, "ttc_facility_score": 0.0, "parking_feasibility_score": 0.55884286623547497, "underserved_population_raw": 41985.951362071777, "underserved_population_score": 1.0, "apartment_score": 1.0, "low_existing_supply_score": 0.75, "equity_score": 1.0, "constraint_status": "eligible", "constraint_notes": "", "essential_data_missing": false, "population_score": 0.89275783596360492, "traffic_score": 0.84963453697754443, "coverage_distance_score": 0.096165560640701253, "arterial_access_score": 0.5, "transit_access_score": 0.93950554423487742, "intersection_access_score": 0.5, "demand_score": 0.89911311412576267, "coverage_score": 0.29231589244849088, "accessibility_score": 0.63185166327046327, "feasibility_score": 0.55884286623547497, "overall_score": 0.65300966993926546, "static_rank": 20, "non_coverage_score": 0.7732409291028568 }, "geometry": { "type": "Point", "coordinates": [ -79.3986913, 43.6364562 ] } },
{ "type": "Feature", "properties": { "id": "827", "address": "Downsview Lot - 415 William R Allen Rd", "lat": 43.747011, "lng": -79.459006, "carpark_type": "surface", "carpark_type_str": "Surface", "is_ttc": true, "is_under_construction": false, "capacity": 632, "max_height": null, "bike_racks": "not available", "rate_half_hour": 0.0, "monthly_permit_status": "not_available", "candidate_id": "green_p_827", "distance_to_nearest_charger_m": 4113.2453804653378, "capacity_missing": false, "capacity_filled": 632, "existing_chargers_1000m": 0, "existing_chargers_2000m": 0, "baseline_coverage_score": 0.35685219796487894, "baseline_capacity_score": 0.78965520970412162, "baseline_score": 0.52997340266057602, "population_500m": 982.93759219560775, "households_500m": 388.72580895885557, "apartment_population_500m": 524.34713477243088, "median_income_500m": 94371.799652652262, "apartment_share_500m": 0.53344906018009342, "population_1000m": 6084.3457353194372, "households_1000m": 2307.1074762420603, "apartment_population_1000m": 3112.3634837830277, "median_income_1000m": 98106.034867971481, "apartment_share_1000m": 0.51153626358144888, "population_2000m": 31581.793590701782, "households_2000m": 12053.247553891239, "apartment_population_2000m": 16785.36092116834, "median_income_2000m": 88096.091846810683, "apartment_share_2000m": 0.53148852591165807, "distance_to_traffic_count_m": 114.69687688763615, "traffic_volume_weighted_1000m": 20007.096605655977, "traffic_counters_1000m": 24, "traffic_data_quality": "high", "distance_to_arterial_m": null, "road_length_500m": null, "intersections_500m": null, "distance_to_transit_stop_m": 300.88261902690357, "transit_stop_count_500m": 18, "distance_to_destination_m": 222.39831708850522, "destination_count_1000m": 5, "capacity_log": 6.4504704221441758, "capacity_score": 0.78965520970412162, "facility_type_score": 1.0, "ttc_facility_score": 1.0, "parking_feasibility_score": 0.86327588630767904, "underserved_population_raw": 6084.3457353194372, "underserved_population_score": 0.81855757342117985, "apartment_score": 0.46921310384950277, "low_existing_supply_score": 1.0, "equity_score": 0.678819785592509, "constraint_status": "eligible", "constraint_notes": "", "essential_data_missing": false, "population_score": 0.58050218666055098, "traffic_score": 0.96704155998005092, "coverage_distance_score": 0.35685219796487894, "arterial_access_score": 0.5, "transit_access_score": 0.60590201448049053, "intersection_access_score": 0.5, "demand_score": 0.69353315076016631, "coverage_score": 0.54979653857541522, "accessibility_score": 0.53177060434414714, "feasibility_score": 0.86327588630767904, "overall_score": 0.64923656224613591, "static_rank": 21, "non_coverage_score": 0.68238323680304269 }, "geometry": { "type": "Point", "coordinates": [ -79.459006, 43.747011 ] } },
{ "type": "Feature", "properties": { "id": "709", "address": "1940 Lawrence Avenue East", "lat": 43.744476, "lng": -79.299188, "carpark_type": "surface", "carpark_type_str": "Surface", "is_ttc": false, "is_under_construction": false, "capacity": 25, "max_height": 2.06, "bike_racks": "available", "rate_half_hour": 1.0, "monthly_permit_status": "waiting_list", "candidate_id": "green_p_709", "distance_to_nearest_charger_m": 6555.3041453920723, "capacity_missing": false, "capacity_filled": 25, "existing_chargers_1000m": 0, "existing_chargers_2000m": 0, "baseline_coverage_score": 0.5743583658793, "baseline_capacity_score": 0.21293180250186328, "baseline_score": 0.4297877405283253, "population_500m": 3109.8342130618757, "households_500m": 1058.8168657372216, "apartment_population_500m": 1086.468805878992, "median_income_500m": 76359.9437808691, "apartment_share_500m": 0.34936550678991929, "population_1000m": 12237.348313744078, "households_1000m": 4285.0184302941589, "apartment_population_1000m": 5637.7153145671291, "median_income_1000m": 76169.407298614795, "apartment_share_1000m": 0.46069746239348824, "population_2000m": 44683.592679791291, "households_2000m": 16174.224360530365, "apartment_population_2000m": 20408.630274546565, "median_income_2000m": 77218.602641271558, "apartment_share_2000m": 0.45673655699078608, "distance_to_traffic_count_m": 68.49981921830927, "traffic_volume_weighted_1000m": 22451.593451998964, "traffic_counters_1000m": 32, "traffic_data_quality": "high", "distance_to_arterial_m": null, "road_length_500m": null, "intersections_500m": null, "distance_to_transit_stop_m": 100.22482929750191, "transit_stop_count_500m": 14, "distance_to_destination_m": 628.83074283811243, "destination_count_1000m": 3, "capacity_log": 3.2580965380214821, "capacity_score": 0.21293180250186328, "facility_type_score": 1.0, "ttc_facility_score": 0.0, "parking_feasibility_score": 0.38840567162621115, "underserved_population_raw": 12237.348313744078, "underserved_population_score": 0.88419245275257008, "apartment_score": 0.41167236956026132, "low_existing_supply_score": 1.0, "equity_score": 0.69518441947564658, "constraint_status": "eligible", "constraint_notes": "", "essential_data_missing": false, "population_score": 0.69345736615738007, "traffic_score": 0.99822921288564315, "coverage_distance_score": 0.5743583658793, "arterial_access_score": 0.5, "transit_access_score": 0.87375168475988407, "intersection_access_score": 0.5, "demand_score": 0.74377051319284837, "coverage_score": 0.70205085611550999, "accessibility_score": 0.61212550542796518, "feasibility_score": 0.38840567162621115, "overall_score": 0.64884826176382127, "static_rank": 22, "non_coverage_score": 0.63111406364659184 }, "geometry": { "type": "Point", "coordinates": [ -79.299188, 43.744476 ] } },
{ "type": "Feature", "properties": { "id": "289", "address": "373 Front Street East", "lat": 43.652190232578612, "lng": -79.359420733204615, "carpark_type": "surface", "carpark_type_str": "Surface", "is_ttc": false, "is_under_construction": false, "capacity": 450, "max_height": null, "bike_racks": "available", "rate_half_hour": 2.0, "monthly_permit_status": "not_available", "candidate_id": "green_p_289", "distance_to_nearest_charger_m": 1038.382252337442, "capacity_missing": false, "capacity_filled": 450, "existing_chargers_1000m": 0, "existing_chargers_2000m": 6, "baseline_coverage_score": 0.082984220066110712, "baseline_capacity_score": 0.72841206589648388, "baseline_score": 0.34115535839826, "population_500m": 6938.1115075453999, "households_500m": 4262.3968675215619, "apartment_population_500m": 6550.6067467137236, "median_income_500m": 72167.519921352374, "apartment_share_500m": 0.94414838095204245, "population_1000m": 35311.377961031612, "households_1000m": 20109.67452332902, "apartment_population_1000m": 32017.153953693465, "median_income_1000m": 68065.026661886935, "apartment_share_1000m": 0.9067092762289386, "population_2000m": 109746.48350895505, "households_2000m": 61647.674905661304, "apartment_population_2000m": 95270.606791377431, "median_income_2000m": 69280.340003506586, "apartment_share_2000m": 0.86809712480312484, "distance_to_traffic_count_m": 74.423347710611878, "traffic_volume_weighted_1000m": 8262.1822859769254, "traffic_counters_1000m": 106, "traffic_data_quality": "high", "distance_to_arterial_m": null, "road_length_500m": null, "intersections_500m": null, "distance_to_transit_stop_m": 68.932034446059774, "transit_stop_count_500m": 32, "distance_to_destination_m": 235.36766667878069, "destination_count_1000m": 30, "capacity_log": 6.1114673395026786, "capacity_score": 0.72841206589648388, "facility_type_score": 1.0, "ttc_facility_score": 0.0, "parking_feasibility_score": 0.72346784283271459, "underserved_population_raw": 35311.377961031612, "underserved_population_score": 0.98373663893987484, "apartment_score": 0.91648063942650393, "low_existing_supply_score": 0.7, "equity_score": 0.95683423913452648, "constraint_status": "eligible", "constraint_notes": "", "essential_data_missing": false, "population_score": 0.8647691981161425, "traffic_score": 0.72777457949582569, "coverage_distance_score": 0.082984220066110712, "arterial_access_score": 0.5, "transit_access_score": 0.91552312455488416, "intersection_access_score": 0.5, "demand_score": 0.82716336986110395, "coverage_score": 0.26808895404627747, "accessibility_score": 0.62465693736646521, "feasibility_score": 0.72346784283271459, "overall_score": 0.64430623728155345, "static_rank": 23, "non_coverage_score": 0.76971199835997872 }, "geometry": { "type": "Point", "coordinates": [ -79.359420733204615, 43.652190232578604 ] } },
{ "type": "Feature", "properties": { "id": "419", "address": "5667 Yonge Street", "lat": 43.781482, "lng": -79.415703, "carpark_type": "surface", "carpark_type_str": "Surface", "is_ttc": false, "is_under_construction": false, "capacity": 23, "max_height": 2.15, "bike_racks": "available", "rate_half_hour": 2.0, "monthly_permit_status": "not_available", "candidate_id": "green_p_419", "distance_to_nearest_charger_m": 2086.9679067307125, "capacity_missing": false, "capacity_filled": 23, "existing_chargers_1000m": 0, "existing_chargers_2000m": 0, "baseline_coverage_score": 0.17637830652002878, "baseline_capacity_score": 0.19847155919491041, "baseline_score": 0.18521560758998146, "population_500m": 14027.960065044996, "households_500m": 6766.9546968340346, "apartment_population_500m": 13091.963374906218, "median_income_500m": 65051.456157836707, "apartment_share_500m": 0.9332763505314573, "population_1000m": 31686.824464814541, "households_1000m": 14320.973117759999, "apartment_population_1000m": 25582.762134633198, "median_income_1000m": 67561.971472638223, "apartment_share_1000m": 0.8073627624958325, "population_2000m": 78201.87023683422, "households_2000m": 33316.707173309274, "apartment_population_2000m": 50033.485628371905, "median_income_2000m": 73373.0284573682, "apartment_share_2000m": 0.63979909274350588, "distance_to_traffic_count_m": 29.614420497967433, "traffic_volume_weighted_1000m": 18990.588388537089, "traffic_counters_1000m": 45, "traffic_data_quality": "high", "distance_to_arterial_m": null, "road_length_500m": null, "intersections_500m": null, "distance_to_transit_stop_m": 41.451258263416101, "transit_stop_count_500m": 31, "distance_to_destination_m": 173.27691500156052, "destination_count_1000m": 20, "capacity_log": 3.1780538303479458, "capacity_score": 0.19847155919491041, "facility_type_score": 1.0, "ttc_facility_score": 0.0, "parking_feasibility_score": 0.37900651347669179, "underserved_population_raw": 31686.824464814541, "underserved_population_score": 0.97356286058393415, "apartment_score": 0.80403756020942596, "low_existing_supply_score": 1.0, "equity_score": 0.9057527404341309, "constraint_status": "eligible", "constraint_notes": "", "essential_data_missing": false, "population_score": 0.84726050499348105, "traffic_score": 0.95293412911622932, "coverage_distance_score": 0.17637830652002878, "arterial_access_score": 0.5, "transit_access_score": 0.95220606046018474, "intersection_access_score": 0.5, "demand_score": 0.87560168447963194, "coverage_score": 0.42346481456402013, "accessibility_score": 0.63566181813805545, "feasibility_score": 0.37900651347669179, "overall_score": 0.64310532367742268, "static_rank": 24, "non_coverage_score": 0.71631882671522329 }, "geometry": { "type": "Point", "coordinates": [ -79.415703, 43.781482 ] } },
{ "type": "Feature", "properties": { "id": "823", "address": "Warden South Lot - 701 Warden Ave", "lat": 43.710032, "lng": -79.27979, "carpark_type": "surface", "carpark_type_str": "Surface", "is_ttc": true, "is_under_construction": false, "capacity": 151, "max_height": null, "bike_racks": "not available", "rate_half_hour": 0.0, "monthly_permit_status": "not_available", "candidate_id": "green_p_823", "distance_to_nearest_charger_m": 3214.7768491636652, "capacity_missing": false, "capacity_filled": 151, "existing_chargers_1000m": 0, "existing_chargers_2000m": 0, "baseline_coverage_score": 0.27682855150648267, "baseline_capacity_score": 0.53193233061129253, "baseline_score": 0.3788700631484066, "population_500m": 3693.074594149839, "households_500m": 1240.6038823427864, "apartment_population_500m": 1574.4074174724938, "median_income_500m": 82344.649032026253, "apartment_share_500m": 0.42631346249179375, "population_1000m": 15337.313298145073, "households_1000m": 5320.4458367868592, "apartment_population_1000m": 7104.6948145913384, "median_income_1000m": 78925.53905791085, "apartment_share_1000m": 0.46322942463792505, "population_2000m": 64042.529808439984, "households_2000m": 23138.524768685398, "apartment_population_2000m": 34627.325964194453, "median_income_2000m": 73813.782869117887, "apartment_share_2000m": 0.54069266263793059, "distance_to_traffic_count_m": 244.12422418668888, "traffic_volume_weighted_1000m": 14157.811299445571, "traffic_counters_1000m": 29, "traffic_data_quality": "high", "distance_to_arterial_m": null, "road_length_500m": null, "intersections_500m": null, "distance_to_transit_stop_m": 26.620598472660507, "transit_stop_count_500m": 18, "distance_to_destination_m": 419.6432795213625, "destination_count_1000m": 14, "capacity_log": 5.0238805208462765, "capacity_score": 0.53193233061129253, "facility_type_score": 1.0, "ttc_facility_score": 1.0, "parking_feasibility_score": 0.69575601489734018, "underserved_population_raw": 15337.313298145073, "underserved_population_score": 0.90540213689207061, "apartment_score": 0.41453811311308192, "low_existing_supply_score": 1.0, "equity_score": 0.7090565273804752, "constraint_status": "eligible", "constraint_notes": "", "essential_data_missing": false, "population_score": 0.72995844155286038, "traffic_score": 0.87348061306567837, "coverage_distance_score": 0.27682855150648267, "arterial_access_score": 0.5, "transit_access_score": 0.97200288639122245, "intersection_access_score": 0.5, "demand_score": 0.71710713589439101, "coverage_score": 0.49377998605453788, "accessibility_score": 0.64160086591736676, "feasibility_score": 0.69575601489734018, "overall_score": 0.64216636543807371, "static_rank": 25, "non_coverage_score": 0.69162849189925213 }, "geometry": { "type": "Point", "coordinates": [ -79.27979, 43.710032 ] } },
{ "type": "Feature", "properties": { "id": "824", "address": "Victoria Main Lot - 777 Victoria Park Avenue", "lat": 43.693563, "lng": -79.289052, "carpark_type": "surface", "carpark_type_str": "Surface", "is_ttc": true, "is_under_construction": false, "capacity": 173, "max_height": null, "bike_racks": "not available", "rate_half_hour": 0.0, "monthly_permit_status": "not_available", "candidate_id": "green_p_824", "distance_to_nearest_charger_m": 1260.2575526170999, "capacity_missing": false, "capacity_filled": 173, "existing_chargers_1000m": 0, "existing_chargers_2000m": 4, "baseline_coverage_score": 0.10274592564494339, "baseline_capacity_score": 0.55635254628091568, "baseline_score": 0.28418857389933233, "population_500m": 13529.215514724281, "households_500m": 5129.5571966001371, "apartment_population_500m": 12085.308873684669, "median_income_500m": 61192.322673228344, "apartment_share_500m": 0.8932749175687118, "population_1000m": 29319.512661494373, "households_1000m": 11397.859286433839, "apartment_population_1000m": 21452.772503195618, "median_income_1000m": 67869.028820415682, "apartment_share_1000m": 0.73168925932966722, "population_2000m": 87500.128119052039, "households_2000m": 35109.765708042301, "apartment_population_2000m": 49066.162419861088, "median_income_2000m": 77743.737067904163, "apartment_share_2000m": 0.56075532087338231, "distance_to_traffic_count_m": 28.628968565818234, "traffic_volume_weighted_1000m": 11140.665779118193, "traffic_counters_1000m": 61, "traffic_data_quality": "high", "distance_to_arterial_m": null, "road_length_500m": null, "intersections_500m": null, "distance_to_transit_stop_m": 66.601810776722814, "transit_stop_count_500m": 31, "distance_to_destination_m": 310.47606765957306, "destination_count_1000m": 17, "capacity_log": 5.1590552992145291, "capacity_score": 0.55635254628091568, "facility_type_score": 1.0, "ttc_facility_score": 1.0, "parking_feasibility_score": 0.71162915508259517, "underserved_population_raw": 29319.512661494373, "underserved_population_score": 0.96626888912520548, "apartment_score": 0.71838823653002426, "low_existing_supply_score": 0.8, "equity_score": 0.86711662808713297, "constraint_status": "eligible", "constraint_notes": "", "essential_data_missing": false, "population_score": 0.83470785213941512, "traffic_score": 0.80864123668766785, "coverage_distance_score": 0.10274592564494339, "arterial_access_score": 0.5, "transit_access_score": 0.91863364242887668, "intersection_access_score": 0.5, "demand_score": 0.80232061360942541, "coverage_score": 0.31192214795146034, "accessibility_score": 0.62559009272866295, "feasibility_score": 0.71162915508259517, "overall_score": 0.63725077568752786, "static_rank": 26, "non_coverage_score": 0.74569365159955037 }, "geometry": { "type": "Point", "coordinates": [ -79.289052, 43.693563 ] } },
{ "type": "Feature", "properties": { "id": "520", "address": "20 Royalavon Crescent", "lat": 43.645253, "lng": -79.532733, "carpark_type": "surface", "carpark_type_str": "Surface", "is_ttc": false, "is_under_construction": false, "capacity": 62, "max_height": 0.0, "bike_racks": "available", "rate_half_hour": 1.0, "monthly_permit_status": "not_available", "candidate_id": "green_p_520", "distance_to_nearest_charger_m": 2320.2659541458775, "capacity_missing": false, "capacity_filled": 62, "existing_chargers_1000m": 0, "existing_chargers_2000m": 0, "baseline_coverage_score": 0.19715739873680097, "baseline_capacity_score": 0.37281979119876374, "baseline_score": 0.26742235572158607, "population_500m": 9587.0566922379494, "households_500m": 4622.5289780312251, "apartment_population_500m": 8228.7580591238748, "median_income_500m": 69979.571464795954, "apartment_share_500m": 0.85831953677568162, "population_1000m": 20060.127727067462, "households_1000m": 9467.7692338376328, "apartment_population_1000m": 15264.752503972617, "median_income_1000m": 78735.208301555831, "apartment_share_1000m": 0.76094991575630067, "population_2000m": 43074.06534558953, "households_2000m": 17986.636690011586, "apartment_population_2000m": 18856.943982200435, "median_income_2000m": 105391.81362565341, "apartment_share_2000m": 0.43777952767885764, "distance_to_traffic_count_m": 61.625310229970289, "traffic_volume_weighted_1000m": 14685.503939589806, "traffic_counters_1000m": 42, "traffic_data_quality": "high", "distance_to_arterial_m": null, "road_length_500m": null, "intersections_500m": null, "distance_to_transit_stop_m": 69.387365328196154, "transit_stop_count_500m": 20, "distance_to_destination_m": 136.53168314566534, "destination_count_1000m": 8, "capacity_log": 4.1431347263915326, "capacity_score": 0.37281979119876374, "facility_type_score": 1.0, "ttc_facility_score": 0.0, "parking_feasibility_score": 0.49233286427919642, "underserved_population_raw": 20060.127727067462, "underserved_population_score": 0.93061841536820633, "apartment_score": 0.75150624122783016, "low_existing_supply_score": 1.0, "equity_score": 0.85897354571205575, "constraint_status": "eligible", "constraint_notes": "", "essential_data_missing": false, "population_score": 0.77335471637699515, "traffic_score": 0.88338104089205338, "coverage_distance_score": 0.19715739873680097, "arterial_access_score": 0.5, "transit_access_score": 0.91491532245154827, "intersection_access_score": 0.5, "demand_score": 0.80749423492743244, "coverage_score": 0.43801017911576068, "accessibility_score": 0.62447459673546446, "feasibility_score": 0.49233286427919642, "overall_score": 0.63639301881734789, "static_rank": 27, "non_coverage_score": 0.70252063205121018 }, "geometry": { "type": "Point", "coordinates": [ -79.532733, 43.645253 ] } },
{ "type": "Feature", "properties": { "id": "206", "address": "2001 Lake Shore Blvd. West (Parks)", "lat": 43.634103, "lng": -79.469036, "carpark_type": "surface", "carpark_type_str": "Surface", "is_ttc": false, "is_under_construction": false, "capacity": 185, "max_height": null, "bike_racks": "available", "rate_half_hour": 1.0, "monthly_permit_status": "not_available", "candidate_id": "green_p_206", "distance_to_nearest_charger_m": 2098.0923619795381, "capacity_missing": false, "capacity_filled": 185, "existing_chargers_1000m": 0, "existing_chargers_2000m": 0, "baseline_coverage_score": 0.17736912527757007, "baseline_capacity_score": 0.56840078315040321, "baseline_score": 0.33378178842670331, "population_500m": 1954.7550183118356, "households_500m": 997.41099658937571, "apartment_population_500m": 1836.5318956080396, "median_income_500m": 74696.025939676692, "apartment_share_500m": 0.9395202357347594, "population_1000m": 10338.200114250849, "households_1000m": 5663.882013528153, "apartment_population_1000m": 9467.9173273033794, "median_income_1000m": 74144.283877593713, "apartment_share_1000m": 0.91581873272623004, "population_2000m": 44939.437888209279, "households_2000m": 23331.374631695464, "apartment_population_2000m": 35403.305557932988, "median_income_2000m": 79908.289041225376, "apartment_share_2000m": 0.78780036470419945, "distance_to_traffic_count_m": 140.28920570636072, "traffic_volume_weighted_1000m": 18370.23512296216, "traffic_counters_1000m": 23, "traffic_data_quality": "high", "distance_to_arterial_m": null, "road_length_500m": null, "intersections_500m": null, "distance_to_transit_stop_m": 335.74132372599883, "transit_stop_count_500m": 15, "distance_to_destination_m": 254.42277297816136, "destination_count_1000m": 11, "capacity_log": 5.2257466737132017, "capacity_score": 0.56840078315040321, "facility_type_score": 1.0, "ttc_facility_score": 0.0, "parking_feasibility_score": 0.61946050904776206, "underserved_population_raw": 10338.200114250849, "underserved_population_score": 0.8683512117902682, "apartment_score": 0.92679096940246297, "low_existing_supply_score": 1.0, "equity_score": 0.891727114835146, "constraint_status": "eligible", "constraint_notes": "", "essential_data_missing": false, "population_score": 0.66619518125543331, "traffic_score": 0.9439486951484426, "coverage_distance_score": 0.17736912527757007, "arterial_access_score": 0.5, "transit_access_score": 0.55937059114222532, "intersection_access_score": 0.5, "demand_score": 0.81552806874739237, "coverage_score": 0.42415838769429903, "accessibility_score": 0.51781117734266757, "feasibility_score": 0.61946050904776206, "overall_score": 0.63635204085700492, "static_rank": 28, "non_coverage_score": 0.70708325857790688 }, "geometry": { "type": "Point", "coordinates": [ -79.469036, 43.634103 ] } },
{ "type": "Feature", "properties": { "id": "833", "address": "3950 Keele Street", "lat": 43.7655225, "lng": -79.491758, "carpark_type": "surface", "carpark_type_str": "Surface", "is_ttc": false, "is_under_construction": false, "capacity": 335, "max_height": null, "bike_racks": "not available", "rate_half_hour": 1.5, "monthly_permit_status": "not_available", "candidate_id": "green_p_833", "distance_to_nearest_charger_m": 1585.0542742449879, "capacity_missing": false, "capacity_filled": 335, "existing_chargers_1000m": 0, "existing_chargers_2000m": 1, "baseline_coverage_score": 0.13167450479589121, "baseline_capacity_score": 0.67523467973900431, "baseline_score": 0.34909857477313644, "population_500m": 2646.5085797672687, "households_500m": 940.325352996432, "apartment_population_500m": 1915.5083271183862, "median_income_500m": 74430.718190040308, "apartment_share_500m": 0.72378693262609184, "population_1000m": 9370.8342844948329, "households_1000m": 3376.1266796902769, "apartment_population_1000m": 6789.508804746305, "median_income_1000m": 69991.614154535346, "apartment_share_1000m": 0.72453621509243415, "population_2000m": 32016.319815698429, "households_2000m": 11578.141370083167, "apartment_population_2000m": 19448.964330886738, "median_income_2000m": 67176.843443980048, "apartment_share_2000m": 0.60747032897111453, "distance_to_traffic_count_m": 22.867545476742883, "traffic_volume_weighted_1000m": 14134.261083020221, "traffic_counters_1000m": 30, "traffic_data_quality": "high", "distance_to_arterial_m": null, "road_length_500m": null, "intersections_500m": null, "distance_to_transit_stop_m": 25.790384544890408, "transit_stop_count_500m": 22, "distance_to_destination_m": 457.51769776548474, "destination_count_1000m": 3, "capacity_log": 5.8171111599632042, "capacity_score": 0.67523467973900431, "facility_type_score": 1.0, "ttc_facility_score": 0.0, "parking_feasibility_score": 0.68890254183035282, "underserved_population_raw": 9370.8342844948329, "underserved_population_score": 0.85912315959228314, "apartment_score": 0.71029222702161576, "low_existing_supply_score": 0.95, "equity_score": 0.79959078656401616, "constraint_status": "eligible", "constraint_notes": "", "essential_data_missing": false, "population_score": 0.65031404758004907, "traffic_score": 0.87303021211087972, "coverage_distance_score": 0.13167450479589121, "arterial_access_score": 0.5, "transit_access_score": 0.97311110415398394, "intersection_access_score": 0.5, "demand_score": 0.74026034105415328, "coverage_score": 0.37717215335712384, "accessibility_score": 0.64193333124619523, "feasibility_score": 0.68890254183035282, "overall_score": 0.62805226683572057, "static_rank": 29, "non_coverage_score": 0.71167897132858604 }, "geometry": { "type": "Point", "coordinates": [ -79.491758, 43.7655225 ] } },
{ "type": "Feature", "properties": { "id": "668", "address": "2700 Eglinton Avenue West", "lat": 43.690203, "lng": -79.477919, "carpark_type": "surface", "carpark_type_str": "Surface", "is_ttc": false, "is_under_construction": false, "capacity": 109, "max_height": 0.0, "bike_racks": "available", "rate_half_hour": 2.0, "monthly_permit_status": "not_available", "candidate_id": "green_p_668", "distance_to_nearest_charger_m": 3022.437315110541, "capacity_missing": false, "capacity_filled": 109, "existing_chargers_1000m": 0, "existing_chargers_2000m": 0, "baseline_coverage_score": 0.25969749979258361, "baseline_capacity_score": 0.47350795862904371, "baseline_score": 0.34522168332716763, "population_500m": 3099.0875025081918, "households_500m": 1264.5901478381015, "apartment_population_500m": 1951.541518247566, "median_income_500m": 60748.055983421546, "apartment_share_500m": 0.6297148811281128, "population_1000m": 15237.912356668157, "households_1000m": 6027.0015419942938, "apartment_population_1000m": 8825.6094912501558, "median_income_1000m": 64154.030654638067, "apartment_share_1000m": 0.57918757403720345, "population_2000m": 63387.032442602882, "households_2000m": 23963.126494135267, "apartment_population_2000m": 34003.53763597869, "median_income_2000m": 70402.566106664817, "apartment_share_2000m": 0.53644312291743546, "distance_to_traffic_count_m": 85.053405223041665, "traffic_volume_weighted_1000m": 13433.560516141069, "traffic_counters_1000m": 54, "traffic_data_quality": "high", "distance_to_arterial_m": null, "road_length_500m": null, "intersections_500m": null, "distance_to_transit_stop_m": 85.024762551404677, "transit_stop_count_500m": 19, "distance_to_destination_m": 49.124934199764247, "destination_count_1000m": 16, "capacity_log": 4.7004803657924166, "capacity_score": 0.47350795862904371, "facility_type_score": 1.0, "ttc_facility_score": 0.0, "parking_feasibility_score": 0.5577801731088784, "underserved_population_raw": 15237.912356668157, "underserved_population_score": 0.90479137262369458, "apartment_score": 0.5457826922011535, "low_existing_supply_score": 1.0, "equity_score": 0.7611879004546781, "constraint_status": "eligible", "constraint_notes": "", "essential_data_missing": false, "population_score": 0.72890733902524951, "traffic_score": 0.85927422344200199, "coverage_distance_score": 0.25969749979258361, "arterial_access_score": 0.5, "transit_access_score": 0.89404161654701952, "intersection_access_score": 0.5, "demand_score": 0.73791081920629353, "coverage_score": 0.4817882498548085, "accessibility_score": 0.61821248496410586, "feasibility_score": 0.5577801731088784, "overall_score": 0.62524862123021097, "static_rank": 30, "non_coverage_score": 0.67306874502201175 }, "geometry": { "type": "Point", "coordinates": [ -79.477919, 43.690203 ] } },
{ "type": "Feature", "properties": { "id": "271", "address": "800 Fleet Street", "lat": 43.636821, "lng": -79.409705, "carpark_type": "surface", "carpark_type_str": "Surface", "is_ttc": false, "is_under_construction": false, "capacity": 94, "max_height": 0.0, "bike_racks": "available", "rate_half_hour": 1.0, "monthly_permit_status": "not_available", "candidate_id": "green_p_271", "distance_to_nearest_charger_m": 1166.7483243248207, "capacity_missing": false, "capacity_filled": 94, "existing_chargers_1000m": 0, "existing_chargers_2000m": 8, "baseline_coverage_score": 0.094417365250493338, "baseline_capacity_score": 0.44702307364607369, "baseline_score": 0.23545964860872548, "population_500m": 10250.114880946379, "households_500m": 6380.3842913719955, "apartment_population_500m": 9917.2723479339238, "median_income_500m": 77122.083349677458, "apartment_share_500m": 0.96752792169859814, "population_1000m": 36748.766051428494, "households_1000m": 22085.759384059056, "apartment_population_1000m": 34632.892867728289, "median_income_1000m": 79281.773955466197, "apartment_share_1000m": 0.94242328624751315, "population_2000m": 118744.00492755402, "households_2000m": 67416.969469480231, "apartment_population_2000m": 106186.74511851047, "median_income_2000m": 74879.992850108683, "apartment_share_2000m": 0.89424931543529496, "distance_to_traffic_count_m": 63.116132665177055, "traffic_volume_weighted_1000m": 9873.3142773014006, "traffic_counters_1000m": 74, "traffic_data_quality": "high", "distance_to_arterial_m": null, "road_length_500m": null, "intersections_500m": null, "distance_to_transit_stop_m": 24.617783943391863, "transit_stop_count_500m": 18, "distance_to_destination_m": 197.05441117694468, "destination_count_1000m": 18, "capacity_log": 4.5538768916005408, "capacity_score": 0.44702307364607369, "facility_type_score": 1.0, "ttc_facility_score": 0.0, "parking_feasibility_score": 0.54056499786994783, "underserved_population_raw": 36748.766051428494, "underserved_population_score": 0.9874846782877591, "apartment_score": 0.95690272477986127, "low_existing_supply_score": 0.6, "equity_score": 0.97525189688460001, "constraint_status": "eligible", "constraint_notes": "", "essential_data_missing": false, "population_score": 0.87121943405188496, "traffic_score": 0.77596933012431746, "coverage_distance_score": 0.094417365250493338, "arterial_access_score": 0.5, "transit_access_score": 0.97467635953183085, "intersection_access_score": 0.5, "demand_score": 0.85501855582283159, "coverage_score": 0.24609215567534531, "accessibility_score": 0.64240290785954923, "feasibility_score": 0.54056499786994783, "overall_score": 0.62511912660654789, "static_rank": 31, "non_coverage_score": 0.75146145025028199 }, "geometry": { "type": "Point", "coordinates": [ -79.409705, 43.636821 ] } },
{ "type": "Feature", "properties": { "id": "529", "address": "65 Colonel Samuel Smith Park Drive", "lat": 43.593757, "lng": -79.516468, "carpark_type": "surface", "carpark_type_str": "Surface", "is_ttc": false, "is_under_construction": false, "capacity": 210, "max_height": 0.0, "bike_racks": "available", "rate_half_hour": 1.0, "monthly_permit_status": "not_available", "candidate_id": "green_p_529", "distance_to_nearest_charger_m": 3291.8131803247661, "capacity_missing": false, "capacity_filled": 210, "existing_chargers_1000m": 0, "existing_chargers_2000m": 0, "baseline_coverage_score": 0.28368992495977058, "baseline_capacity_score": 0.59118365050921129, "baseline_score": 0.40668741517954687, "population_500m": 648.7188251480452, "households_500m": 225.11489948330518, "apartment_population_500m": 221.29938699244039, "median_income_500m": 62947.92476385233, "apartment_share_500m": 0.34113298152236804, "population_1000m": 8368.4746353759019, "households_1000m": 3721.8999678490245, "apartment_population_1000m": 4493.9607609535014, "median_income_1000m": 68283.045578525416, "apartment_share_1000m": 0.53701074051850051, "population_2000m": 23298.128620012591, "households_2000m": 10385.181162538795, "apartment_population_2000m": 13225.439240152724, "median_income_2000m": 71787.69057285141, "apartment_share_2000m": 0.5676610107127813, "distance_to_traffic_count_m": 488.38973486949686, "traffic_volume_weighted_1000m": 11966.419328393433, "traffic_counters_1000m": 11, "traffic_data_quality": "medium", "distance_to_arterial_m": null, "road_length_500m": null, "intersections_500m": null, "distance_to_transit_stop_m": 65.003943296146957, "transit_stop_count_500m": 5, "distance_to_destination_m": 94.383171463069175, "destination_count_1000m": 15, "capacity_log": 5.3518581334760666, "capacity_score": 0.59118365050921129, "facility_type_score": 1.0, "ttc_facility_score": 0.0, "parking_feasibility_score": 0.63426937283098739, "underserved_population_raw": 8368.4746353759019, "underserved_population_score": 0.84849690215807305, "apartment_score": 0.49804580789326819, "low_existing_supply_score": 1.0, "equity_score": 0.70831646445215102, "constraint_status": "eligible", "constraint_notes": "", "essential_data_missing": false, "population_score": 0.63202665483875298, "traffic_score": 0.82798550913586966, "coverage_distance_score": 0.28368992495977058, "arterial_access_score": 0.5, "transit_access_score": 0.92076656873290696, "intersection_access_score": 0.5, "demand_score": 0.67381608445364682, "coverage_score": 0.4985829474718394, "accessibility_score": 0.62622997061987207, "feasibility_score": 0.63426937283098739, "overall_score": 0.61800860869789154, "static_rank": 32, "non_coverage_score": 0.65781716243990873 }, "geometry": { "type": "Point", "coordinates": [ -79.516468, 43.593757 ] } },
{ "type": "Feature", "properties": { "id": "209", "address": "300 Remembrance Drive ", "lat": 43.6330895, "lng": -79.4087431, "carpark_type": "surface", "carpark_type_str": "Surface", "is_ttc": false, "is_under_construction": false, "capacity": 65, "max_height": 0.0, "bike_racks": "available", "rate_half_hour": 1.0, "monthly_permit_status": "not_available", "candidate_id": "green_p_209", "distance_to_nearest_charger_m": 1522.6690212108235, "capacity_missing": false, "capacity_filled": 65, "existing_chargers_1000m": 0, "existing_chargers_2000m": 6, "baseline_coverage_score": 0.12611805483788222, "baseline_capacity_score": 0.38122393898780965, "baseline_score": 0.22816040849785321, "population_500m": 1750.000647818938, "households_500m": 1056.7391215440932, "apartment_population_500m": 1734.756139823904, "median_income_500m": 78863.643906897778, "apartment_share_500m": 0.9912888557989773, "population_1000m": 22463.954069541469, "households_1000m": 13828.16516871509, "apartment_population_1000m": 21827.95968448446, "median_income_1000m": 77387.5526163584, "apartment_share_1000m": 0.97168822625401718, "population_2000m": 96192.802978779277, "households_2000m": 55630.554150298463, "apartment_population_2000m": 88068.327684092656, "median_income_2000m": 75900.963890751271, "apartment_share_2000m": 0.9155396761181922, "distance_to_traffic_count_m": 154.33688230017688, "traffic_volume_weighted_1000m": 13834.008266224419, "traffic_counters_1000m": 39, "traffic_data_quality": "high", "distance_to_arterial_m": null, "road_length_500m": null, "intersections_500m": null, "distance_to_transit_stop_m": 222.62868269948581, "transit_stop_count_500m": 10, "distance_to_destination_m": 102.53404114292584, "destination_count_1000m": 16, "capacity_log": 4.1896547420264252, "capacity_score": 0.38122393898780965, "facility_type_score": 1.0, "ttc_facility_score": 0.0, "parking_feasibility_score": 0.49779556034207628, "underserved_population_raw": 22463.954069541469, "underserved_population_score": 0.94124981842834377, "apartment_score": 0.99002557774956546, "low_existing_supply_score": 0.7, "equity_score": 0.96076012215683249, "constraint_status": "eligible", "constraint_notes": "", "essential_data_missing": false, "population_score": 0.79165096454860784, "traffic_score": 0.86722113843959547, "coverage_distance_score": 0.12611805483788222, "arterial_access_score": 0.5, "transit_access_score": 0.7103599130331939, "intersection_access_score": 0.5, "demand_score": 0.85777544805064498, "coverage_score": 0.29828263838651753, "accessibility_score": 0.56310797390995815, "feasibility_score": 0.49779556034207628, "overall_score": 0.61527023506080925, "static_rank": 33, "non_coverage_score": 0.7209327672855731 }, "geometry": { "type": "Point", "coordinates": [ -79.408743099999981, 43.6330895 ] } },
{ "type": "Feature", "properties": { "id": "266", "address": "250 Fort York Blvd. ", "lat": 43.637208258929043, "lng": -79.406461027577961, "carpark_type": "surface", "carpark_type_str": "Surface", "is_ttc": false, "is_under_construction": false, "capacity": 49, "max_height": null, "bike_racks": "available", "rate_half_hour": 1.0, "monthly_permit_status": "not_available", "candidate_id": "green_p_266", "distance_to_nearest_charger_m": 1120.801033253872, "capacity_missing": false, "capacity_filled": 49, "existing_chargers_1000m": 0, "existing_chargers_2000m": 8, "baseline_coverage_score": 0.090324990672770847, "baseline_capacity_score": 0.33106793380471322, "baseline_score": 0.18662216792554781, "population_500m": 11111.745003048278, "households_500m": 6797.2467416215495, "apartment_population_500m": 10886.659434152811, "median_income_500m": 77043.870845174984, "apartment_share_500m": 0.97974345444088939, "population_1000m": 41440.523231005172, "households_1000m": 24943.315234845853, "apartment_population_1000m": 39439.517757142967, "median_income_1000m": 77895.817990250143, "apartment_share_1000m": 0.95171379804478229, "population_2000m": 123792.20961335707, "households_2000m": 71225.955846691548, "apartment_population_2000m": 112316.08293211265, "median_income_2000m": 75122.49228995273, "apartment_share_2000m": 0.90729524323793831, "distance_to_traffic_count_m": 95.642933635333279, "traffic_volume_weighted_1000m": 10743.385221802271, "traffic_counters_1000m": 78, "traffic_data_quality": "high", "distance_to_arterial_m": null, "road_length_500m": null, "intersections_500m": null, "distance_to_transit_stop_m": 87.734214740999136, "transit_stop_count_500m": 17, "distance_to_destination_m": 148.60597675374285, "destination_count_1000m": 25, "capacity_log": 3.912023005428146, "capacity_score": 0.33106793380471322, "facility_type_score": 1.0, "ttc_facility_score": 0.0, "parking_feasibility_score": 0.4651941569730636, "underserved_population_raw": 41440.523231005172, "underserved_population_score": 0.99877168688185092, "apartment_score": 0.96741797805582408, "low_existing_supply_score": 0.6, "equity_score": 0.98623020335144007, "constraint_status": "eligible", "constraint_notes": "", "essential_data_missing": false, "population_score": 0.89064395489682768, "traffic_score": 0.79881748510768247, "coverage_distance_score": 0.090324990672770847, "arterial_access_score": 0.5, "transit_access_score": 0.89042488242172424, "intersection_access_score": 0.5, "demand_score": 0.87385949510242611, "coverage_score": 0.24322749347093958, "accessibility_score": 0.61712746472651725, "feasibility_score": 0.4651941569730636, "overall_score": 0.6147923587248697, "static_rank": 34, "non_coverage_score": 0.73864731380951298 }, "geometry": { "type": "Point", "coordinates": [ -79.406461027577961, 43.637208258929043 ] } },
{ "type": "Feature", "properties": { "id": "207", "address": "2001 Lake Shore Blvd. West (Parks)", "lat": 43.637123, "lng": -79.462266, "carpark_type": "surface", "carpark_type_str": "Surface", "is_ttc": false, "is_under_construction": false, "capacity": 187, "max_height": null, "bike_racks": "available", "rate_half_hour": 1.0, "monthly_permit_status": "not_available", "candidate_id": "green_p_207", "distance_to_nearest_charger_m": 1877.6248311247339, "capacity_missing": false, "capacity_filled": 187, "existing_chargers_1000m": 0, "existing_chargers_2000m": 1, "baseline_coverage_score": 0.15773280510604401, "baseline_capacity_score": 0.57033295770273296, "baseline_score": 0.32277286614471962, "population_500m": 278.85578329439653, "households_500m": 152.71876692992217, "apartment_population_500m": 215.0804062407874, "median_income_500m": 81660.084410467636, "apartment_share_500m": 0.77129620085275574, "population_1000m": 4964.5393792942077, "households_1000m": 2412.7437432533916, "apartment_population_1000m": 4161.264969718417, "median_income_1000m": 76784.597733506322, "apartment_share_1000m": 0.83819759534468841, "population_2000m": 48416.77784280308, "households_2000m": 23984.709156694094, "apartment_population_2000m": 35649.17352546945, "median_income_2000m": 81614.924727154881, "apartment_share_2000m": 0.73629793459641657, "distance_to_traffic_count_m": 258.12796312256671, "traffic_volume_weighted_1000m": 19321.670097725415, "traffic_counters_1000m": 27, "traffic_data_quality": "medium", "distance_to_arterial_m": null, "road_length_500m": null, "intersections_500m": null, "distance_to_transit_stop_m": 242.56481619680187, "transit_stop_count_500m": 12, "distance_to_destination_m": 189.00903253349063, "destination_count_1000m": 3, "capacity_log": 5.2364419628299492, "capacity_score": 0.57033295770273296, "facility_type_score": 1.0, "ttc_facility_score": 0.0, "parking_feasibility_score": 0.6207164225067765, "underserved_population_raw": 4964.5393792942077, "underserved_population_score": 0.79945382203256099, "apartment_score": 0.83893726048460393, "low_existing_supply_score": 0.95, "equity_score": 0.81524719741337814, "constraint_status": "eligible", "constraint_notes": "", "essential_data_missing": false, "population_score": 0.54762534298922838, "traffic_score": 0.9576102457339436, "coverage_distance_score": 0.15773280510604401, "arterial_access_score": 0.5, "transit_access_score": 0.68374800431485694, "intersection_access_score": 0.5, "demand_score": 0.7493824424489538, "coverage_score": 0.39541296357423078, "accessibility_score": 0.55512440129445706, "feasibility_score": 0.6207164225067765, "overall_score": 0.60932503700448948, "static_rank": 35, "non_coverage_score": 0.68062906148124236 }, "geometry": { "type": "Point", "coordinates": [ -79.462266, 43.637123 ] } },
{ "type": "Feature", "properties": { "id": "663", "address": "1 Shortt Street", "lat": 43.695951, "lng": -79.451795, "carpark_type": "surface", "carpark_type_str": "Surface", "is_ttc": false, "is_under_construction": false, "capacity": 130, "max_height": 0.0, "bike_racks": "available", "rate_half_hour": 1.0, "monthly_permit_status": "waiting_list", "candidate_id": "green_p_663", "distance_to_nearest_charger_m": 1997.3831300485854, "capacity_missing": false, "capacity_filled": 130, "existing_chargers_1000m": 0, "existing_chargers_2000m": 1, "baseline_coverage_score": 0.16839928416419975, "baseline_capacity_score": 0.50507172986333582, "baseline_score": 0.30306826244385421, "population_500m": 6556.8215952154715, "households_500m": 2772.8217956407902, "apartment_population_500m": 3810.8878397400263, "median_income_500m": 63380.150501223136, "apartment_share_500m": 0.58120962792717135, "population_1000m": 21483.51572623723, "households_1000m": 8697.9418191300629, "apartment_population_1000m": 11268.00153632637, "median_income_1000m": 70899.395799559294, "apartment_share_1000m": 0.52449523066492643, "population_2000m": 79377.515585413872, "households_2000m": 30916.68608956967, "apartment_population_2000m": 39394.048091271667, "median_income_2000m": 79707.307972373324, "apartment_share_2000m": 0.49628723953802573, "distance_to_traffic_count_m": 94.61891244891919, "traffic_volume_weighted_1000m": 12333.34351347552, "traffic_counters_1000m": 53, "traffic_data_quality": "high", "distance_to_arterial_m": null, "road_length_500m": null, "intersections_500m": null, "distance_to_transit_stop_m": 109.20560172950161, "transit_stop_count_500m": 15, "distance_to_destination_m": 365.30863865092078, "destination_count_1000m": 9, "capacity_log": 4.8751973232011512, "capacity_score": 0.50507172986333582, "facility_type_score": 1.0, "ttc_facility_score": 0.0, "parking_feasibility_score": 0.57829662441116825, "underserved_population_raw": 21483.51572623723, "underserved_population_score": 0.93705784637439793, "apartment_score": 0.48388041433262236, "low_existing_supply_score": 0.95, "equity_score": 0.75578687355768759, "constraint_status": "eligible", "constraint_notes": "", "essential_data_missing": false, "population_score": 0.78443673698206628, "traffic_score": 0.83615643603449596, "coverage_distance_score": 0.16839928416419975, "arterial_access_score": 0.5, "transit_access_score": 0.86176362818849794, "intersection_access_score": 0.5, "demand_score": 0.74242736712052793, "coverage_score": 0.40287949891493979, "accessibility_score": 0.60852908845654941, "feasibility_score": 0.57829662441116825, "overall_score": 0.60747708357364716, "static_rank": 36, "non_coverage_score": 0.67567627845988287 }, "geometry": { "type": "Point", "coordinates": [ -79.451795, 43.695951 ] } },
{ "type": "Feature", "properties": { "id": "283", "address": "100 Cooperage Street", "lat": 43.653572814815632, "lng": -79.357213809192672, "carpark_type": "garage", "carpark_type_str": "Garage", "is_ttc": false, "is_under_construction": false, "capacity": 86, "max_height": null, "bike_racks": "available", "rate_half_hour": 1.5, "monthly_permit_status": "not_available", "candidate_id": "green_p_283", "distance_to_nearest_charger_m": 1260.4670987190736, "capacity_missing": false, "capacity_filled": 86, "existing_chargers_1000m": 0, "existing_chargers_2000m": 5, "baseline_coverage_score": 0.10276458922925033, "baseline_capacity_score": 0.43113093434712796, "baseline_score": 0.23411112727640138, "population_500m": 5814.9281689320396, "households_500m": 3602.0437020187046, "apartment_population_500m": 5386.6279366076733, "median_income_500m": 74230.210071360634, "apartment_share_500m": 0.92634470798578628, "population_1000m": 33026.49788111278, "households_1000m": 18423.227588191268, "apartment_population_1000m": 29709.281606906792, "median_income_1000m": 67938.389145272493, "apartment_share_1000m": 0.89955894548228676, "population_2000m": 106715.07047716323, "households_2000m": 58993.883574803964, "apartment_population_2000m": 90180.472063478039, "median_income_2000m": 69868.657768425357, "apartment_share_2000m": 0.84505845013499237, "distance_to_traffic_count_m": 79.767916716830953, "traffic_volume_weighted_1000m": 7919.1695088731731, "traffic_counters_1000m": 104, "traffic_data_quality": "high", "distance_to_arterial_m": null, "road_length_500m": null, "intersections_500m": null, "distance_to_transit_stop_m": 107.90708801713831, "transit_stop_count_500m": 25, "distance_to_destination_m": 166.70709596684287, "destination_count_1000m": 29, "capacity_log": 4.4659081186545837, "capacity_score": 0.43113093434712796, "facility_type_score": 0.7, "ttc_facility_score": 0.0, "parking_feasibility_score": 0.45523510732563316, "underserved_population_raw": 33026.49788111278, "underserved_population_score": 0.97745271673251399, "apartment_score": 0.90838770112034417, "low_existing_supply_score": 0.75, "equity_score": 0.94982671048764611, "constraint_status": "eligible", "constraint_notes": "", "essential_data_missing": false, "population_score": 0.85395480235420673, "traffic_score": 0.71630343817684927, "coverage_distance_score": 0.10276458922925033, "arterial_access_score": 0.5, "transit_access_score": 0.86349695969872142, "intersection_access_score": 0.5, "demand_score": 0.81666340464535914, "coverage_score": 0.29693521246047522, "accessibility_score": 0.60904908790961643, "feasibility_score": 0.45523510732563316, "overall_score": 0.60431057923825948, "static_rank": 37, "non_coverage_score": 0.70676903483085418 }, "geometry": { "type": "Point", "coordinates": [ -79.357213809192672, 43.653572814815639 ] } },
{ "type": "Feature", "properties": { "id": "521", "address": "7 Monkton Avenue", "lat": 43.644336, "lng": -79.521886, "carpark_type": "surface", "carpark_type_str": "Surface", "is_ttc": false, "is_under_construction": false, "capacity": 25, "max_height": null, "bike_racks": "available", "rate_half_hour": 2.0, "monthly_permit_status": "not_available", "candidate_id": "green_p_521", "distance_to_nearest_charger_m": 1501.7045331267325, "capacity_missing": false, "capacity_filled": 25, "existing_chargers_1000m": 0, "existing_chargers_2000m": 1, "baseline_coverage_score": 0.12425081661620291, "baseline_capacity_score": 0.21293180250186328, "baseline_score": 0.15972321097046704, "population_500m": 7396.5253659947421, "households_500m": 3583.0921428739493, "apartment_population_500m": 5838.6236380035916, "median_income_500m": 78645.087557069288, "apartment_share_500m": 0.78937384097220198, "population_1000m": 21561.887044189694, "households_1000m": 10017.561904631448, "apartment_population_1000m": 15349.739983584928, "median_income_1000m": 86257.729941205936, "apartment_share_1000m": 0.71189223615385, "population_2000m": 45038.237060485422, "households_2000m": 18945.526166203908, "apartment_population_2000m": 20223.501911945776, "median_income_2000m": 110227.17953635218, "apartment_share_2000m": 0.4490296075484933, "distance_to_traffic_count_m": 73.376958584671996, "traffic_volume_weighted_1000m": 18054.646596740604, "traffic_counters_1000m": 38, "traffic_data_quality": "high", "distance_to_arterial_m": null, "road_length_500m": null, "intersections_500m": null, "distance_to_transit_stop_m": 106.93582917917433, "transit_stop_count_500m": 19, "distance_to_destination_m": 345.22447580151555, "destination_count_1000m": 17, "capacity_log": 3.2580965380214821, "capacity_score": 0.21293180250186328, "facility_type_score": 1.0, "ttc_facility_score": 0.0, "parking_feasibility_score": 0.38840567162621115, "underserved_population_raw": 21561.887044189694, "underserved_population_score": 0.93739989696798942, "apartment_score": 0.69598142866557333, "low_existing_supply_score": 0.95, "equity_score": 0.84083250964702305, "constraint_status": "eligible", "constraint_notes": "", "essential_data_missing": false, "population_score": 0.7850253932969663, "traffic_score": 0.93926045515155587, "coverage_distance_score": 0.12425081661620291, "arterial_access_score": 0.5, "transit_access_score": 0.86479345239833416, "intersection_access_score": 0.5, "demand_score": 0.82119887201979413, "coverage_score": 0.37197557163134198, "accessibility_score": 0.60943803571950028, "feasibility_score": 0.38840567162621115, "overall_score": 0.60358526336630769, "static_rank": 38, "non_coverage_score": 0.6807884939446297 }, "geometry": { "type": "Point", "coordinates": [ -79.521886, 43.644336 ] } },
{ "type": "Feature", "properties": { "id": "512", "address": "3220 Bloor Street West", "lat": 43.645959, "lng": -79.518067, "carpark_type": "surface", "carpark_type_str": "Surface", "is_ttc": false, "is_under_construction": false, "capacity": 69, "max_height": 0.0, "bike_racks": "available", "rate_half_hour": 1.5, "monthly_permit_status": "waiting_list", "candidate_id": "green_p_512", "distance_to_nearest_charger_m": 1151.5251197485286, "capacity_missing": false, "capacity_filled": 69, "existing_chargers_1000m": 0, "existing_chargers_2000m": 1, "baseline_coverage_score": 0.093061484328084032, "baseline_capacity_score": 0.39185386357887514, "baseline_score": 0.21257843602840049, "population_500m": 3557.4634432452181, "households_500m": 1595.0551378123218, "apartment_population_500m": 1851.7692680845435, "median_income_500m": 111042.5799603904, "apartment_share_500m": 0.52053079325400109, "population_1000m": 19790.649590523593, "households_1000m": 8786.9110006650462, "apartment_population_1000m": 12131.117399519388, "median_income_1000m": 98693.243447781962, "apartment_share_1000m": 0.61297216870173687, "population_2000m": 46387.362756698392, "households_2000m": 19600.426109870041, "apartment_population_2000m": 21109.230310178678, "median_income_2000m": 111580.02755487131, "apartment_share_2000m": 0.45506424715059879, "distance_to_traffic_count_m": 77.583104113138361, "traffic_volume_weighted_1000m": 15826.25177307981, "traffic_counters_1000m": 46, "traffic_data_quality": "high", "distance_to_arterial_m": null, "road_length_500m": null, "intersections_500m": null, "distance_to_transit_stop_m": 60.329050430102612, "transit_stop_count_500m": 10, "distance_to_destination_m": 280.59575186666802, "destination_count_1000m": 16, "capacity_log": 4.2484952420493594, "capacity_score": 0.39185386357887514, "facility_type_score": 1.0, "ttc_facility_score": 0.0, "parking_feasibility_score": 0.50470501132626877, "underserved_population_raw": 19790.649590523593, "underserved_population_score": 0.9293479839242742, "apartment_score": 0.58402101291753594, "low_existing_supply_score": 0.95, "equity_score": 0.79121719552157888, "constraint_status": "eligible", "constraint_notes": "", "essential_data_missing": false, "population_score": 0.77116835124233529, "traffic_score": 0.9036203738815235, "coverage_distance_score": 0.093061484328084032, "arterial_access_score": 0.5, "transit_access_score": 0.92700688720970315, "intersection_access_score": 0.5, "demand_score": 0.7800970915010913, "coverage_score": 0.35014303902965882, "accessibility_score": 0.62810206616291098, "feasibility_score": 0.50470501132626877, "overall_score": 0.60201277169142253, "static_rank": 39, "non_coverage_score": 0.6859693492453437 }, "geometry": { "type": "Point", "coordinates": [ -79.518067, 43.645959 ] } },
{ "type": "Feature", "properties": { "id": "669", "address": "2700 Eglinton Avenue West", "lat": 43.690792, "lng": -79.478585, "carpark_type": "surface", "carpark_type_str": "Surface", "is_ttc": false, "is_under_construction": false, "capacity": 38, "max_height": 0.0, "bike_racks": "available", "rate_half_hour": 2.0, "monthly_permit_status": "not_available", "candidate_id": "green_p_669", "distance_to_nearest_charger_m": 2950.6810566508188, "capacity_missing": false, "capacity_filled": 38, "existing_chargers_1000m": 0, "existing_chargers_2000m": 0, "baseline_coverage_score": 0.25330640510411523, "baseline_capacity_score": 0.28618174976298588, "baseline_score": 0.26645654296766347, "population_500m": 2863.8291516215354, "households_500m": 1180.6610005727371, "apartment_population_500m": 1840.7324828244759, "median_income_500m": 61001.122330950915, "apartment_share_500m": 0.64275219832238617, "population_1000m": 15200.4291455317, "households_1000m": 5996.1209376953193, "apartment_population_1000m": 9228.4230572539564, "median_income_1000m": 63717.620257700204, "apartment_share_1000m": 0.60711595501017368, "population_2000m": 63879.188821457028, "households_2000m": 24137.999080369165, "apartment_population_2000m": 35109.113031581794, "median_income_2000m": 69806.341182911594, "apartment_share_2000m": 0.54961738994075393, "distance_to_traffic_count_m": 169.32996895471857, "traffic_volume_weighted_1000m": 12998.370885479659, "traffic_counters_1000m": 53, "traffic_data_quality": "high", "distance_to_arterial_m": null, "road_length_500m": null, "intersections_500m": null, "distance_to_transit_stop_m": 169.47587842538991, "transit_stop_count_500m": 20, "distance_to_destination_m": 97.616210221086746, "destination_count_1000m": 17, "capacity_log": 3.6635616461296463, "capacity_score": 0.28618174976298588, "facility_type_score": 1.0, "ttc_facility_score": 0.0, "parking_feasibility_score": 0.43601813734594086, "underserved_population_raw": 15200.4291455317, "underserved_population_score": 0.90456002387199252, "apartment_score": 0.57739279139985278, "low_existing_supply_score": 1.0, "equity_score": 0.77369313088313663, "constraint_status": "eligible", "constraint_notes": "", "essential_data_missing": false, "population_score": 0.72850919645165024, "traffic_score": 0.85036467319104769, "coverage_distance_score": 0.25330640510411523, "arterial_access_score": 0.5, "transit_access_score": 0.78131136285450942, "intersection_access_score": 0.5, "demand_score": 0.74093533230007991, "coverage_score": 0.47731448357288064, "accessibility_score": 0.58439340885635283, "feasibility_score": 0.43601813734594086, "overall_score": 0.6012599360447195, "static_rank": 40, "non_coverage_score": 0.64257508686866571 }, "geometry": { "type": "Point", "coordinates": [ -79.478585, 43.690792 ] } },
{ "type": "Feature", "properties": { "id": "528", "address": "5 Colonel Samuel Smith Park Drive", "lat": 43.597886429569783, "lng": -79.52111938092321, "carpark_type": "surface", "carpark_type_str": "Surface", "is_ttc": false, "is_under_construction": false, "capacity": 52, "max_height": 0.0, "bike_racks": "available", "rate_half_hour": 1.0, "monthly_permit_status": "not_available", "candidate_id": "green_p_528", "distance_to_nearest_charger_m": 3267.5997842181805, "capacity_missing": false, "capacity_filled": 52, "existing_chargers_1000m": 0, "existing_chargers_2000m": 0, "baseline_coverage_score": 0.28153331715205659, "baseline_capacity_score": 0.34159459654755481, "baseline_score": 0.30555782891025585, "population_500m": 3205.4089092189301, "households_500m": 1379.1195814657299, "apartment_population_500m": 1746.1156337098587, "median_income_500m": 71217.304569099506, "apartment_share_500m": 0.54474036953224136, "population_1000m": 10151.609278797931, "households_1000m": 4423.436352394333, "apartment_population_1000m": 5463.492363284292, "median_income_1000m": 72227.430340083883, "apartment_share_1000m": 0.53818977988987704, "population_2000m": 28343.304742944314, "households_2000m": 12199.321515906227, "apartment_population_2000m": 14748.568442806989, "median_income_2000m": 75323.253886560822, "apartment_share_2000m": 0.5203545802639139, "distance_to_traffic_count_m": 74.839757129130959, "traffic_volume_weighted_1000m": 12097.355143784811, "traffic_counters_1000m": 13, "traffic_data_quality": "high", "distance_to_arterial_m": null, "road_length_500m": null, "intersections_500m": null, "distance_to_transit_stop_m": 61.838917432203715, "transit_stop_count_500m": 13, "distance_to_destination_m": 375.77664086274359, "destination_count_1000m": 18, "capacity_log": 3.970291913552122, "capacity_score": 0.34159459654755481, "facility_type_score": 1.0, "ttc_facility_score": 0.0, "parking_feasibility_score": 0.47203648775591067, "underserved_population_raw": 10151.609278797931, "underserved_population_score": 0.86664040219639193, "apartment_score": 0.49938027663760587, "low_existing_supply_score": 1.0, "equity_score": 0.71973635197287755, "constraint_status": "eligible", "constraint_notes": "", "essential_data_missing": false, "population_score": 0.66325094174848609, "traffic_score": 0.83092967762183689, "coverage_distance_score": 0.28153331715205659, "arterial_access_score": 0.5, "transit_access_score": 0.92499142905468257, "intersection_access_score": 0.5, "demand_score": 0.68916436628198285, "coverage_score": 0.49707332200643961, "accessibility_score": 0.62749742871640479, "feasibility_score": 0.47203648775591067, "overall_score": 0.59929623449016001, "static_rank": 41, "non_coverage_score": 0.63337053865140014 }, "geometry": { "type": "Point", "coordinates": [ -79.52111938092321, 43.597886429569776 ] } },
{ "type": "Feature", "properties": { "id": "651", "address": "1169 Weston Road", "lat": 43.687441, "lng": -79.4903, "carpark_type": "surface", "carpark_type_str": "Surface", "is_ttc": false, "is_under_construction": false, "capacity": 47, "max_height": 0.0, "bike_racks": "available", "rate_half_hour": 1.0, "monthly_permit_status": "waiting_list", "candidate_id": "green_p_651", "distance_to_nearest_charger_m": 2264.3459894448974, "capacity_missing": false, "capacity_filled": 47, "existing_chargers_1000m": 0, "existing_chargers_2000m": 0, "baseline_coverage_score": 0.19217679081421285, "baseline_capacity_score": 0.32369317112869816, "baseline_score": 0.24478334294000698, "population_500m": 4128.0812572795367, "households_500m": 1659.2847171864655, "apartment_population_500m": 2793.6681898924453, "median_income_500m": 58010.818313405638, "apartment_share_500m": 0.6767473835370944, "population_1000m": 14850.485003267606, "households_1000m": 5691.6672901071497, "apartment_population_1000m": 8913.1654773930677, "median_income_1000m": 65916.329347603183, "apartment_share_1000m": 0.6001935610474588, "population_2000m": 69031.152052755118, "households_2000m": 26595.316998142433, "apartment_population_2000m": 41546.093624999361, "median_income_2000m": 67694.193522760135, "apartment_share_2000m": 0.60184557825789908, "distance_to_traffic_count_m": 79.346119707249372, "traffic_volume_weighted_1000m": 11810.701030755365, "traffic_counters_1000m": 51, "traffic_data_quality": "high", "distance_to_arterial_m": null, "road_length_500m": null, "intersections_500m": null, "distance_to_transit_stop_m": 81.581045596371538, "transit_stop_count_500m": 35, "distance_to_destination_m": 47.647046444350465, "destination_count_1000m": 14, "capacity_log": 3.8712010109078911, "capacity_score": 0.32369317112869816, "facility_type_score": 1.0, "ttc_facility_score": 0.0, "parking_feasibility_score": 0.4604005612336538, "underserved_population_raw": 14850.485003267606, "underserved_population_score": 0.90237220462177214, "apartment_score": 0.56955783812899652, "low_existing_supply_score": 1.0, "equity_score": 0.76924645802466185, "constraint_status": "eligible", "constraint_notes": "", "essential_data_missing": false, "population_score": 0.72474404111606217, "traffic_score": 0.82444186722041812, "coverage_distance_score": 0.19217679081421285, "arterial_access_score": 0.5, "transit_access_score": 0.89863848992126072, "intersection_access_score": 0.5, "demand_score": 0.72860103965517364, "coverage_score": 0.43452375356994899, "accessibility_score": 0.61959154697637819, "feasibility_score": 0.4604005612336538, "overall_score": 0.59711428967182922, "static_rank": 42, "non_coverage_score": 0.65131113503912264 }, "geometry": { "type": "Point", "coordinates": [ -79.4903, 43.687441 ] } },
{ "type": "Feature", "properties": { "id": "164", "address": "453 Spadina Road", "lat": 43.689543, "lng": -79.412946, "carpark_type": "surface", "carpark_type_str": "Surface", "is_ttc": false, "is_under_construction": false, "capacity": 55, "max_height": 0.0, "bike_racks": "not available", "rate_half_hour": 1.5, "monthly_permit_status": "not_available", "candidate_id": "green_p_164", "distance_to_nearest_charger_m": 1414.8625746126586, "capacity_missing": false, "capacity_filled": 55, "existing_chargers_1000m": 0, "existing_chargers_2000m": 3, "baseline_coverage_score": 0.11651608808228656, "baseline_capacity_score": 0.35154150861030631, "baseline_score": 0.21052625629349447, "population_500m": 4878.4463493576332, "households_500m": 2477.3914352349047, "apartment_population_500m": 3513.4549082956923, "median_income_500m": 103264.92556147659, "apartment_share_500m": 0.72019955877106745, "population_1000m": 21809.811104516055, "households_1000m": 11193.870080635104, "apartment_population_1000m": 16736.83863888666, "median_income_1000m": 98828.730903256816, "apartment_share_1000m": 0.76739952302571945, "population_2000m": 92909.586908256766, "households_2000m": 45058.962313709941, "apartment_population_2000m": 62802.439873127143, "median_income_2000m": 93748.245632192818, "apartment_share_2000m": 0.67595220216769647, "distance_to_traffic_count_m": 13.417971799966576, "traffic_volume_weighted_1000m": 9187.4059069229697, "traffic_counters_1000m": 78, "traffic_data_quality": "high", "distance_to_arterial_m": null, "road_length_500m": null, "intersections_500m": null, "distance_to_transit_stop_m": 92.958104114831514, "transit_stop_count_500m": 8, "distance_to_destination_m": 121.42415494890787, "destination_count_1000m": 17, "capacity_log": 4.0253516907351496, "capacity_score": 0.35154150861030631, "facility_type_score": 1.0, "ttc_facility_score": 0.0, "parking_feasibility_score": 0.47850198059669913, "underserved_population_raw": 21809.811104516055, "underserved_population_score": 0.938473828577019, "apartment_score": 0.75880608169392427, "low_existing_supply_score": 0.85, "equity_score": 0.86660672982378106, "constraint_status": "eligible", "constraint_notes": "", "essential_data_missing": false, "population_score": 0.78687358954415942, "traffic_score": 0.75649024664258857, "coverage_distance_score": 0.11651608808228656, "arterial_access_score": 0.5, "transit_access_score": 0.88345173152514578, "intersection_access_score": 0.5, "demand_score": 0.77062591795856261, "coverage_score": 0.33656126165760059, "accessibility_score": 0.61503551945754376, "feasibility_score": 0.47850198059669913, "overall_score": 0.59677116476536063, "static_rank": 43, "non_coverage_score": 0.6835077991346139 }, "geometry": { "type": "Point", "coordinates": [ -79.412946, 43.689543 ] } },
{ "type": "Feature", "properties": { "id": "674", "address": "2623 Eglinton Avenue West", "lat": 43.689981, "lng": -79.475222, "carpark_type": "surface", "carpark_type_str": "Surface", "is_ttc": false, "is_under_construction": false, "capacity": 13, "max_height": null, "bike_racks": "available", "rate_half_hour": 1.0, "monthly_permit_status": "not_available", "candidate_id": "green_p_674", "distance_to_nearest_charger_m": 2827.8817775150542, "capacity_missing": false, "capacity_filled": 13, "existing_chargers_1000m": 0, "existing_chargers_2000m": 0, "baseline_coverage_score": 0.24236907590832299, "baseline_capacity_score": 0.10109828474273073, "baseline_score": 0.18586075944208608, "population_500m": 3942.593246434571, "households_500m": 1551.2603976328319, "apartment_population_500m": 2138.6664757483763, "median_income_500m": 64335.801001937565, "apartment_share_500m": 0.54245171694606065, "population_1000m": 16216.253024653706, "households_1000m": 6364.61322893135, "apartment_population_1000m": 9033.8368312052207, "median_income_1000m": 65398.351869007041, "apartment_share_1000m": 0.55708534008879873, "population_2000m": 63367.453611355297, "households_2000m": 23862.269853136379, "apartment_population_2000m": 32858.442077173662, "median_income_2000m": 71642.368490230088, "apartment_share_2000m": 0.51853814860071179, "distance_to_traffic_count_m": 24.171704388847392, "traffic_volume_weighted_1000m": 15190.195889985767, "traffic_counters_1000m": 57, "traffic_data_quality": "high", "distance_to_arterial_m": null, "road_length_500m": null, "intersections_500m": null, "distance_to_transit_stop_m": 5.6467479927241691, "transit_stop_count_500m": 19, "distance_to_destination_m": 150.11541505835135, "destination_count_1000m": 16, "capacity_log": 2.6390573296152584, "capacity_score": 0.10109828474273073, "facility_type_score": 1.0, "ttc_facility_score": 0.0, "parking_feasibility_score": 0.31571388508277498, "underserved_population_raw": 16216.253024653706, "underserved_population_score": 0.9106366360969087, "apartment_score": 0.52076678425081058, "low_existing_supply_score": 1.0, "equity_score": 0.7546886953584695, "constraint_status": "eligible", "constraint_notes": "", "essential_data_missing": false, "population_score": 0.73896681946536036, "traffic_score": 0.89252260038414877, "coverage_distance_score": 0.24236907590832299, "arterial_access_score": 0.5, "transit_access_score": 1.0, "intersection_access_score": 0.5, "demand_score": 0.7490713357440264, "coverage_score": 0.46965835313582605, "accessibility_score": 0.65, "feasibility_score": 0.31571388508277498, "overall_score": 0.59496194130542768, "static_rank": 44, "non_coverage_score": 0.63672980402862811 }, "geometry": { "type": "Point", "coordinates": [ -79.475222, 43.689981 ] } },
{ "type": "Feature", "properties": { "id": "510", "address": "3239 Lake Shore Boulevard West", "lat": 43.596987584112135, "lng": -79.52170886375427, "carpark_type": "surface", "carpark_type_str": "Surface", "is_ttc": false, "is_under_construction": false, "capacity": 22, "max_height": 0.0, "bike_racks": "available", "rate_half_hour": 1.0, "monthly_permit_status": "waiting_list", "candidate_id": "green_p_510", "distance_to_nearest_charger_m": 3365.6064842356236, "capacity_missing": false, "capacity_filled": 22, "existing_chargers_1000m": 0, "existing_chargers_2000m": 0, "baseline_coverage_score": 0.29026245260812811, "baseline_capacity_score": 0.19078288401845384, "baseline_score": 0.25047062517225838, "population_500m": 3230.4014741481515, "households_500m": 1391.1815388975344, "apartment_population_500m": 1713.629898987338, "median_income_500m": 71300.982942064351, "apartment_share_500m": 0.53046963750510845, "population_1000m": 10216.278204212929, "households_1000m": 4480.3679718369867, "apartment_population_1000m": 5676.3594022091784, "median_income_1000m": 72540.788224221062, "apartment_share_1000m": 0.55561910988958718, "population_2000m": 28361.957045532112, "households_2000m": 12266.181385501826, "apartment_population_2000m": 14922.857866329585, "median_income_2000m": 75104.096262928855, "apartment_share_2000m": 0.52615755120045204, "distance_to_traffic_count_m": 16.702515117596608, "traffic_volume_weighted_1000m": 12115.824171409569, "traffic_counters_1000m": 13, "traffic_data_quality": "high", "distance_to_arterial_m": null, "road_length_500m": null, "intersections_500m": null, "distance_to_transit_stop_m": 27.820010075887595, "transit_stop_count_500m": 12, "distance_to_destination_m": 467.39533855874345, "destination_count_1000m": 18, "capacity_log": 3.1354942159291497, "capacity_score": 0.19078288401845384, "facility_type_score": 1.0, "ttc_facility_score": 0.0, "parking_feasibility_score": 0.374008874611995, "underserved_population_raw": 10216.278204212929, "underserved_population_score": 0.86723687156495777, "apartment_score": 0.51910726513690053, "low_existing_supply_score": 1.0, "equity_score": 0.72798502899373485, "constraint_status": "eligible", "constraint_notes": "", "essential_data_missing": false, "population_score": 0.66427744328664751, "traffic_score": 0.83134239825917222, "coverage_distance_score": 0.29026245260812811, "arterial_access_score": 0.5, "transit_access_score": 0.97040184213130665, "intersection_access_score": 0.5, "demand_score": 0.69371614189708175, "coverage_score": 0.50318371682568963, "accessibility_score": 0.64112055263939194, "feasibility_score": 0.374008874611995, "overall_score": 0.59103471639459815, "static_rank": 45, "non_coverage_score": 0.62031838291756758 }, "geometry": { "type": "Point", "coordinates": [ -79.52170886375427, 43.596987584112135 ] } },
{ "type": "Feature", "properties": { "id": "47", "address": "125 Burnaby Blvd", "lat": 43.704445, "lng": -79.412076, "carpark_type": "surface", "carpark_type_str": "Surface", "is_ttc": false, "is_under_construction": false, "capacity": 154, "max_height": 2.67, "bike_racks": "available", "rate_half_hour": 1.5, "monthly_permit_status": "not_available", "candidate_id": "green_p_47", "distance_to_nearest_charger_m": 1290.1830415883401, "capacity_missing": false, "capacity_filled": 154, "existing_chargers_1000m": 0, "existing_chargers_2000m": 2, "baseline_coverage_score": 0.10541129083704391, "baseline_capacity_score": 0.53546319085784944, "baseline_score": 0.27743205084536615, "population_500m": 5066.0144318229422, "households_500m": 2007.2666671489656, "apartment_population_500m": 2190.2099684143914, "median_income_500m": 120009.01194289708, "apartment_share_500m": 0.43233393783015173, "population_1000m": 20395.104524174625, "households_1000m": 8728.3669482647765, "apartment_population_1000m": 10526.488653773109, "median_income_1000m": 118575.90215726287, "apartment_share_1000m": 0.51612820328015008, "population_2000m": 102397.58038332305, "households_2000m": 49528.973010249392, "apartment_population_2000m": 69898.39549348873, "median_income_2000m": 99759.66165919257, "apartment_share_2000m": 0.68261764811068437, "distance_to_traffic_count_m": 64.775856642114832, "traffic_volume_weighted_1000m": 9817.3575887086135, "traffic_counters_1000m": 81, "traffic_data_quality": "high", "distance_to_arterial_m": null, "road_length_500m": null, "intersections_500m": null, "distance_to_transit_stop_m": 68.985585828688272, "transit_stop_count_500m": 23, "distance_to_destination_m": 396.81745060847408, "destination_count_1000m": 12, "capacity_log": 5.0434251169192468, "capacity_score": 0.53546319085784944, "facility_type_score": 1.0, "ttc_facility_score": 0.0, "parking_feasibility_score": 0.59805107405760216, "underserved_population_raw": 20395.104524174625, "underserved_population_score": 0.9321740519733912, "apartment_score": 0.47441038576609046, "low_existing_supply_score": 0.9, "equity_score": 0.74906858549047095, "constraint_status": "eligible", "constraint_notes": "", "essential_data_missing": false, "population_score": 0.77603190895753305, "traffic_score": 0.77443171270595268, "coverage_distance_score": 0.10541129083704391, "arterial_access_score": 0.5, "transit_access_score": 0.91545164105952925, "intersection_access_score": 0.5, "demand_score": 0.71514753563119138, "coverage_score": 0.34378790358593075, "accessibility_score": 0.62463549231785875, "feasibility_score": 0.59805107405760216, "overall_score": 0.59003285470709932, "static_rank": 46, "non_coverage_score": 0.67211450508082216 }, "geometry": { "type": "Point", "coordinates": [ -79.412076, 43.704445 ] } },
{ "type": "Feature", "properties": { "id": "36", "address": "110 Queen Street West (Nathan Phillips Square Garage) - reduced parking - Sept. to Dec.", "lat": 43.651696, "lng": -79.383699, "carpark_type": "garage", "carpark_type_str": "Garage", "is_ttc": false, "is_under_construction": false, "capacity": 2027, "max_height": 1.93, "bike_racks": "available", "rate_half_hour": 3.5, "monthly_permit_status": "available", "candidate_id": "green_p_36", "distance_to_nearest_charger_m": 125.23847428949274, "capacity_missing": false, "capacity_filled": 2027, "existing_chargers_1000m": 5, "existing_chargers_2000m": 12, "baseline_coverage_score": 0.0016534974927475698, "baseline_capacity_score": 1.0, "baseline_score": 0.40099209849564854, "population_500m": 7052.9160533467684, "households_500m": 4294.168267367435, "apartment_population_500m": 6858.8745598814421, "median_income_500m": 65982.399026501182, "apartment_share_500m": 0.97248776364306089, "population_1000m": 52716.074932729127, "households_1000m": 32190.319896377714, "apartment_population_1000m": 51323.71657392061, "median_income_1000m": 66608.517973011025, "apartment_share_1000m": 0.97358759428532371, "population_2000m": 210532.56031116386, "households_2000m": 124103.29632229787, "apartment_population_2000m": 197371.44035130332, "median_income_2000m": 65449.494994917783, "apartment_share_2000m": 0.93748653443244778, "distance_to_traffic_count_m": 111.76645860705075, "traffic_volume_weighted_1000m": 12948.471213679819, "traffic_counters_1000m": 131, "traffic_data_quality": "high", "distance_to_arterial_m": null, "road_length_500m": null, "intersections_500m": null, "distance_to_transit_stop_m": 125.25285703199123, "transit_stop_count_500m": 42, "distance_to_destination_m": 126.71498074559344, "destination_count_1000m": 23, "capacity_log": 7.6148053647110734, "capacity_score": 1.0, "facility_type_score": 0.7, "ttc_facility_score": 0.0, "parking_feasibility_score": 0.825, "underserved_population_raw": 0.0, "underserved_population_score": 0.0, "apartment_score": 0.99217533401157521, "low_existing_supply_score": 0.4, "equity_score": 0.39687013360463008, "constraint_status": "eligible", "constraint_notes": "", "essential_data_missing": false, "population_score": 0.92955007480729601, "traffic_score": 0.84932408234537626, "coverage_distance_score": 0.0016534974927475698, "arterial_access_score": 0.5, "transit_access_score": 0.84034281991856963, "intersection_access_score": 0.5, "demand_score": 0.91399602928647994, "coverage_score": 0.12115744824492329, "accessibility_score": 0.60210284597557084, "feasibility_score": 0.825, "overall_score": 0.58834575340275197, "static_rank": 47, "non_coverage_score": 0.74407518845536158 }, "geometry": { "type": "Point", "coordinates": [ -79.383699, 43.651696 ] } },
{ "type": "Feature", "properties": { "id": "39", "address": "20 Castlefield Avenue", "lat": 43.711828, "lng": -79.400082, "carpark_type": "surface", "carpark_type_str": "Surface", "is_ttc": false, "is_under_construction": false, "capacity": 163, "max_height": 0.0, "bike_racks": "available", "rate_half_hour": 3.0, "monthly_permit_status": "not_available", "candidate_id": "green_p_39", "distance_to_nearest_charger_m": 670.7838195741225, "capacity_missing": false, "capacity_filled": 163, "existing_chargers_1000m": 1, "existing_chargers_2000m": 1, "baseline_coverage_score": 0.050243432829528652, "baseline_capacity_score": 0.54565968610358451, "baseline_score": 0.248409934139151, "population_500m": 12946.339620400307, "households_500m": 7075.255809468008, "apartment_population_500m": 10882.496121234964, "median_income_500m": 73898.670808981362, "apartment_share_500m": 0.84058478614965237, "population_1000m": 43728.013114635949, "households_1000m": 23387.046705822748, "apartment_population_1000m": 34929.596687772559, "median_income_1000m": 80775.83087971108, "apartment_share_1000m": 0.79879222036002995, "population_2000m": 102773.09007681296, "households_2000m": 49468.192023838848, "apartment_population_2000m": 63968.494069485139, "median_income_2000m": 103976.35285955404, "apartment_share_2000m": 0.62242454733700103, "distance_to_traffic_count_m": 50.422568026588024, "traffic_volume_weighted_1000m": 12048.826391118086, "traffic_counters_1000m": 69, "traffic_data_quality": "high", "distance_to_arterial_m": null, "road_length_500m": null, "intersections_500m": null, "distance_to_transit_stop_m": 49.013703660650854, "transit_stop_count_500m": 9, "distance_to_destination_m": 51.668069187994419, "destination_count_1000m": 19, "capacity_log": 5.0998664278241987, "capacity_score": 0.54565968610358451, "facility_type_score": 1.0, "ttc_facility_score": 0.0, "parking_feasibility_score": 0.60467879596732987, "underserved_population_raw": 0.0, "underserved_population_score": 0.0, "apartment_score": 0.79433718812693566, "low_existing_supply_score": 0.95, "equity_score": 0.31773487525077426, "constraint_status": "eligible", "constraint_notes": "", "essential_data_missing": false, "population_score": 0.89933006616228328, "traffic_score": 0.82984221324003749, "coverage_distance_score": 0.050243432829528652, "arterial_access_score": 0.5, "transit_access_score": 0.94211126917953281, "intersection_access_score": 0.5, "demand_score": 0.85401074203242766, "coverage_score": 0.32017040298067001, "accessibility_score": 0.63263338075385989, "feasibility_score": 0.60467879596732987, "overall_score": 0.58524780642584473, "static_rank": 48, "non_coverage_score": 0.67360694090756956 }, "geometry": { "type": "Point", "coordinates": [ -79.400082, 43.711828 ] } },
{ "type": "Feature", "properties": { "id": "401", "address": "246 Brooke Avenue", "lat": 43.733158, "lng": -79.420295, "carpark_type": "surface", "carpark_type_str": "Surface", "is_ttc": false, "is_under_construction": false, "capacity": 97, "max_height": 0.0, "bike_racks": "available", "rate_half_hour": 1.5, "monthly_permit_status": "not_available", "candidate_id": "green_p_401", "distance_to_nearest_charger_m": 3015.4669764862151, "capacity_missing": false, "capacity_filled": 97, "existing_chargers_1000m": 0, "existing_chargers_2000m": 0, "baseline_coverage_score": 0.25907667458353567, "baseline_capacity_score": 0.452639793353037, "baseline_score": 0.33650192209133623, "population_500m": 3622.7981224465548, "households_500m": 1267.9930004284988, "apartment_population_500m": 370.31196469362203, "median_income_500m": 159300.17005811981, "apartment_share_500m": 0.10221711289933602, "population_1000m": 15952.228513234068, "households_1000m": 5864.0509569508504, "apartment_population_1000m": 3701.4696870608432, "median_income_1000m": 148553.84328937158, "apartment_share_1000m": 0.23203464544092262, "population_2000m": 60608.29424159995, "households_2000m": 23410.544254630782, "apartment_population_2000m": 27148.11668239834, "median_income_2000m": 118038.05364723501, "apartment_share_2000m": 0.44792741690071491, "distance_to_traffic_count_m": 64.742751984861073, "traffic_volume_weighted_1000m": 12117.809859268842, "traffic_counters_1000m": 45, "traffic_data_quality": "high", "distance_to_arterial_m": null, "road_length_500m": null, "intersections_500m": null, "distance_to_transit_stop_m": 55.291092831885571, "transit_stop_count_500m": 9, "distance_to_destination_m": 297.29792117033668, "destination_count_1000m": 6, "capacity_log": 4.5849674786705723, "capacity_score": 0.452639793353037, "facility_type_score": 1.0, "ttc_facility_score": 0.0, "parking_feasibility_score": 0.544215865679474, "underserved_population_raw": 15952.228513234068, "underserved_population_score": 0.90909466544069439, "apartment_score": 0.15286559039464806, "low_existing_supply_score": 1.0, "equity_score": 0.60660303542227578, "constraint_status": "eligible", "constraint_notes": "", "essential_data_missing": false, "population_score": 0.73631314547333349, "traffic_score": 0.83138673424355214, "coverage_distance_score": 0.25907667458353567, "arterial_access_score": 0.5, "transit_access_score": 0.93373184557480704, "intersection_access_score": 0.5, "demand_score": 0.65289939052717294, "coverage_score": 0.48135367220847491, "accessibility_score": 0.6301195536724421, "feasibility_score": 0.544215865679474, "overall_score": 0.58452482933890781, "static_rank": 49, "non_coverage_score": 0.61891521504905189 }, "geometry": { "type": "Point", "coordinates": [ -79.420295, 43.733158 ] } },
{ "type": "Feature", "properties": { "id": "208", "address": "1575 Lake Shore Blvd. W. (Parks)", "lat": 43.637473, "lng": -79.451301, "carpark_type": "surface", "carpark_type_str": "Surface", "is_ttc": false, "is_under_construction": false, "capacity": 193, "max_height": null, "bike_racks": "available", "rate_half_hour": 1.0, "monthly_permit_status": "not_available", "candidate_id": "green_p_208", "distance_to_nearest_charger_m": 1618.4264789512408, "capacity_missing": false, "capacity_filled": 193, "existing_chargers_1000m": 0, "existing_chargers_2000m": 4, "baseline_coverage_score": 0.13464685765846879, "baseline_capacity_score": 0.57600850085360311, "baseline_score": 0.31119151493652253, "population_500m": 1335.7521627167023, "households_500m": 532.44969886304432, "apartment_population_500m": 748.45312598184978, "median_income_500m": 63022.970560521935, "apartment_share_500m": 0.56032334954982821, "population_1000m": 9864.0051053519801, "households_1000m": 4454.1500676220312, "apartment_population_1000m": 6556.0464955462558, "median_income_1000m": 75373.074311698932, "apartment_share_1000m": 0.66464346130448548, "population_2000m": 53562.115849869027, "households_2000m": 25577.750205429769, "apartment_population_2000m": 40870.629745419195, "median_income_2000m": 70333.387640285044, "apartment_share_2000m": 0.76305106878109141, "distance_to_traffic_count_m": 204.82212784131738, "traffic_volume_weighted_1000m": 11359.568575963442, "traffic_counters_1000m": 45, "traffic_data_quality": "high", "distance_to_arterial_m": null, "road_length_500m": null, "intersections_500m": null, "distance_to_transit_stop_m": 193.04238439552861, "transit_stop_count_500m": 16, "distance_to_destination_m": 173.24910341366285, "destination_count_1000m": 7, "capacity_log": 5.2678581590633282, "capacity_score": 0.57600850085360311, "facility_type_score": 1.0, "ttc_facility_score": 0.0, "parking_feasibility_score": 0.62440552555484197, "underserved_population_raw": 9864.0051053519801, "underserved_population_score": 0.86394084568568974, "apartment_score": 0.64250398357303806, "low_existing_supply_score": 0.8, "equity_score": 0.77536610084062907, "constraint_status": "eligible", "constraint_notes": "", "essential_data_missing": false, "population_score": 0.65860510567269148, "traffic_score": 0.8139055184621703, "coverage_distance_score": 0.13464685765846879, "arterial_access_score": 0.5, "transit_access_score": 0.7498534221373736, "intersection_access_score": 0.5, "demand_score": 0.70974002572907846, "coverage_score": 0.33425280036092814, "accessibility_score": 0.57495602664121215, "feasibility_score": 0.62440552555484197, "overall_score": 0.58267385205448718, "static_rank": 50, "non_coverage_score": 0.66548086928567352 }, "geometry": { "type": "Point", "coordinates": [ -79.451301, 43.637473 ] } },
{ "type": "Feature", "properties": { "id": "658", "address": "2054 Dufferin Street", "lat": 43.686611, "lng": -79.446806, "carpark_type": "surface", "carpark_type_str": "Surface", "is_ttc": false, "is_under_construction": false, "capacity": 94, "max_height": 0.0, "bike_racks": "available", "rate_half_hour": 1.0, "monthly_permit_status": "waiting_list", "candidate_id": "green_p_658", "distance_to_nearest_charger_m": 1077.338217785031, "capacity_missing": false, "capacity_filled": 94, "existing_chargers_1000m": 0, "existing_chargers_2000m": 2, "baseline_coverage_score": 0.086453900191587094, "baseline_capacity_score": 0.44702307364607369, "baseline_score": 0.23068156957338173, "population_500m": 7292.9932553382087, "households_500m": 2819.4591230591236, "apartment_population_500m": 2938.4622840451661, "median_income_500m": 76938.81175606318, "apartment_share_500m": 0.4029158098966179, "population_1000m": 26122.216628887083, "households_1000m": 10281.415902965804, "apartment_population_1000m": 11716.448983858389, "median_income_1000m": 76398.512102544119, "apartment_share_1000m": 0.44852430214141281, "population_2000m": 94780.722054598926, "households_2000m": 37913.25706638056, "apartment_population_2000m": 47661.886582752406, "median_income_2000m": 79934.003409743877, "apartment_share_2000m": 0.50286477618620096, "distance_to_traffic_count_m": 52.4565077611257, "traffic_volume_weighted_1000m": 10573.158490601292, "traffic_counters_1000m": 66, "traffic_data_quality": "high", "distance_to_arterial_m": null, "road_length_500m": null, "intersections_500m": null, "distance_to_transit_stop_m": 32.931123708910697, "transit_stop_count_500m": 19, "distance_to_destination_m": 324.82367631463006, "destination_count_1000m": 11, "capacity_log": 4.5538768916005408, "capacity_score": 0.44702307364607369, "facility_type_score": 1.0, "ttc_facility_score": 0.0, "parking_feasibility_score": 0.54056499786994783, "underserved_population_raw": 26122.216628887083, "underserved_population_score": 0.95542232466840271, "apartment_score": 0.39789445656551298, "low_existing_supply_score": 0.9, "equity_score": 0.73241117742724682, "constraint_status": "eligible", "constraint_notes": "", "essential_data_missing": false, "population_score": 0.81604131922851908, "traffic_score": 0.79449653536151665, "coverage_distance_score": 0.086453900191587094, "arterial_access_score": 0.5, "transit_access_score": 0.96357923084264485, "intersection_access_score": 0.5, "demand_score": 0.72487127234246707, "coverage_score": 0.33051773013411101, "accessibility_score": 0.63907376925279347, "feasibility_score": 0.54056499786994783, "overall_score": 0.58223143551004342, "static_rank": 51, "non_coverage_score": 0.66613600396868744 }, "geometry": { "type": "Point", "coordinates": [ -79.446806, 43.686611 ] } },
{ "type": "Feature", "properties": { "id": "508", "address": "128 Eighth Street", "lat": 43.600906, "lng": -79.506769, "carpark_type": "surface", "carpark_type_str": "Surface", "is_ttc": false, "is_under_construction": false, "capacity": 45, "max_height": 0.0, "bike_racks": "available", "rate_half_hour": 1.0, "monthly_permit_status": "waiting_list", "candidate_id": "green_p_508", "distance_to_nearest_charger_m": 2177.1197322138582, "capacity_missing": false, "capacity_filled": 45, "existing_chargers_1000m": 0, "existing_chargers_2000m": 0, "baseline_coverage_score": 0.18440783405349784, "baseline_capacity_score": 0.31600449595224156, "baseline_score": 0.23704649881299533, "population_500m": 5196.3153097437043, "households_500m": 2438.8851618892359, "apartment_population_500m": 3419.1271711461, "median_income_500m": 62266.981784406264, "apartment_share_500m": 0.65799070443913077, "population_1000m": 11241.832800979893, "households_1000m": 5215.0386688455874, "apartment_population_1000m": 6543.8750594795238, "median_income_1000m": 65445.237026811577, "apartment_share_1000m": 0.58210037236180279, "population_2000m": 27280.746009000977, "households_2000m": 12094.950261335076, "apartment_population_2000m": 14574.740155830368, "median_income_2000m": 71170.390718008159, "apartment_share_2000m": 0.53425005866854214, "distance_to_traffic_count_m": 121.6920812296475, "traffic_volume_weighted_1000m": 8905.8210808261483, "traffic_counters_1000m": 19, "traffic_data_quality": "high", "distance_to_arterial_m": null, "road_length_500m": null, "intersections_500m": null, "distance_to_transit_stop_m": 30.665073893683562, "transit_stop_count_500m": 18, "distance_to_destination_m": 204.68318904944036, "destination_count_1000m": 12, "capacity_log": 3.8286413964890951, "capacity_score": 0.31600449595224156, "facility_type_score": 1.0, "ttc_facility_score": 0.0, "parking_feasibility_score": 0.45540292236895702, "underserved_population_raw": 11241.832800979893, "underserved_population_score": 0.87622227190806068, "apartment_score": 0.54907947636044663, "low_existing_supply_score": 1.0, "equity_score": 0.74536515368901513, "constraint_status": "eligible", "constraint_notes": "", "essential_data_missing": false, "population_score": 0.67974098216940515, "traffic_score": 0.74806892933439484, "coverage_distance_score": 0.18440783405349784, "arterial_access_score": 0.5, "transit_access_score": 0.96660408572948375, "intersection_access_score": 0.5, "demand_score": 0.67752346251535989, "coverage_score": 0.42908548383744849, "accessibility_score": 0.63998122571884508, "feasibility_score": 0.45540292236895702, "overall_score": 0.58137160858198422, "static_rank": 52, "non_coverage_score": 0.6321336501634961 }, "geometry": { "type": "Point", "coordinates": [ -79.506769, 43.600906 ] } },
{ "type": "Feature", "properties": { "id": "652", "address": "301 Scott Road", "lat": 43.690343, "lng": -79.472383, "carpark_type": "surface", "carpark_type_str": "Surface", "is_ttc": false, "is_under_construction": false, "capacity": 14, "max_height": 0.0, "bike_racks": "n/a", "rate_half_hour": 1.0, "monthly_permit_status": "", "candidate_id": "green_p_652", "distance_to_nearest_charger_m": 2655.8430939950244, "capacity_missing": false, "capacity_filled": 14, "existing_chargers_1000m": 0, "existing_chargers_2000m": 0, "baseline_coverage_score": 0.22704615439516843, "baseline_capacity_score": 0.11356230222969155, "baseline_score": 0.18165261352897766, "population_500m": 5430.0871301398192, "households_500m": 2092.5474554236339, "apartment_population_500m": 2967.0200378027885, "median_income_500m": 66354.820956553842, "apartment_share_500m": 0.5464037623511192, "population_1000m": 16909.568052809798, "households_1000m": 6529.0905819909176, "apartment_population_1000m": 9002.1326850253845, "median_income_1000m": 67138.321495309792, "apartment_share_1000m": 0.53236916856250116, "population_2000m": 64456.458900569109, "households_2000m": 24431.861635652123, "apartment_population_2000m": 33650.27241682382, "median_income_2000m": 71411.294486283266, "apartment_share_2000m": 0.52206207090484003, "distance_to_traffic_count_m": 46.545918710060825, "traffic_volume_weighted_1000m": 13073.374051612222, "traffic_counters_1000m": 53, "traffic_data_quality": "high", "distance_to_arterial_m": null, "road_length_500m": null, "intersections_500m": null, "distance_to_transit_stop_m": 83.457401649061453, "transit_stop_count_500m": 18, "distance_to_destination_m": 331.27268621292654, "destination_count_1000m": 17, "capacity_log": 2.7080502011022101, "capacity_score": 0.11356230222969155, "facility_type_score": 1.0, "ttc_facility_score": 0.0, "parking_feasibility_score": 0.32381549644929952, "underserved_population_raw": 16909.568052809798, "underserved_population_score": 0.91456924568244669, "apartment_score": 0.49279235084149564, "low_existing_supply_score": 1.0, "equity_score": 0.74585848774606633, "constraint_status": "eligible", "constraint_notes": "", "essential_data_missing": false, "population_score": 0.74573469389661484, "traffic_score": 0.85192127360530678, "coverage_distance_score": 0.22704615439516843, "arterial_access_score": 0.5, "transit_access_score": 0.89613382089885452, "intersection_access_score": 0.5, "demand_score": 0.73231152818363321, "coverage_score": 0.45893230807661789, "accessibility_score": 0.61884014626965633, "feasibility_score": 0.32381549644929952, "overall_score": 0.58135273797017717, "static_rank": 53, "non_coverage_score": 0.62215954793469697 }, "geometry": { "type": "Point", "coordinates": [ -79.472383, 43.690343 ] } },
{ "type": "Feature", "properties": { "id": "284", "address": "83 Tannery Road", "lat": 43.653919748045652, "lng": -79.354923312552273, "carpark_type": "garage", "carpark_type_str": "Garage", "is_ttc": false, "is_under_construction": false, "capacity": 27, "max_height": null, "bike_racks": "not available", "rate_half_hour": 1.5, "monthly_permit_status": "not_available", "candidate_id": "green_p_284", "distance_to_nearest_charger_m": 1397.4816341801472, "capacity_missing": false, "capacity_filled": 27, "existing_chargers_1000m": 0, "existing_chargers_2000m": 5, "baseline_coverage_score": 0.11496802470129015, "baseline_capacity_score": 0.22631989667651847, "baseline_score": 0.15950877349138148, "population_500m": 5324.4633809373299, "households_500m": 3274.2774851181703, "apartment_population_500m": 4963.4762406814953, "median_income_500m": 76744.31962853919, "apartment_share_500m": 0.93220215551707186, "population_1000m": 27610.151786576938, "households_1000m": 15262.817500201958, "apartment_population_1000m": 24498.36644543667, "median_income_1000m": 69199.566060442827, "apartment_share_1000m": 0.88729560905010652, "population_2000m": 99362.966121088306, "households_2000m": 54291.705496856564, "apartment_population_2000m": 81626.396811392973, "median_income_2000m": 71112.377483246222, "apartment_share_2000m": 0.82149718348704759, "distance_to_traffic_count_m": 68.170109183201475, "traffic_volume_weighted_1000m": 7465.7189471665442, "traffic_counters_1000m": 94, "traffic_data_quality": "high", "distance_to_arterial_m": null, "road_length_500m": null, "intersections_500m": null, "distance_to_transit_stop_m": 88.99392625740326, "transit_stop_count_500m": 20, "distance_to_destination_m": 59.156250380008451, "destination_count_1000m": 27, "capacity_log": 3.3322045101752038, "capacity_score": 0.22631989667651847, "facility_type_score": 0.7, "ttc_facility_score": 0.0, "parking_feasibility_score": 0.32210793283973699, "underserved_population_raw": 27610.151786576938, "underserved_population_score": 0.96062614827606718, "apartment_score": 0.89450772427874303, "low_existing_supply_score": 0.75, "equity_score": 0.9341787786771375, "constraint_status": "eligible", "constraint_notes": "", "essential_data_missing": false, "population_score": 0.82499690558232019, "traffic_score": 0.70035182275078001, "coverage_distance_score": 0.11496802470129015, "arterial_access_score": 0.5, "transit_access_score": 0.88874334633597829, "intersection_access_score": 0.5, "demand_score": 0.79527329033056571, "coverage_score": 0.30547761729090306, "accessibility_score": 0.6166230039007935, "feasibility_score": 0.32210793283973699, "overall_score": 0.58001005999572841, "static_rank": 54, "non_coverage_score": 0.67152087423067031 }, "geometry": { "type": "Point", "coordinates": [ -79.354923312552273, 43.653919748045652 ] } },
{ "type": "Feature", "properties": { "id": "522", "address": "2195 Lake shore Blvd West (Parks)", "lat": 43.622773989551433, "lng": -79.476733822090182, "carpark_type": "surface", "carpark_type_str": "Surface", "is_ttc": false, "is_under_construction": false, "capacity": 228, "max_height": null, "bike_racks": "available", "rate_half_hour": 1.0, "monthly_permit_status": "not_available", "candidate_id": "green_p_522", "distance_to_nearest_charger_m": 937.15619475581093, "capacity_missing": false, "capacity_filled": 228, "existing_chargers_1000m": 1, "existing_chargers_2000m": 3, "baseline_coverage_score": 0.073968346986444819, "baseline_capacity_score": 0.60597289882159111, "baseline_score": 0.28677016772050334, "population_500m": 7585.520053812118, "households_500m": 4617.7255550862019, "apartment_population_500m": 7514.3777294911652, "median_income_500m": 75262.975098677969, "apartment_share_500m": 0.9906212990254768, "population_1000m": 20655.572851135625, "households_1000m": 12213.89528226587, "apartment_population_1000m": 19626.184153010719, "median_income_1000m": 75643.913024116133, "apartment_share_1000m": 0.95016411766724207, "population_2000m": 44126.633233288136, "households_2000m": 23417.516049998958, "apartment_population_2000m": 35933.35418307544, "median_income_2000m": 73813.382927358471, "apartment_share_2000m": 0.81432349468184961, "distance_to_traffic_count_m": 203.34886158205893, "traffic_volume_weighted_1000m": 14127.639356526264, "traffic_counters_1000m": 17, "traffic_data_quality": "high", "distance_to_arterial_m": null, "road_length_500m": null, "intersections_500m": null, "distance_to_transit_stop_m": 220.39610509520068, "transit_stop_count_500m": 8, "distance_to_destination_m": 616.2654677866002, "destination_count_1000m": 4, "capacity_log": 5.43372200355424, "capacity_score": 0.60597289882159111, "facility_type_score": 1.0, "ttc_facility_score": 0.0, "parking_feasibility_score": 0.64388238423403421, "underserved_population_raw": 0.0, "underserved_population_score": 0.0, "apartment_score": 0.96566400776632777, "low_existing_supply_score": 0.85, "equity_score": 0.38626560310653113, "constraint_status": "eligible", "constraint_notes": "", "essential_data_missing": false, "population_score": 0.77808340362775663, "traffic_score": 0.87290343556595085, "coverage_distance_score": 0.073968346986444819, "arterial_access_score": 0.5, "transit_access_score": 0.71334008726907761, "intersection_access_score": 0.5, "demand_score": 0.84878653563383888, "coverage_score": 0.30677784289051135, "accessibility_score": 0.56400202618072326, "feasibility_score": 0.64388238423403421, "overall_score": 0.5793397445946824, "static_rank": 55, "non_coverage_score": 0.67019371182940601 }, "geometry": { "type": "Point", "coordinates": [ -79.476733822090182, 43.622773989551433 ] } },
{ "type": "Feature", "properties": { "id": "667", "address": "1531 Eglinton Avenue West", "lat": 43.697588, "lng": -79.440712, "carpark_type": "surface", "carpark_type_str": "Surface", "is_ttc": false, "is_under_construction": false, "capacity": 23, "max_height": 0.0, "bike_racks": "available", "rate_half_hour": 1.0, "monthly_permit_status": "not_available", "candidate_id": "green_p_667", "distance_to_nearest_charger_m": 1086.8472853941728, "capacity_missing": false, "capacity_filled": 23, "existing_chargers_1000m": 0, "existing_chargers_2000m": 1, "baseline_coverage_score": 0.087300841668102147, "baseline_capacity_score": 0.19847155919491041, "baseline_score": 0.13176912867882545, "population_500m": 6742.0934255903558, "households_500m": 2805.326883790879, "apartment_population_500m": 3733.5482020402428, "median_income_500m": 76320.261840757012, "apartment_share_500m": 0.55376690389206873, "population_1000m": 27587.555465154088, "households_1000m": 11316.784729765694, "apartment_population_1000m": 16718.857781131312, "median_income_1000m": 81033.935835887562, "apartment_share_1000m": 0.60602896846909626, "population_2000m": 82682.967958546142, "households_2000m": 33303.997545769351, "apartment_population_2000m": 44081.750380362471, "median_income_2000m": 86247.583476570609, "apartment_share_2000m": 0.53314184854205116, "distance_to_traffic_count_m": 118.92581082596737, "traffic_volume_weighted_1000m": 11748.393510021309, "traffic_counters_1000m": 94, "traffic_data_quality": "high", "distance_to_arterial_m": null, "road_length_500m": null, "intersections_500m": null, "distance_to_transit_stop_m": 104.29008712405056, "transit_stop_count_500m": 29, "distance_to_destination_m": 454.08089425447554, "destination_count_1000m": 14, "capacity_log": 3.1780538303479458, "capacity_score": 0.19847155919491041, "facility_type_score": 1.0, "ttc_facility_score": 0.0, "parking_feasibility_score": 0.37900651347669179, "underserved_population_raw": 27587.555465154088, "underserved_population_score": 0.96054923865605091, "apartment_score": 0.57616251054596579, "low_existing_supply_score": 0.95, "equity_score": 0.80679454741201684, "constraint_status": "eligible", "constraint_notes": "", "essential_data_missing": false, "population_score": 0.82486454699459255, "traffic_score": 0.82301084696527216, "coverage_distance_score": 0.087300841668102147, "arterial_access_score": 0.5, "transit_access_score": 0.86832514253637916, "intersection_access_score": 0.5, "demand_score": 0.77447534469460511, "coverage_score": 0.34611058916767146, "accessibility_score": 0.61049754276091373, "feasibility_score": 0.37900651347669179, "overall_score": 0.57850019101518768, "static_rank": 56, "non_coverage_score": 0.65596339163102635 }, "geometry": { "type": "Point", "coordinates": [ -79.440712, 43.697588 ] } },
{ "type": "Feature", "properties": { "id": "414", "address": "3885 Yonge Street", "lat": 43.741786, "lng": -79.40595, "carpark_type": "surface", "carpark_type_str": "Surface", "is_ttc": false, "is_under_construction": false, "capacity": 129, "max_height": 0.0, "bike_racks": "available", "rate_half_hour": 1.25, "monthly_permit_status": "not_available", "candidate_id": "green_p_414", "distance_to_nearest_charger_m": 1961.7150071415854, "capacity_missing": false, "capacity_filled": 129, "existing_chargers_1000m": 0, "existing_chargers_2000m": 1, "baseline_coverage_score": 0.1652224413946381, "baseline_capacity_score": 0.5036873813380075, "baseline_score": 0.30060841737198585, "population_500m": 2185.9745827083379, "households_500m": 1031.7529691499628, "apartment_population_500m": 1329.1985528871198, "median_income_500m": 121056.18377729364, "apartment_share_500m": 0.60805764321389966, "population_1000m": 8523.2817682770874, "households_1000m": 3594.7174821515018, "apartment_population_1000m": 3654.617452623776, "median_income_1000m": 136067.85774448363, "apartment_share_1000m": 0.42878055096405987, "population_2000m": 49109.954975776593, "households_2000m": 20078.999162639193, "apartment_population_2000m": 19563.963331701743, "median_income_2000m": 126289.45731106264, "apartment_share_2000m": 0.39837062244002541, "distance_to_traffic_count_m": 25.584752903451847, "traffic_volume_weighted_1000m": 11912.855996641014, "traffic_counters_1000m": 28, "traffic_data_quality": "high", "distance_to_arterial_m": null, "road_length_500m": null, "intersections_500m": null, "distance_to_transit_stop_m": 8.376618040920274, "transit_stop_count_500m": 27, "distance_to_destination_m": 62.785187107664576, "destination_count_1000m": 9, "capacity_log": 4.8675344504555822, "capacity_score": 0.5036873813380075, "facility_type_score": 1.0, "ttc_facility_score": 0.0, "parking_feasibility_score": 0.57739679786970488, "underserved_population_raw": 8523.2817682770874, "underserved_population_score": 0.85021859854603499, "apartment_score": 0.37554794339403397, "low_existing_supply_score": 0.95, "equity_score": 0.66035033648523456, "constraint_status": "eligible", "constraint_notes": "", "essential_data_missing": false, "population_score": 0.63498963011230203, "traffic_score": 0.82677181136112665, "coverage_distance_score": 0.1652224413946381, "arterial_access_score": 0.5, "transit_access_score": 0.99635601093134252, "intersection_access_score": 0.5, "demand_score": 0.65022505620573712, "coverage_score": 0.40065570897624664, "accessibility_score": 0.64890680327940276, "feasibility_score": 0.57739679786970488, "overall_score": 0.57765735809064256, "static_rank": 57, "non_coverage_score": 0.63665790779544107 }, "geometry": { "type": "Point", "coordinates": [ -79.40595, 43.741786 ] } },
{ "type": "Feature", "properties": { "id": "402", "address": "10 Empress Avenue", "lat": 43.769459, "lng": -79.412484, "carpark_type": "surface", "carpark_type_str": "Surface", "is_ttc": false, "is_under_construction": false, "capacity": 68, "max_height": 0.0, "bike_racks": "available", "rate_half_hour": 2.5, "monthly_permit_status": "not_available", "candidate_id": "green_p_402", "distance_to_nearest_charger_m": 738.78225543445626, "capacity_missing": false, "capacity_filled": 68, "existing_chargers_1000m": 1, "existing_chargers_2000m": 2, "baseline_coverage_score": 0.056299830579072355, "baseline_capacity_score": 0.38925444321336428, "baseline_score": 0.18948167563278914, "population_500m": 15801.75488027428, "households_500m": 7962.9102925106681, "apartment_population_500m": 14629.274652818882, "median_income_500m": 64178.978697435501, "apartment_share_500m": 0.92580063187038586, "population_1000m": 39179.214453927671, "households_1000m": 18834.220839327041, "apartment_population_1000m": 33154.026286290769, "median_income_1000m": 69168.767946533524, "apartment_share_1000m": 0.84621467654176297, "population_2000m": 90688.645469152791, "households_2000m": 40682.369954957954, "apartment_population_2000m": 63200.986496594953, "median_income_2000m": 76090.888674671485, "apartment_share_2000m": 0.69690076601808326, "distance_to_traffic_count_m": 39.591264870576268, "traffic_volume_weighted_1000m": 14955.659422764576, "traffic_counters_1000m": 49, "traffic_data_quality": "high", "distance_to_arterial_m": null, "road_length_500m": null, "intersections_500m": null, "distance_to_transit_stop_m": 38.577450448612488, "transit_stop_count_500m": 9, "distance_to_destination_m": 73.480441365467016, "destination_count_1000m": 28, "capacity_log": 4.2341065045972597, "capacity_score": 0.38925444321336428, "facility_type_score": 1.0, "ttc_facility_score": 0.0, "parking_feasibility_score": 0.50301538808868673, "underserved_population_raw": 0.0, "underserved_population_score": 0.0, "apartment_score": 0.84801121046290096, "low_existing_supply_score": 0.9, "equity_score": 0.33920448418516042, "constraint_status": "eligible", "constraint_notes": "", "essential_data_missing": false, "population_score": 0.88157258717859666, "traffic_score": 0.8883127905506526, "coverage_distance_score": 0.056299830579072355, "arterial_access_score": 0.5, "transit_access_score": 0.95604218601842761, "intersection_access_score": 0.5, "demand_score": 0.87721938301567715, "coverage_score": 0.30940988140535064, "accessibility_score": 0.63681265580552826, "feasibility_score": 0.50301538808868673, "overall_score": 0.57725357304896541, "static_rank": 58, "non_coverage_score": 0.66653480359683703 }, "geometry": { "type": "Point", "coordinates": [ -79.412484, 43.769459 ] } },
{ "type": "Feature", "properties": { "id": "657", "address": "271A Scarlett Road", "lat": 43.67789, "lng": -79.506555, "carpark_type": "surface", "carpark_type_str": "Surface", "is_ttc": false, "is_under_construction": false, "capacity": 11, "max_height": 0.0, "bike_racks": "available", "rate_half_hour": 1.0, "monthly_permit_status": "not_available", "candidate_id": "green_p_657", "distance_to_nearest_charger_m": 2416.3768768714444, "capacity_missing": false, "capacity_filled": 11, "existing_chargers_1000m": 0, "existing_chargers_2000m": 0, "baseline_coverage_score": 0.20571768352478162, "baseline_capacity_score": 0.073249947261122675, "baseline_score": 0.15273058901931805, "population_500m": 2172.3948119406605, "households_500m": 995.19471707511184, "apartment_population_500m": 1365.5146813897625, "median_income_500m": 72100.757217969804, "apartment_share_500m": 0.62857574225649637, "population_1000m": 13236.145157401126, "households_1000m": 5625.5211804180281, "apartment_population_1000m": 8826.4704709476973, "median_income_1000m": 73184.25927381868, "apartment_share_1000m": 0.6668460013081895, "population_2000m": 55426.555707066538, "households_2000m": 22223.316456533859, "apartment_population_2000m": 32668.281752903837, "median_income_2000m": 75877.580036712316, "apartment_share_2000m": 0.58939765129116328, "distance_to_traffic_count_m": 124.06535604846336, "traffic_volume_weighted_1000m": 11674.349957249735, "traffic_counters_1000m": 22, "traffic_data_quality": "high", "distance_to_arterial_m": null, "road_length_500m": null, "intersections_500m": null, "distance_to_transit_stop_m": 113.34390868990562, "transit_stop_count_500m": 4, "distance_to_destination_m": 102.65501521800029, "destination_count_1000m": 13, "capacity_log": 2.4849066497880004, "capacity_score": 0.073249947261122675, "facility_type_score": 1.0, "ttc_facility_score": 0.0, "parking_feasibility_score": 0.29761246571972977, "underserved_population_raw": 13236.145157401126, "underserved_population_score": 0.8915622730460171, "apartment_score": 0.64499687809755668, "low_existing_supply_score": 1.0, "equity_score": 0.79293611506663297, "constraint_status": "eligible", "constraint_notes": "", "essential_data_missing": false, "population_score": 0.70614055202723736, "traffic_score": 0.82130038425059126, "coverage_distance_score": 0.20571768352478162, "arterial_access_score": 0.5, "transit_access_score": 0.85623957573903198, "intersection_access_score": 0.5, "demand_score": 0.73421775851947513, "coverage_score": 0.44400237846734714, "accessibility_score": 0.60687187272170962, "feasibility_score": 0.29761246571972977, "overall_score": 0.57657577808164406, "static_rank": 59, "non_coverage_score": 0.6207669112864096 }, "geometry": { "type": "Point", "coordinates": [ -79.506555, 43.67789 ] } },
{ "type": "Feature", "properties": { "id": "5", "address": "15 Wellesley Street East", "lat": 43.664837, "lng": -79.383591, "carpark_type": "surface", "carpark_type_str": "Surface", "is_ttc": false, "is_under_construction": false, "capacity": 135, "max_height": 0.0, "bike_racks": "available", "rate_half_hour": 3.0, "monthly_permit_status": "not_available", "candidate_id": "green_p_5", "distance_to_nearest_charger_m": 133.8826866200896, "capacity_missing": false, "capacity_filled": 135, "existing_chargers_1000m": 6, "existing_chargers_2000m": 9, "baseline_coverage_score": 0.0024234091450263868, "baseline_capacity_score": 0.51183868570082747, "baseline_score": 0.20618951976734684, "population_500m": 31117.940998400463, "households_500m": 19752.547561117186, "apartment_population_500m": 30333.749274825219, "median_income_500m": 51995.294320016466, "apartment_share_500m": 0.97479936980356274, "population_1000m": 81507.8403596547, "households_1000m": 49000.327383206692, "apartment_population_1000m": 78132.901170215278, "median_income_1000m": 56083.848723278068, "apartment_share_1000m": 0.95859368651472732, "population_2000m": 183044.57992881775, "households_2000m": 104094.85128796229, "apartment_population_2000m": 164393.47223024652, "median_income_2000m": 63434.420070978667, "apartment_share_2000m": 0.89810620065437474, "distance_to_traffic_count_m": 78.397060781823626, "traffic_volume_weighted_1000m": 11132.204537545444, "traffic_counters_1000m": 120, "traffic_data_quality": "high", "distance_to_arterial_m": null, "road_length_500m": null, "intersections_500m": null, "distance_to_transit_stop_m": 14.959267212024319, "transit_stop_count_500m": 33, "distance_to_destination_m": 151.45965379959139, "destination_count_1000m": 34, "capacity_log": 4.9126548857360524, "capacity_score": 0.51183868570082747, "facility_type_score": 1.0, "ttc_facility_score": 0.0, "parking_feasibility_score": 0.58269514570553782, "underserved_population_raw": 0.0, "underserved_population_score": 0.0, "apartment_score": 0.97520482245691653, "low_existing_supply_score": 0.55, "equity_score": 0.39008192898276661, "constraint_status": "eligible", "constraint_notes": "", "essential_data_missing": false, "population_score": 1.0, "traffic_score": 0.80843568611504935, "coverage_distance_score": 0.0024234091450263868, "arterial_access_score": 0.5, "transit_access_score": 0.98756910855180935, "intersection_access_score": 0.5, "demand_score": 0.92799345463165062, "coverage_score": 0.16669638640151849, "accessibility_score": 0.64627073256554279, "feasibility_score": 0.58269514570553782, "overall_score": 0.57573874425709071, "static_rank": 60, "non_coverage_score": 0.71208619687561481 }, "geometry": { "type": "Point", "coordinates": [ -79.383591, 43.664837 ] } },
{ "type": "Feature", "properties": { "id": "404", "address": "95 Beecroft Road", "lat": 43.763594, "lng": -79.414051, "carpark_type": "garage", "carpark_type_str": "Garage", "is_ttc": false, "is_under_construction": false, "capacity": 387, "max_height": 1.93, "bike_racks": "not available", "rate_half_hour": 2.0, "monthly_permit_status": "not_available", "candidate_id": "green_p_404", "distance_to_nearest_charger_m": 132.53719115584454, "capacity_missing": false, "capacity_filled": 387, "existing_chargers_1000m": 2, "existing_chargers_2000m": 2, "baseline_coverage_score": 0.0023035702752263153, "baseline_capacity_score": 0.70123011278739078, "baseline_score": 0.28187418728009211, "population_500m": 13737.822795710736, "households_500m": 7019.6599029723775, "apartment_population_500m": 13011.339485867742, "median_income_500m": 70023.884196475323, "apartment_share_500m": 0.94711801712351262, "population_1000m": 36196.902052061938, "households_1000m": 17814.130935278285, "apartment_population_1000m": 30293.563283402935, "median_income_1000m": 72038.638109687206, "apartment_share_1000m": 0.83691038641460969, "population_2000m": 86092.47537622384, "households_2000m": 39104.518789908718, "apartment_population_2000m": 62251.993508460953, "median_income_2000m": 76492.470343607245, "apartment_share_2000m": 0.72308286219463369, "distance_to_traffic_count_m": 108.16471251636519, "traffic_volume_weighted_1000m": 17209.909910465791, "traffic_counters_1000m": 57, "traffic_data_quality": "high", "distance_to_arterial_m": null, "road_length_500m": null, "intersections_500m": null, "distance_to_transit_stop_m": 208.26866750337078, "transit_stop_count_500m": 19, "distance_to_destination_m": 354.72309847662206, "destination_count_1000m": 21, "capacity_log": 5.9610053396232736, "capacity_score": 0.70123011278739078, "facility_type_score": 0.7, "ttc_facility_score": 0.0, "parking_feasibility_score": 0.63079957331180403, "underserved_population_raw": 0.0, "underserved_population_score": 0.0, "apartment_score": 0.83748036249941038, "low_existing_supply_score": 0.9, "equity_score": 0.33499214499976415, "constraint_status": "eligible", "constraint_notes": "", "essential_data_missing": false, "population_score": 0.8687733010499934, "traffic_score": 0.92629639201687275, "coverage_distance_score": 0.0023035702752263153, "arterial_access_score": 0.5, "transit_access_score": 0.72952849522815111, "intersection_access_score": 0.5, "demand_score": 0.88264779517828462, "coverage_score": 0.27161249919265845, "accessibility_score": 0.56885854856844531, "feasibility_score": 0.63079957331180403, "overall_score": 0.57458832356208611, "static_rank": 61, "non_coverage_score": 0.67558026501856194 }, "geometry": { "type": "Point", "coordinates": [ -79.414051, 43.763594 ] } },
{ "type": "Feature", "properties": { "id": "230", "address": "31A Parliament Street", "lat": 43.649553, "lng": -79.361694, "carpark_type": "surface", "carpark_type_str": "Surface", "is_ttc": false, "is_under_construction": false, "capacity": 230, "max_height": 0.0, "bike_racks": "available", "rate_half_hour": 2.25, "monthly_permit_status": "not_available", "candidate_id": "green_p_230", "distance_to_nearest_charger_m": 694.04372608009385, "capacity_missing": false, "capacity_filled": 230, "existing_chargers_1000m": 2, "existing_chargers_2000m": 6, "baseline_coverage_score": 0.052315116444526882, "baseline_capacity_score": 0.60754383566432812, "baseline_score": 0.27440660413244738, "population_500m": 8201.7933187070648, "households_500m": 4931.3017726304315, "apartment_population_500m": 7758.7162048815371, "median_income_500m": 69882.372359929548, "apartment_share_500m": 0.945978020097759, "population_1000m": 32809.21694515214, "households_1000m": 19503.465311790056, "apartment_population_1000m": 30426.221495016664, "median_income_1000m": 69290.098848357506, "apartment_share_1000m": 0.92736810957362437, "population_2000m": 107138.21819639399, "households_2000m": 61026.053497970825, "apartment_population_2000m": 95712.551434209367, "median_income_2000m": 68494.676587802765, "apartment_share_2000m": 0.89335582619789, "distance_to_traffic_count_m": 80.154694383694306, "traffic_volume_weighted_1000m": 9476.7932668409212, "traffic_counters_1000m": 108, "traffic_data_quality": "high", "distance_to_arterial_m": null, "road_length_500m": null, "intersections_500m": null, "distance_to_transit_stop_m": 65.153527731876906, "transit_stop_count_500m": 32, "distance_to_destination_m": 100.54655478124111, "destination_count_1000m": 30, "capacity_log": 5.4424177105217932, "capacity_score": 0.60754383566432812, "facility_type_score": 1.0, "ttc_facility_score": 0.0, "parking_feasibility_score": 0.64490349318181328, "underserved_population_raw": 0.0, "underserved_population_score": 0.0, "apartment_score": 0.93986286741841407, "low_existing_supply_score": 0.7, "equity_score": 0.37594514696736564, "constraint_status": "eligible", "constraint_notes": "", "essential_data_missing": false, "population_score": 0.85288771595955604, "traffic_score": 0.76488017437669698, "coverage_distance_score": 0.052315116444526882, "arterial_access_score": 0.5, "transit_access_score": 0.92056689474146491, "intersection_access_score": 0.5, "demand_score": 0.83948010669732698, "coverage_score": 0.24662058151116881, "accessibility_score": 0.6261700684224395, "feasibility_score": 0.64490349318181328, "overall_score": 0.57306322974548685, "static_rank": 62, "non_coverage_score": 0.68187744582359266 }, "geometry": { "type": "Point", "coordinates": [ -79.361694, 43.649553 ] } },
{ "type": "Feature", "properties": { "id": "26", "address": "37 Queen Street East", "lat": 43.652705, "lng": -79.377218, "carpark_type": "garage", "carpark_type_str": "Garage", "is_ttc": false, "is_under_construction": false, "capacity": 620, "max_height": 2.0, "bike_racks": "not available", "rate_half_hour": 3.5, "monthly_permit_status": "not_available", "candidate_id": "green_p_26", "distance_to_nearest_charger_m": 501.50207017398066, "capacity_missing": false, "capacity_filled": 620, "existing_chargers_1000m": 5, "existing_chargers_2000m": 11, "baseline_coverage_score": 0.035166062399837598, "baseline_capacity_score": 0.78619756160318488, "baseline_score": 0.33557866208117654, "population_500m": 12654.787018879015, "households_500m": 7737.0032304828283, "apartment_population_500m": 12274.635211824319, "median_income_500m": 64836.57238891218, "apartment_share_500m": 0.9699598415613343, "population_1000m": 55361.192960319619, "households_1000m": 33135.172061072008, "apartment_population_1000m": 52407.987447698892, "median_income_1000m": 63521.27618966515, "apartment_share_1000m": 0.94665567422404628, "population_2000m": 210008.06552629845, "households_2000m": 123362.5435160029, "apartment_population_2000m": 198366.78685102143, "median_income_2000m": 63984.386081770113, "apartment_share_2000m": 0.94456746865363017, "distance_to_traffic_count_m": 31.94299884324926, "traffic_volume_weighted_1000m": 12156.714469833234, "traffic_counters_1000m": 145, "traffic_data_quality": "high", "distance_to_arterial_m": null, "road_length_500m": null, "intersections_500m": null, "distance_to_transit_stop_m": 128.7895215851868, "transit_stop_count_500m": 39, "distance_to_destination_m": 248.03296013885813, "destination_count_1000m": 22, "capacity_log": 6.4313310819334788, "capacity_score": 0.78619756160318488, "facility_type_score": 0.7, "ttc_facility_score": 0.0, "parking_feasibility_score": 0.68602841504207013, "underserved_population_raw": 0.0, "underserved_population_score": 0.0, "apartment_score": 0.96169305630373569, "low_existing_supply_score": 0.45, "equity_score": 0.38467722252149428, "constraint_status": "eligible", "constraint_notes": "", "essential_data_missing": false, "population_score": 0.93746488536853234, "traffic_score": 0.83225392510996943, "coverage_distance_score": 0.035166062399837598, "arterial_access_score": 0.5, "transit_access_score": 0.83562187469267168, "intersection_access_score": 0.5, "demand_score": 0.90548668346507599, "coverage_score": 0.1596162436798863, "accessibility_score": 0.60068656240780149, "feasibility_score": 0.68602841504207013, "overall_score": 0.57305936294951465, "static_rank": 63, "non_coverage_score": 0.71087373603939064 }, "geometry": { "type": "Point", "coordinates": [ -79.377218, 43.652705 ] } },
{ "type": "Feature", "properties": { "id": "511", "address": "120 Sixth Street", "lat": 43.600152, "lng": -79.50399, "carpark_type": "surface", "carpark_type_str": "Surface", "is_ttc": false, "is_under_construction": false, "capacity": 54, "max_height": 0.0, "bike_racks": "available", "rate_half_hour": 1.0, "monthly_permit_status": "available", "candidate_id": "green_p_511", "distance_to_nearest_charger_m": 2099.2015520873251, "capacity_missing": false, "capacity_filled": 54, "existing_chargers_1000m": 0, "existing_chargers_2000m": 0, "baseline_coverage_score": 0.17746791720399638, "baseline_capacity_score": 0.34828634669525599, "baseline_score": 0.24579528900050024, "population_500m": 5183.3029740339507, "households_500m": 2444.38105049556, "apartment_population_500m": 3107.2302311286503, "median_income_500m": 65352.873063284693, "apartment_share_500m": 0.59946915059653971, "population_1000m": 11182.552137211274, "households_1000m": 5248.6334672114235, "apartment_population_1000m": 6539.1273879165728, "median_income_1000m": 66393.421197558389, "apartment_share_1000m": 0.58476162754983696, "population_2000m": 25944.894018192259, "households_2000m": 11651.374173066462, "apartment_population_2000m": 14379.085017652757, "median_income_2000m": 69829.786263747359, "apartment_share_2000m": 0.55421637134344459, "distance_to_traffic_count_m": 123.86964419230901, "traffic_volume_weighted_1000m": 7872.2542986578292, "traffic_counters_1000m": 18, "traffic_data_quality": "high", "distance_to_arterial_m": null, "road_length_500m": null, "intersections_500m": null, "distance_to_transit_stop_m": 121.42300641265888, "transit_stop_count_500m": 17, "distance_to_destination_m": 236.97251302913705, "destination_count_1000m": 12, "capacity_log": 4.0073331852324712, "capacity_score": 0.34828634669525599, "facility_type_score": 1.0, "ttc_facility_score": 0.0, "parking_feasibility_score": 0.47638612535191638, "underserved_population_raw": 11182.552137211274, "underserved_population_score": 0.87572564017146814, "apartment_score": 0.55209155717416181, "low_existing_supply_score": 1.0, "equity_score": 0.74627200697254559, "constraint_status": "eligible", "constraint_notes": "", "essential_data_missing": false, "population_score": 0.6788862974724561, "traffic_score": 0.71469598469287321, "coverage_distance_score": 0.17746791720399638, "arterial_access_score": 0.5, "transit_access_score": 0.84545512693137426, "intersection_access_score": 0.5, "demand_score": 0.6660607399399433, "coverage_score": 0.42422754204279745, "accessibility_score": 0.60363653807941231, "feasibility_score": 0.47638612535191638, "overall_score": 0.57268753460860677, "static_rank": 64, "non_coverage_score": 0.62217419879720992 }, "geometry": { "type": "Point", "coordinates": [ -79.50399, 43.600152 ] } },
{ "type": "Feature", "properties": { "id": "125", "address": "323 Richmond Street East", "lat": 43.653381, "lng": -79.368582, "carpark_type": "garage", "carpark_type_str": "Garage", "is_ttc": false, "is_under_construction": false, "capacity": 258, "max_height": 1.93, "bike_racks": "not available", "rate_half_hour": 2.5, "monthly_permit_status": "not_available", "candidate_id": "green_p_125", "distance_to_nearest_charger_m": 850.25275213033217, "capacity_missing": false, "capacity_filled": 258, "existing_chargers_1000m": 1, "existing_chargers_2000m": 8, "baseline_coverage_score": 0.066228142264300988, "baseline_capacity_score": 0.62821282054689565, "baseline_score": 0.29102201357733887, "population_500m": 16009.251355878481, "households_500m": 9477.6352259829018, "apartment_population_500m": 14839.632453259361, "median_income_500m": 66580.81837552783, "apartment_share_500m": 0.9269410619760402, "population_1000m": 55375.586540959288, "households_1000m": 32220.195544046099, "apartment_population_1000m": 50855.232540803408, "median_income_1000m": 64249.937019227385, "apartment_share_1000m": 0.9183691897003684, "population_2000m": 174350.49343718169, "households_2000m": 101329.46252066751, "apartment_population_2000m": 162062.86415311997, "median_income_2000m": 64103.306076395915, "apartment_share_2000m": 0.92952340402472711, "distance_to_traffic_count_m": 43.403607602325827, "traffic_volume_weighted_1000m": 10663.192533041056, "traffic_counters_1000m": 142, "traffic_data_quality": "high", "distance_to_arterial_m": null, "road_length_500m": null, "intersections_500m": null, "distance_to_transit_stop_m": 84.082821749382532, "transit_stop_count_500m": 42, "distance_to_destination_m": 229.42377221418414, "destination_count_1000m": 32, "capacity_log": 5.5568280616995374, "capacity_score": 0.62821282054689565, "facility_type_score": 0.7, "ttc_facility_score": 0.0, "parking_feasibility_score": 0.58333833335548224, "underserved_population_raw": 0.0, "underserved_population_score": 0.0, "apartment_score": 0.92967764579206658, "low_existing_supply_score": 0.6, "equity_score": 0.37187105831682665, "constraint_status": "eligible", "constraint_notes": "", "essential_data_missing": false, "population_score": 0.93750691158044652, "traffic_score": 0.7967905084403899, "coverage_distance_score": 0.066228142264300988, "arterial_access_score": 0.5, "transit_access_score": 0.89529897382970747, "intersection_access_score": 0.5, "demand_score": 0.88669031732375059, "coverage_score": 0.22635969958501068, "accessibility_score": 0.61858969214891224, "feasibility_score": 0.58333833335548224, "overall_score": 0.57100281435816536, "static_rank": 65, "non_coverage_score": 0.68588385261588336 }, "geometry": { "type": "Point", "coordinates": [ -79.368582, 43.653381 ] } },
{ "type": "Feature", "properties": { "id": "285", "address": "40 Rolling Mills Rd.", "lat": 43.65266351228955, "lng": -79.355743127577966, "carpark_type": "garage", "carpark_type_str": "Garage", "is_ttc": false, "is_under_construction": false, "capacity": 25, "max_height": null, "bike_racks": "available", "rate_half_hour": 1.5, "monthly_permit_status": "not_available", "candidate_id": "green_p_285", "distance_to_nearest_charger_m": 1246.9403245423985, "capacity_missing": false, "capacity_filled": 25, "existing_chargers_1000m": 0, "existing_chargers_2000m": 5, "baseline_coverage_score": 0.10155980380079623, "baseline_capacity_score": 0.21293180250186328, "baseline_score": 0.14610860328122305, "population_500m": 5264.7365584132294, "households_500m": 3270.2585461143863, "apartment_population_500m": 5063.1406569245082, "median_income_500m": 75939.699373435025, "apartment_share_500m": 0.96170826417390931, "population_1000m": 26853.972906615116, "households_1000m": 15237.884665476329, "apartment_population_1000m": 24317.480106784511, "median_income_1000m": 69993.409303892433, "apartment_share_1000m": 0.90554497062124562, "population_2000m": 98346.938206429651, "households_2000m": 54335.493074474092, "apartment_population_2000m": 82412.611525158354, "median_income_2000m": 70349.307977293109, "apartment_share_2000m": 0.83797841628963332, "distance_to_traffic_count_m": 89.921833509348801, "traffic_volume_weighted_1000m": 7368.8131856507443, "traffic_counters_1000m": 92, "traffic_data_quality": "high", "distance_to_arterial_m": null, "road_length_500m": null, "intersections_500m": null, "distance_to_transit_stop_m": 170.0339530388045, "transit_stop_count_500m": 18, "distance_to_destination_m": 95.91158761436435, "destination_count_1000m": 25, "capacity_log": 3.2580965380214821, "capacity_score": 0.21293180250186328, "facility_type_score": 0.7, "ttc_facility_score": 0.0, "parking_feasibility_score": 0.31340567162621114, "underserved_population_raw": 26853.972906615116, "underserved_population_score": 0.95801755935546806, "apartment_score": 0.91516284675558623, "low_existing_supply_score": 0.75, "equity_score": 0.94087567431551533, "constraint_status": "eligible", "constraint_notes": "", "essential_data_missing": false, "population_score": 0.8205076213364848, "traffic_score": 0.69681736224675173, "coverage_distance_score": 0.10155980380079623, "arterial_access_score": 0.5, "transit_access_score": 0.7805664124521553, "intersection_access_score": 0.5, "demand_score": 0.79614707573889842, "coverage_score": 0.29609186266055731, "accessibility_score": 0.58416992373564658, "feasibility_score": 0.31340567162621114, "overall_score": 0.57079949130942143, "static_rank": 66, "non_coverage_score": 0.66236870085904276 }, "geometry": { "type": "Point", "coordinates": [ -79.355743127577966, 43.652663512289557 ] } },
{ "type": "Feature", "properties": { "id": "506", "address": "140 Fifth Street", "lat": 43.60169, "lng": -79.503422, "carpark_type": "surface", "carpark_type_str": "Surface", "is_ttc": false, "is_under_construction": false, "capacity": 53, "max_height": 0.0, "bike_racks": "available", "rate_half_hour": 1.0, "monthly_permit_status": "waiting_list", "candidate_id": "green_p_506", "distance_to_nearest_charger_m": 1935.5581427758216, "capacity_missing": false, "capacity_filled": 53, "existing_chargers_1000m": 0, "existing_chargers_2000m": 1, "baseline_coverage_score": 0.1628927352407302, "baseline_capacity_score": 0.34497145371715571, "baseline_score": 0.23572422263130041, "population_500m": 4398.0733729392077, "households_500m": 2077.2323289091278, "apartment_population_500m": 2730.9635104751965, "median_income_500m": 62164.34294116019, "apartment_share_500m": 0.62094541834578554, "population_1000m": 12103.962161389016, "households_1000m": 5634.7728843329069, "apartment_population_1000m": 6832.8768686400063, "median_income_1000m": 68570.168616720097, "apartment_share_1000m": 0.56451571622030627, "population_2000m": 27517.908979019547, "households_2000m": 12327.20791555351, "apartment_population_2000m": 15422.659289820045, "median_income_2000m": 69922.08311162598, "apartment_share_2000m": 0.56045898333259003, "distance_to_traffic_count_m": 57.350060892574945, "traffic_volume_weighted_1000m": 7361.3943053415287, "traffic_counters_1000m": 19, "traffic_data_quality": "high", "distance_to_arterial_m": null, "road_length_500m": null, "intersections_500m": null, "distance_to_transit_stop_m": 56.227614718871827, "transit_stop_count_500m": 18, "distance_to_destination_m": 170.71023275533511, "destination_count_1000m": 14, "capacity_log": 3.9889840465642745, "capacity_score": 0.34497145371715571, "facility_type_score": 1.0, "ttc_facility_score": 0.0, "parking_feasibility_score": 0.47423144491615121, "underserved_population_raw": 12103.962161389016, "underserved_population_score": 0.88316297936222332, "apartment_score": 0.52917668552034414, "low_existing_supply_score": 0.95, "equity_score": 0.74156846182547165, "constraint_status": "eligible", "constraint_notes": "", "essential_data_missing": false, "population_score": 0.69168568084648452, "traffic_score": 0.69654485984513592, "coverage_distance_score": 0.1628927352407302, "arterial_access_score": 0.5, "transit_access_score": 0.93248172177459476, "intersection_access_score": 0.5, "demand_score": 0.6608845944307844, "coverage_score": 0.39902491466851109, "accessibility_score": 0.6297445165323784, "feasibility_score": 0.47423144491615121, "overall_score": 0.56926207322280864, "static_rank": 67, "non_coverage_score": 0.62600779274090779 }, "geometry": { "type": "Point", "coordinates": [ -79.503422, 43.60169 ] } },
{ "type": "Feature", "properties": { "id": "256", "address": "1624 Queen Street West", "lat": 43.639526, "lng": -79.442441, "carpark_type": "surface", "carpark_type_str": "Surface", "is_ttc": false, "is_under_construction": false, "capacity": 33, "max_height": -11.0, "bike_racks": "available", "rate_half_hour": 1.0, "monthly_permit_status": "not_available", "candidate_id": "green_p_256", "distance_to_nearest_charger_m": 1141.0862752636544, "capacity_missing": false, "capacity_filled": 33, "existing_chargers_1000m": 0, "existing_chargers_2000m": 6, "baseline_coverage_score": 0.092131730673516404, "baseline_capacity_score": 0.26139546183325196, "baseline_score": 0.15983722313741064, "population_500m": 8432.3680907142498, "households_500m": 4018.4397535847665, "apartment_population_500m": 6349.2665254659523, "median_income_500m": 60224.774545386223, "apartment_share_500m": 0.75296363455217097, "population_1000m": 26440.661720611537, "households_1000m": 12589.77585778968, "apartment_population_1000m": 19856.689738596462, "median_income_1000m": 65243.468917690465, "apartment_share_1000m": 0.75099065024977762, "population_2000m": 74312.935894913564, "households_2000m": 36558.744617315875, "apartment_population_2000m": 57732.205898841181, "median_income_2000m": 71579.559427843444, "apartment_share_2000m": 0.77687962672448696, "distance_to_traffic_count_m": 105.61893246963525, "traffic_volume_weighted_1000m": 6840.9934703229546, "traffic_counters_1000m": 81, "traffic_data_quality": "high", "distance_to_arterial_m": null, "road_length_500m": null, "intersections_500m": null, "distance_to_transit_stop_m": 79.165556514993085, "transit_stop_count_500m": 20, "distance_to_destination_m": 165.36781884220221, "destination_count_1000m": 17, "capacity_log": 3.5263605246161616, "capacity_score": 0.26139546183325196, "facility_type_score": 1.0, "ttc_facility_score": 0.0, "parking_feasibility_score": 0.41990705019161378, "underserved_population_raw": 26440.661720611537, "underserved_population_score": 0.95656053855786427, "apartment_score": 0.74023407436244471, "low_existing_supply_score": 0.7, "equity_score": 0.87002995287969642, "constraint_status": "eligible", "constraint_notes": "", "essential_data_missing": false, "population_score": 0.81800014288294798, "traffic_score": 0.67671089006333951, "coverage_distance_score": 0.092131730673516404, "arterial_access_score": 0.5, "transit_access_score": 0.90186282501875781, "intersection_access_score": 0.5, "demand_score": 0.75299569069198435, "coverage_score": 0.27449221147146147, "accessibility_score": 0.62055884750562729, "feasibility_score": 0.41990705019161378, "overall_score": 0.56862258239329777, "static_rank": 68, "non_coverage_score": 0.66666603936724322 }, "geometry": { "type": "Point", "coordinates": [ -79.442441, 43.639526 ] } },
{ "type": "Feature", "properties": { "id": "107", "address": "251 MacPherson Avenue", "lat": 43.677378, "lng": -79.40035, "carpark_type": "surface", "carpark_type_str": "Surface", "is_ttc": false, "is_under_construction": false, "capacity": 40, "max_height": 0.0, "bike_racks": "available", "rate_half_hour": 1.0, "monthly_permit_status": "not_available", "candidate_id": "green_p_107", "distance_to_nearest_charger_m": 1002.8404236245045, "capacity_missing": false, "capacity_filled": 40, "existing_chargers_1000m": 0, "existing_chargers_2000m": 9, "baseline_coverage_score": 0.079818625906359325, "baseline_capacity_score": 0.29521646223600906, "baseline_score": 0.16597776043821921, "population_500m": 5767.3229829550728, "households_500m": 3007.923383196528, "apartment_population_500m": 4057.6838813450922, "median_income_500m": 83994.99382155262, "apartment_share_500m": 0.70356452956376792, "population_1000m": 25693.634783049398, "households_1000m": 13762.889280231986, "apartment_population_1000m": 19362.807735902014, "median_income_1000m": 86228.253400886912, "apartment_share_1000m": 0.75360329121966207, "population_2000m": 119452.68012357294, "households_2000m": 64838.76898505001, "apartment_population_2000m": 95607.041166336581, "median_income_2000m": 79044.605959465873, "apartment_share_2000m": 0.80037585651014098, "distance_to_traffic_count_m": 112.74460125031125, "traffic_volume_weighted_1000m": 11554.965594917796, "traffic_counters_1000m": 102, "traffic_data_quality": "high", "distance_to_arterial_m": null, "road_length_500m": null, "intersections_500m": null, "distance_to_transit_stop_m": 139.13118624705317, "transit_stop_count_500m": 19, "distance_to_destination_m": 131.28495062975776, "destination_count_1000m": 27, "capacity_log": 3.713572066704308, "capacity_score": 0.29521646223600906, "facility_type_score": 1.0, "ttc_facility_score": 0.0, "parking_feasibility_score": 0.44189070045340589, "underserved_population_raw": 25693.634783049398, "underserved_population_score": 0.95386834996371628, "apartment_score": 0.74319113228529965, "low_existing_supply_score": 0.55, "equity_score": 0.86959746289234963, "constraint_status": "eligible", "constraint_notes": "", "essential_data_missing": false, "population_score": 0.81336698671675889, "traffic_score": 0.81851953643049313, "coverage_distance_score": 0.079818625906359325, "arterial_access_score": 0.5, "transit_access_score": 0.82181722014346892, "intersection_access_score": 0.5, "demand_score": 0.80113520823027395, "coverage_score": 0.22087303813445153, "accessibility_score": 0.59654516604304064, "feasibility_score": 0.44189070045340589, "overall_score": 0.56811120656854908, "static_rank": 69, "non_coverage_score": 0.6838572627132482 }, "geometry": { "type": "Point", "coordinates": [ -79.40035, 43.677378 ] } },
{ "type": "Feature", "properties": { "id": "233", "address": "44 Parliament Street", "lat": 43.650361, "lng": -79.362445, "carpark_type": "surface", "carpark_type_str": "Surface", "is_ttc": false, "is_under_construction": false, "capacity": 120, "max_height": 0.0, "bike_racks": "available", "rate_half_hour": 2.5, "monthly_permit_status": "not_available", "candidate_id": "green_p_233", "distance_to_nearest_charger_m": 753.97374380388294, "capacity_missing": false, "capacity_filled": 120, "existing_chargers_1000m": 2, "existing_chargers_2000m": 6, "baseline_coverage_score": 0.057652886642917574, "baseline_capacity_score": 0.49072637151958642, "baseline_score": 0.23088228059358512, "population_500m": 9772.5834082903675, "households_500m": 5914.5984409743996, "apartment_population_500m": 9251.9630082717322, "median_income_500m": 70868.766902471514, "apartment_share_500m": 0.9467264306409523, "population_1000m": 36527.146647046153, "households_1000m": 21451.63752400603, "apartment_population_1000m": 33647.774696363122, "median_income_1000m": 68799.992844693654, "apartment_share_1000m": 0.92117172527857771, "population_2000m": 115682.38728906911, "households_2000m": 66081.189079221542, "apartment_population_2000m": 103576.5913437548, "median_income_2000m": 68141.008883131421, "apartment_share_2000m": 0.89535316283658506, "distance_to_traffic_count_m": 30.50530237832632, "traffic_volume_weighted_1000m": 9346.5371914895568, "traffic_counters_1000m": 112, "traffic_data_quality": "high", "distance_to_arterial_m": null, "road_length_500m": null, "intersections_500m": null, "distance_to_transit_stop_m": 16.513327625347767, "transit_stop_count_500m": 38, "distance_to_destination_m": 46.383231556251893, "destination_count_1000m": 32, "capacity_log": 4.7957905455967413, "capacity_score": 0.49072637151958642, "facility_type_score": 1.0, "ttc_facility_score": 0.0, "parking_feasibility_score": 0.56897214148773112, "underserved_population_raw": 0.0, "underserved_population_score": 0.0, "apartment_score": 0.93284963158389667, "low_existing_supply_score": 0.7, "equity_score": 0.3731398526335587, "constraint_status": "eligible", "constraint_notes": "", "essential_data_missing": false, "population_score": 0.87024155048392648, "traffic_score": 0.76113594823868125, "coverage_distance_score": 0.057652886642917574, "arterial_access_score": 0.5, "transit_access_score": 0.98549465846510054, "intersection_access_score": 0.5, "demand_score": 0.84457620591808469, "coverage_score": 0.25035702065004228, "accessibility_score": 0.64564839753953018, "feasibility_score": 0.56897214148773112, "overall_score": 0.56775160293235749, "static_rank": 70, "non_coverage_score": 0.67354979702646267 }, "geometry": { "type": "Point", "coordinates": [ -79.362445, 43.650361 ] } },
{ "type": "Feature", "properties": { "id": "410", "address": "180 Beecroft Road", "lat": 43.767569, "lng": -79.416143, "carpark_type": "surface", "carpark_type_str": "Surface", "is_ttc": false, "is_under_construction": false, "capacity": 173, "max_height": 0.0, "bike_racks": "available", "rate_half_hour": 2.0, "monthly_permit_status": "not_available", "candidate_id": "green_p_410", "distance_to_nearest_charger_m": 592.71058398264734, "capacity_missing": false, "capacity_filled": 173, "existing_chargers_1000m": 1, "existing_chargers_2000m": 2, "baseline_coverage_score": 0.043289705698113357, "baseline_capacity_score": 0.55635254628091568, "baseline_score": 0.2485148419312343, "population_500m": 13304.303977045318, "households_500m": 6878.5111658304977, "apartment_population_500m": 12500.489823682505, "median_income_500m": 64480.381156888412, "apartment_share_500m": 0.93958239718893377, "population_1000m": 35286.850029816269, "households_1000m": 17066.912062559528, "apartment_population_1000m": 29623.435936208818, "median_income_1000m": 69950.373799148161, "apartment_share_1000m": 0.83950355192310888, "population_2000m": 88891.74082962572, "households_2000m": 40156.560839480597, "apartment_population_2000m": 63254.497556269664, "median_income_2000m": 75770.494854748889, "apartment_share_2000m": 0.71159026660875435, "distance_to_traffic_count_m": 106.96826733836602, "traffic_volume_weighted_1000m": 14763.975074372152, "traffic_counters_1000m": 48, "traffic_data_quality": "high", "distance_to_arterial_m": null, "road_length_500m": null, "intersections_500m": null, "distance_to_transit_stop_m": 294.94819525034279, "transit_stop_count_500m": 6, "distance_to_destination_m": 25.924506998815541, "destination_count_1000m": 26, "capacity_log": 5.1590552992145291, "capacity_score": 0.55635254628091568, "facility_type_score": 1.0, "ttc_facility_score": 0.0, "parking_feasibility_score": 0.61162915508259519, "underserved_population_raw": 0.0, "underserved_population_score": 0.0, "apartment_score": 0.84041537756675844, "low_existing_supply_score": 0.9, "equity_score": 0.33616615102670339, "constraint_status": "eligible", "constraint_notes": "", "essential_data_missing": false, "population_score": 0.86465686547641463, "traffic_score": 0.88482283621106839, "coverage_distance_score": 0.043289705698113357, "arterial_access_score": 0.5, "transit_access_score": 0.61382362795980572, "intersection_access_score": 0.5, "demand_score": 0.86686665765161219, "coverage_score": 0.30030279398867937, "accessibility_score": 0.53414708838794178, "feasibility_score": 0.61162915508259519, "overall_score": 0.56732610183530141, "static_rank": 71, "non_coverage_score": 0.65633387111750885 }, "geometry": { "type": "Point", "coordinates": [ -79.416143, 43.767569 ] } },
{ "type": "Feature", "properties": { "id": "400", "address": "10 Kingsdale Avenue", "lat": 43.770373, "lng": -79.41257, "carpark_type": "surface", "carpark_type_str": "Surface", "is_ttc": false, "is_under_construction": false, "capacity": 52, "max_height": 0.0, "bike_racks": "not available", "rate_half_hour": 1.25, "monthly_permit_status": "not_available", "candidate_id": "green_p_400", "distance_to_nearest_charger_m": 840.07343099256491, "capacity_missing": false, "capacity_filled": 52, "existing_chargers_1000m": 1, "existing_chargers_2000m": 2, "baseline_coverage_score": 0.065321503503414147, "baseline_capacity_score": 0.34159459654755481, "baseline_score": 0.17583074072107041, "population_500m": 14393.628574482811, "households_500m": 7153.07953815771, "apartment_population_500m": 13070.394503743468, "median_income_500m": 64021.082521788005, "apartment_share_500m": 0.90806806887561431, "population_1000m": 39933.651712099876, "households_1000m": 19145.862611878103, "apartment_population_1000m": 33796.181105553769, "median_income_1000m": 69059.858185021498, "apartment_share_1000m": 0.84630830531617884, "population_2000m": 90797.689951549633, "households_2000m": 40686.37757862734, "apartment_population_2000m": 63080.210706932005, "median_income_2000m": 75784.26050905406, "apartment_share_2000m": 0.69473365171065593, "distance_to_traffic_count_m": 124.99099971439583, "traffic_volume_weighted_1000m": 13777.994817287919, "traffic_counters_1000m": 46, "traffic_data_quality": "high", "distance_to_arterial_m": null, "road_length_500m": null, "intersections_500m": null, "distance_to_transit_stop_m": 113.39777689893822, "transit_stop_count_500m": 10, "distance_to_destination_m": 117.45650464514112, "destination_count_1000m": 28, "capacity_log": 3.970291913552122, "capacity_score": 0.34159459654755481, "facility_type_score": 1.0, "ttc_facility_score": 0.0, "parking_feasibility_score": 0.47203648775591067, "underserved_population_raw": 0.0, "underserved_population_score": 0.0, "apartment_score": 0.8481171820496537, "low_existing_supply_score": 0.9, "equity_score": 0.33924687281986149, "constraint_status": "eligible", "constraint_notes": "", "essential_data_missing": false, "population_score": 0.88465598333017059, "traffic_score": 0.86612348990762222, "coverage_distance_score": 0.065321503503414147, "arterial_access_score": 0.5, "transit_access_score": 0.85616766932539412, "intersection_access_score": 0.5, "demand_score": 0.87086185037617525, "coverage_score": 0.31572505245238991, "accessibility_score": 0.60685030079761826, "feasibility_score": 0.47203648775591067, "overall_score": 0.5662900388308465, "static_rank": 72, "non_coverage_score": 0.64981170095699858 }, "geometry": { "type": "Point", "coordinates": [ -79.41257, 43.770373 ] } },
{ "type": "Feature", "properties": { "id": "411", "address": "1880 Avenue Road", "lat": 43.732182, "lng": -79.419576, "carpark_type": "surface", "carpark_type_str": "Surface", "is_ttc": false, "is_under_construction": false, "capacity": 32, "max_height": 0.0, "bike_racks": "available", "rate_half_hour": 1.25, "monthly_permit_status": "not_available", "candidate_id": "green_p_411", "distance_to_nearest_charger_m": 3104.561105606469, "capacity_missing": false, "capacity_filled": 32, "existing_chargers_1000m": 0, "existing_chargers_2000m": 0, "baseline_coverage_score": 0.26701199656961427, "baseline_capacity_score": 0.25600232705402198, "baseline_score": 0.26260812876337736, "population_500m": 3764.6509089885108, "households_500m": 1315.9296263146725, "apartment_population_500m": 388.0159697636409, "median_income_500m": 160429.1735530704, "apartment_share_500m": 0.10306824700192277, "population_1000m": 16455.62938619027, "households_1000m": 5929.59620162171, "apartment_population_1000m": 3243.7177095505886, "median_income_1000m": 152994.65512098666, "apartment_share_1000m": 0.19711903041962947, "population_2000m": 61594.67823320243, "households_2000m": 23713.960094668186, "apartment_population_2000m": 27168.346893499347, "median_income_2000m": 120393.0500412648, "apartment_share_2000m": 0.44108269858376059, "distance_to_traffic_count_m": 24.087687853879043, "traffic_volume_weighted_1000m": 12372.897573045819, "traffic_counters_1000m": 46, "traffic_data_quality": "high", "distance_to_arterial_m": null, "road_length_500m": null, "intersections_500m": null, "distance_to_transit_stop_m": 37.487223411400564, "transit_stop_count_500m": 9, "distance_to_destination_m": 248.18092770478859, "destination_count_1000m": 7, "capacity_log": 3.4965075614664802, "capacity_score": 0.25600232705402198, "facility_type_score": 1.0, "ttc_facility_score": 0.0, "parking_feasibility_score": 0.41640151258511426, "underserved_population_raw": 16455.62938619027, "underserved_population_score": 0.91201310993733709, "apartment_score": 0.11334715015728357, "low_existing_supply_score": 1.0, "equity_score": 0.59254672602531566, "constraint_status": "eligible", "constraint_notes": "", "essential_data_missing": false, "population_score": 0.74133567960957214, "traffic_score": 0.83702269823402808, "coverage_distance_score": 0.26701199656961427, "arterial_access_score": 0.5, "transit_access_score": 0.95749748437908777, "intersection_access_score": 0.5, "demand_score": 0.64922843023767407, "coverage_score": 0.48690839759872995, "accessibility_score": 0.63724924531372629, "feasibility_score": 0.41640151258511426, "overall_score": 0.5656603770240286, "static_rank": 73, "non_coverage_score": 0.59191103683246149 }, "geometry": { "type": "Point", "coordinates": [ -79.419576, 43.732182 ] } },
{ "type": "Feature", "properties": { "id": "49", "address": "30 Roehampton Avenue", "lat": 43.708276, "lng": -79.397786, "carpark_type": "garage", "carpark_type_str": "Garage", "is_ttc": false, "is_under_construction": false, "capacity": 153, "max_height": 2.2, "bike_racks": "available", "rate_half_hour": 2.5, "monthly_permit_status": "not_available", "candidate_id": "green_p_49", "distance_to_nearest_charger_m": 235.64165044006057, "capacity_missing": false, "capacity_filled": 153, "existing_chargers_1000m": 1, "existing_chargers_2000m": 1, "baseline_coverage_score": 0.011486746436210752, "baseline_capacity_score": 0.53429388840320557, "baseline_score": 0.22060960322300868, "population_500m": 25039.554541734589, "households_500m": 14467.982734081117, "apartment_population_500m": 23589.584254261921, "median_income_500m": 65081.780792933518, "apartment_share_500m": 0.94209280819848706, "population_1000m": 46178.049552112738, "households_1000m": 24734.055189988852, "apartment_population_1000m": 36994.355242910126, "median_income_1000m": 78332.807720083147, "apartment_share_1000m": 0.80112424846271058, "population_2000m": 99760.357435292375, "households_2000m": 48763.943808580552, "apartment_population_2000m": 64616.508057048151, "median_income_2000m": 101672.50567123381, "apartment_share_2000m": 0.64771728688883656, "distance_to_traffic_count_m": 75.122780489945626, "traffic_volume_weighted_1000m": 11472.306381242375, "traffic_counters_1000m": 82, "traffic_data_quality": "high", "distance_to_arterial_m": null, "road_length_500m": null, "intersections_500m": null, "distance_to_transit_stop_m": 68.162940831150337, "transit_stop_count_500m": 31, "distance_to_destination_m": 158.60039986093477, "destination_count_1000m": 19, "capacity_log": 5.0369526024136295, "capacity_score": 0.53429388840320557, "facility_type_score": 0.7, "ttc_facility_score": 0.0, "parking_feasibility_score": 0.52229102746208356, "underserved_population_raw": 0.0, "underserved_population_score": 0.0, "apartment_score": 0.79697664079450115, "low_existing_supply_score": 0.95, "equity_score": 0.31879065631780046, "constraint_status": "eligible", "constraint_notes": "", "essential_data_missing": false, "population_score": 0.90814324473630204, "traffic_score": 0.81657725264070014, "coverage_distance_score": 0.011486746436210752, "arterial_access_score": 0.5, "transit_access_score": 0.91654975537467587, "intersection_access_score": 0.5, "demand_score": 0.85386182671448119, "coverage_score": 0.29304072250534752, "accessibility_score": 0.62496492661240277, "feasibility_score": 0.52229102746208356, "overall_score": 0.56463443371425426, "static_rank": 74, "non_coverage_score": 0.65516567078388988 }, "geometry": { "type": "Point", "coordinates": [ -79.397786, 43.708276 ] } },
{ "type": "Feature", "properties": { "id": "152", "address": "25 Glenforest Road", "lat": 43.730266, "lng": -79.402734, "carpark_type": "surface", "carpark_type_str": "Surface", "is_ttc": false, "is_under_construction": false, "capacity": 26, "max_height": 0.0, "bike_racks": "available", "rate_half_hour": 1.5, "monthly_permit_status": "not_available", "candidate_id": "green_p_152", "distance_to_nearest_charger_m": 2696.1851661222199, "capacity_missing": false, "capacity_filled": 26, "existing_chargers_1000m": 0, "existing_chargers_2000m": 0, "baseline_coverage_score": 0.23063929049825344, "baseline_capacity_score": 0.21974984178336796, "baseline_score": 0.22628351101229927, "population_500m": 4972.7047004449196, "households_500m": 1982.1178535728357, "apartment_population_500m": 1553.423097542207, "median_income_500m": 128239.51230997326, "apartment_share_500m": 0.31238997509810273, "population_1000m": 17341.112350386597, "households_1000m": 6707.2378725469043, "apartment_population_1000m": 4658.9565618891256, "median_income_1000m": 145547.54589418144, "apartment_share_1000m": 0.26866538130613404, "population_2000m": 47469.377592854318, "households_2000m": 18203.646129945111, "apartment_population_2000m": 13123.633063518486, "median_income_2000m": 150738.87508822011, "apartment_share_2000m": 0.2764652441007362, "distance_to_traffic_count_m": 105.2060326212339, "traffic_volume_weighted_1000m": 13409.116887122897, "traffic_counters_1000m": 52, "traffic_data_quality": "high", "distance_to_arterial_m": null, "road_length_500m": null, "intersections_500m": null, "distance_to_transit_stop_m": 76.960708670677803, "transit_stop_count_500m": 15, "distance_to_destination_m": 289.44127157906922, "destination_count_1000m": 10, "capacity_log": 3.2958368660043291, "capacity_score": 0.21974984178336796, "facility_type_score": 1.0, "ttc_facility_score": 0.0, "parking_feasibility_score": 0.39283739715918919, "underserved_population_raw": 17341.112350386597, "underserved_population_score": 0.91693643761584764, "apartment_score": 0.1943252509292609, "low_existing_supply_score": 1.0, "equity_score": 0.62789196294121297, "constraint_status": "eligible", "constraint_notes": "", "essential_data_missing": false, "population_score": 0.74980854293030808, "traffic_score": 0.85878149529239212, "coverage_distance_score": 0.23063929049825344, "arterial_access_score": 0.5, "transit_access_score": 0.9048059839607181, "intersection_access_score": 0.5, "demand_score": 0.67685241785682804, "coverage_score": 0.46144750334877738, "accessibility_score": 0.62144179518821541, "feasibility_score": 0.39283739715918919, "overall_score": 0.56442076609988556, "static_rank": 75, "non_coverage_score": 0.59874518701692159 }, "geometry": { "type": "Point", "coordinates": [ -79.402734, 43.730266 ] } },
{ "type": "Feature", "properties": { "id": "268", "address": "271 Front Street East", "lat": 43.651254, "lng": -79.362971, "carpark_type": "surface", "carpark_type_str": "Surface", "is_ttc": false, "is_under_construction": false, "capacity": 83, "max_height": 0.0, "bike_racks": "available", "rate_half_hour": 2.5, "monthly_permit_status": "not_available", "candidate_id": "green_p_268", "distance_to_nearest_charger_m": 837.22867222731634, "capacity_missing": false, "capacity_filled": 83, "existing_chargers_1000m": 2, "existing_chargers_2000m": 6, "baseline_coverage_score": 0.065068130166721028, "baseline_capacity_score": 0.4247914558714288, "baseline_score": 0.20895746044860417, "population_500m": 11021.36172889668, "households_500m": 6703.282139814246, "apartment_population_500m": 10411.767951811315, "median_income_500m": 72387.761926437655, "apartment_share_500m": 0.94468979495636329, "population_1000m": 40386.637224420156, "households_1000m": 23455.491129471648, "apartment_population_1000m": 37133.480831395653, "median_income_1000m": 67931.925961550049, "apartment_share_1000m": 0.91944968394007676, "population_2000m": 124174.20633615144, "households_2000m": 70972.882777787861, "apartment_population_2000m": 111383.44031296959, "median_income_2000m": 67619.442075709114, "apartment_share_2000m": 0.89699337406227475, "distance_to_traffic_count_m": 40.506177361106261, "traffic_volume_weighted_1000m": 9322.1763832617107, "traffic_counters_1000m": 120, "traffic_data_quality": "high", "distance_to_arterial_m": null, "road_length_500m": null, "intersections_500m": null, "distance_to_transit_stop_m": 18.219516055215792, "transit_stop_count_500m": 42, "distance_to_destination_m": 138.65949283507771, "destination_count_1000m": 34, "capacity_log": 4.4308167988433134, "capacity_score": 0.4247914558714288, "facility_type_score": 1.0, "ttc_facility_score": 0.0, "parking_feasibility_score": 0.52611444631642867, "underserved_population_raw": 0.0, "underserved_population_score": 0.0, "apartment_score": 0.93090057848314733, "low_existing_supply_score": 0.7, "equity_score": 0.37236023139325897, "constraint_status": "eligible", "constraint_notes": "", "essential_data_missing": false, "population_score": 0.88647947578930264, "traffic_score": 0.76042990583849379, "coverage_distance_score": 0.065068130166721028, "arterial_access_score": 0.5, "transit_access_score": 0.98321713906756825, "intersection_access_score": 0.5, "demand_score": 0.85124634684528855, "coverage_score": 0.25554769111670472, "accessibility_score": 0.64496514172027042, "feasibility_score": 0.52611444631642867, "overall_score": 0.56440704526360708, "static_rank": 76, "non_coverage_score": 0.66736016331257442 }, "geometry": { "type": "Point", "coordinates": [ -79.362971, 43.651254 ] } },
{ "type": "Feature", "properties": { "id": "139", "address": "6 Sherwood Avenue", "lat": 43.713751, "lng": -79.399213, "carpark_type": "surface", "carpark_type_str": "Surface", "is_ttc": false, "is_under_construction": false, "capacity": 46, "max_height": 2.0, "bike_racks": "not available", "rate_half_hour": 2.0, "monthly_permit_status": "not_available", "candidate_id": "green_p_139", "distance_to_nearest_charger_m": 844.54670407517835, "capacity_missing": false, "capacity_filled": 46, "existing_chargers_1000m": 1, "existing_chargers_2000m": 1, "baseline_coverage_score": 0.065719923271278818, "baseline_capacity_score": 0.31988973383515751, "baseline_score": 0.16738784749683028, "population_500m": 10061.793008716597, "households_500m": 5294.1350089342759, "apartment_population_500m": 7983.335328283526, "median_income_500m": 78837.240003604762, "apartment_share_500m": 0.79343068589937304, "population_1000m": 39789.927317465794, "households_1000m": 21257.487575286326, "apartment_population_1000m": 31563.828418606849, "median_income_1000m": 83110.942843858706, "apartment_share_1000m": 0.79326177619711058, "population_2000m": 100929.09042218984, "households_2000m": 47954.209233291935, "apartment_population_2000m": 60521.97086134601, "median_income_2000m": 105943.14453789301, "apartment_share_2000m": 0.59964843246065669, "distance_to_traffic_count_m": 50.019614001065619, "traffic_volume_weighted_1000m": 12077.582912698308, "traffic_counters_1000m": 55, "traffic_data_quality": "high", "distance_to_arterial_m": null, "road_length_500m": null, "intersections_500m": null, "distance_to_transit_stop_m": 51.799245738113122, "transit_stop_count_500m": 8, "distance_to_destination_m": 103.04324210349543, "destination_count_1000m": 19, "capacity_log": 3.8501476017100584, "capacity_score": 0.31988973383515751, "facility_type_score": 1.0, "ttc_facility_score": 0.0, "parking_feasibility_score": 0.45792832699285235, "underserved_population_raw": 0.0, "underserved_population_score": 0.0, "apartment_score": 0.7880776813989252, "low_existing_supply_score": 0.95, "equity_score": 0.31523107255957011, "constraint_status": "eligible", "constraint_notes": "", "essential_data_missing": false, "population_score": 0.88407309627915354, "traffic_score": 0.83048713588455259, "coverage_distance_score": 0.065719923271278818, "arterial_access_score": 0.5, "transit_access_score": 0.93839296585323873, "intersection_access_score": 0.5, "demand_score": 0.84611892716499759, "coverage_score": 0.33100394628989516, "accessibility_score": 0.63151788975597156, "feasibility_score": 0.45792832699285235, "overall_score": 0.56310259897805215, "static_rank": 77, "non_coverage_score": 0.64046881654077126 }, "geometry": { "type": "Point", "coordinates": [ -79.399213, 43.713751 ] } },
{ "type": "Feature", "properties": { "id": "291", "address": "320 Tweedsmuir Avenue", "lat": 43.6858599, "lng": -79.4143379, "carpark_type": "garage", "carpark_type_str": "Garage", "is_ttc": false, "is_under_construction": false, "capacity": 26, "max_height": 2.1, "bike_racks": "not available", "rate_half_hour": 1.25, "monthly_permit_status": "not_available", "candidate_id": "green_p_291", "distance_to_nearest_charger_m": 1113.8162867294845, "capacity_missing": false, "capacity_filled": 26, "existing_chargers_1000m": 0, "existing_chargers_2000m": 4, "baseline_coverage_score": 0.089702882199300643, "baseline_capacity_score": 0.21974984178336796, "baseline_score": 0.14172166603292757, "population_500m": 8754.6673511164208, "households_500m": 5030.4467239203695, "apartment_population_500m": 7875.311050128319, "median_income_500m": 74737.46435855086, "apartment_share_500m": 0.89955571517220878, "population_1000m": 23456.966956453663, "households_1000m": 11886.625046384548, "apartment_population_1000m": 17840.62875266232, "median_income_1000m": 88104.637198961471, "apartment_share_1000m": 0.76056843946543851, "population_2000m": 94965.940109277435, "households_2000m": 45620.908890242375, "apartment_population_2000m": 63324.317212219357, "median_income_2000m": 91033.391491977789, "apartment_share_2000m": 0.66681082859130314, "distance_to_traffic_count_m": 52.292809996028836, "traffic_volume_weighted_1000m": 9405.9368947559251, "traffic_counters_1000m": 76, "traffic_data_quality": "high", "distance_to_arterial_m": null, "road_length_500m": null, "intersections_500m": null, "distance_to_transit_stop_m": 148.01506863278692, "transit_stop_count_500m": 25, "distance_to_destination_m": 282.95354733839349, "destination_count_1000m": 20, "capacity_log": 3.2958368660043291, "capacity_score": 0.21974984178336796, "facility_type_score": 0.7, "ttc_facility_score": 0.0, "parking_feasibility_score": 0.31783739715918913, "underserved_population_raw": 23456.966956453663, "underserved_population_score": 0.94531306103968304, "apartment_score": 0.75107447601352095, "low_existing_supply_score": 0.8, "equity_score": 0.86761762702921819, "constraint_status": "eligible", "constraint_notes": "", "essential_data_missing": false, "population_score": 0.79864365354534816, "traffic_score": 0.76284982897444908, "coverage_distance_score": 0.089702882199300643, "arterial_access_score": 0.5, "transit_access_score": 0.80995849803241282, "intersection_access_score": 0.5, "demand_score": 0.77660197943916809, "coverage_score": 0.30279201753951046, "accessibility_score": 0.59298754940972387, "feasibility_score": 0.31783739715918913, "overall_score": 0.56171348037537294, "static_rank": 78, "non_coverage_score": 0.64802063465399384 }, "geometry": { "type": "Point", "coordinates": [ -79.414337899999964, 43.6858599 ] } },
{ "type": "Feature", "properties": { "id": "55", "address": "23 Bedford Park Avenue", "lat": 43.72677, "lng": -79.40433, "carpark_type": "surface", "carpark_type_str": "Surface", "is_ttc": false, "is_under_construction": false, "capacity": 42, "max_height": 0.0, "bike_racks": "available", "rate_half_hour": 1.0, "monthly_permit_status": "not_available", "candidate_id": "green_p_55", "distance_to_nearest_charger_m": 2348.3704487564501, "capacity_missing": false, "capacity_filled": 42, "existing_chargers_1000m": 0, "existing_chargers_2000m": 0, "baseline_coverage_score": 0.19966057393131786, "baseline_capacity_score": 0.30382078356193282, "baseline_score": 0.24132465778356385, "population_500m": 6309.6719329559837, "households_500m": 2715.7824229993062, "apartment_population_500m": 2703.1231972036976, "median_income_500m": 113614.94958734146, "apartment_share_500m": 0.42840946818249648, "population_1000m": 18630.006485415241, "households_1000m": 7331.1551109110869, "apartment_population_1000m": 5401.6257486888071, "median_income_1000m": 142683.68241587959, "apartment_share_1000m": 0.28994223662334978, "population_2000m": 59522.796129944923, "households_2000m": 24319.057210048511, "apartment_population_2000m": 22164.179073648604, "median_income_2000m": 139245.04826165762, "apartment_share_2000m": 0.37236454795002777, "distance_to_traffic_count_m": 155.6371189233393, "traffic_volume_weighted_1000m": 11551.61570280285, "traffic_counters_1000m": 64, "traffic_data_quality": "high", "distance_to_arterial_m": null, "road_length_500m": null, "intersections_500m": null, "distance_to_transit_stop_m": 150.26354688262134, "transit_stop_count_500m": 21, "distance_to_destination_m": 159.1006004160254, "destination_count_1000m": 14, "capacity_log": 3.7612001156935624, "capacity_score": 0.30382078356193282, "facility_type_score": 1.0, "ttc_facility_score": 0.0, "parking_feasibility_score": 0.44748350931525638, "underserved_population_raw": 18630.006485415241, "underserved_population_score": 0.92367092853467114, "apartment_score": 0.21840697295476913, "low_existing_supply_score": 1.0, "equity_score": 0.64156534630271034, "constraint_status": "eligible", "constraint_notes": "", "essential_data_missing": false, "population_score": 0.76139835064085049, "traffic_score": 0.81844109286964484, "coverage_distance_score": 0.19966057393131786, "arterial_access_score": 0.5, "transit_access_score": 0.80695709869147159, "intersection_access_score": 0.5, "demand_score": 0.6727650348837122, "coverage_score": 0.43976240175192249, "accessibility_score": 0.59208712960744148, "feasibility_score": 0.44748350931525638, "overall_score": 0.56146659785214204, "static_rank": 79, "non_coverage_score": 0.60203466321888199 }, "geometry": { "type": "Point", "coordinates": [ -79.40433, 43.72677 ] } },
{ "type": "Feature", "properties": { "id": "58", "address": "9 Bedford Road ", "lat": 43.668958456535762, "lng": -79.397120022020715, "carpark_type": "garage", "carpark_type_str": "Garage", "is_ttc": false, "is_under_construction": false, "capacity": 399, "max_height": 1.95, "bike_racks": "available", "rate_half_hour": 3.0, "monthly_permit_status": "not_available", "candidate_id": "green_p_58", "distance_to_nearest_charger_m": 532.48755007895056, "capacity_missing": false, "capacity_filled": 399, "existing_chargers_1000m": 3, "existing_chargers_2000m": 8, "baseline_coverage_score": 0.037925837509230391, "baseline_capacity_score": 0.70673276960607634, "baseline_score": 0.30544861034796877, "population_500m": 7907.5596754660182, "households_500m": 4619.9680097651508, "apartment_population_500m": 6896.4048537936669, "median_income_500m": 70534.65507315172, "apartment_share_500m": 0.8721280820921834, "population_1000m": 39455.247029132741, "households_1000m": 22519.671325918403, "apartment_population_1000m": 34365.135428822054, "median_income_1000m": 63976.64645694197, "apartment_share_1000m": 0.87099024886215315, "population_2000m": 154396.22272493292, "households_2000m": 85137.985651703813, "apartment_population_2000m": 131854.24386605353, "median_income_2000m": 68060.021342348307, "apartment_share_2000m": 0.85399915580163244, "distance_to_traffic_count_m": 69.851416752719146, "traffic_volume_weighted_1000m": 10534.665392242428, "traffic_counters_1000m": 103, "traffic_data_quality": "high", "distance_to_arterial_m": null, "road_length_500m": null, "intersections_500m": null, "distance_to_transit_stop_m": 76.900275289141874, "transit_stop_count_500m": 24, "distance_to_destination_m": 121.88752777866378, "destination_count_1000m": 28, "capacity_log": 5.9914645471079817, "capacity_score": 0.70673276960607634, "facility_type_score": 0.7, "ttc_facility_score": 0.0, "parking_feasibility_score": 0.63437630024394964, "underserved_population_raw": 0.0, "underserved_population_score": 0.0, "apartment_score": 0.87605287530233589, "low_existing_supply_score": 0.6, "equity_score": 0.35042115012093439, "constraint_status": "eligible", "constraint_notes": "", "essential_data_missing": false, "population_score": 0.88270757000246014, "traffic_score": 0.79350980497967183, "coverage_distance_score": 0.037925837509230391, "arterial_access_score": 0.5, "transit_access_score": 0.90488665394786438, "intersection_access_score": 0.5, "demand_score": 0.85015741330445949, "coverage_score": 0.20654808625646126, "accessibility_score": 0.62146599618435927, "feasibility_score": 0.63437630024394964, "overall_score": 0.56117600484101093, "static_rank": 80, "non_coverage_score": 0.67938531103586075 }, "geometry": { "type": "Point", "coordinates": [ -79.397120022020715, 43.668958456535762 ] } },
{ "type": "Feature", "properties": { "id": "79", "address": "405 Sherbourne Street", "lat": 43.66452, "lng": -79.373502, "carpark_type": "surface", "carpark_type_str": "Surface", "is_ttc": false, "is_under_construction": false, "capacity": 110, "max_height": 0.0, "bike_racks": "available", "rate_half_hour": 1.75, "monthly_permit_status": "not_available", "candidate_id": "green_p_79", "distance_to_nearest_charger_m": 160.98511332068696, "capacity_missing": false, "capacity_filled": 110, "existing_chargers_1000m": 2, "existing_chargers_2000m": 8, "baseline_coverage_score": 0.0048373334360764745, "baseline_capacity_score": 0.47514287113149989, "baseline_score": 0.19295954851424585, "population_500m": 18860.699590959051, "households_500m": 10596.96756855559, "apartment_population_500m": 17344.692088409436, "median_income_500m": 56025.576170616165, "apartment_share_500m": 0.91962082343561002, "population_1000m": 76330.983306316601, "households_1000m": 43879.895952128369, "apartment_population_1000m": 70598.466449230138, "median_income_1000m": 56423.812801332417, "apartment_share_1000m": 0.92489921380834506, "population_2000m": 179604.85608468173, "households_2000m": 102372.71325762419, "apartment_population_2000m": 161329.28248686559, "median_income_2000m": 63882.482606346959, "apartment_share_2000m": 0.89824565996590089, "distance_to_traffic_count_m": 151.94558131296947, "traffic_volume_weighted_1000m": 8956.464192974503, "traffic_counters_1000m": 103, "traffic_data_quality": "high", "distance_to_arterial_m": null, "road_length_500m": null, "intersections_500m": null, "distance_to_transit_stop_m": 78.073696350011431, "transit_stop_count_500m": 27, "distance_to_destination_m": 175.54570515212941, "destination_count_1000m": 28, "capacity_log": 4.7095302013123339, "capacity_score": 0.47514287113149989, "facility_type_score": 1.0, "ttc_facility_score": 0.0, "parking_feasibility_score": 0.55884286623547497, "underserved_population_raw": 0.0, "underserved_population_score": 0.0, "apartment_score": 0.93706850421750887, "low_existing_supply_score": 0.6, "equity_score": 0.37482740168700357, "constraint_status": "eligible", "constraint_notes": "", "essential_data_missing": false, "population_score": 0.98939150532596387, "traffic_score": 0.74960296573232454, "coverage_distance_score": 0.0048373334360764745, "arterial_access_score": 0.5, "transit_access_score": 0.90332030337320357, "intersection_access_score": 0.5, "demand_score": 0.89500091624649913, "coverage_score": 0.18338613340525353, "accessibility_score": 0.62099609101196107, "feasibility_score": 0.55884286623547497, "overall_score": 0.55985519653167692, "static_rank": 81, "non_coverage_score": 0.68534488424048468 }, "geometry": { "type": "Point", "coordinates": [ -79.373502, 43.66452 ] } },
{ "type": "Feature", "properties": { "id": "661", "address": "433 Rogers Road", "lat": 43.682507, "lng": -79.463983, "carpark_type": "surface", "carpark_type_str": "Surface", "is_ttc": false, "is_under_construction": false, "capacity": 28, "max_height": 0.0, "bike_racks": "available", "rate_half_hour": 1.0, "monthly_permit_status": "available", "candidate_id": "green_p_661", "distance_to_nearest_charger_m": 1644.6281481994286, "capacity_missing": false, "capacity_filled": 28, "existing_chargers_1000m": 0, "existing_chargers_2000m": 1, "baseline_coverage_score": 0.13698055443636162, "baseline_capacity_score": 0.23265937515221763, "baseline_score": 0.17525208272270404, "population_500m": 5964.4306001798222, "households_500m": 2122.0689816323875, "apartment_population_500m": 2092.2045781138204, "median_income_500m": 84836.484244173509, "apartment_share_500m": 0.35078027029952236, "population_1000m": 20532.227093681067, "households_1000m": 7639.3409895601972, "apartment_population_1000m": 8460.7827793050183, "median_income_1000m": 79492.374534187009, "apartment_share_1000m": 0.41207330995812341, "population_2000m": 76168.341491300787, "households_2000m": 30012.193921248996, "apartment_population_2000m": 36164.580459428493, "median_income_2000m": 73878.170642091442, "apartment_share_2000m": 0.47479805587678264, "distance_to_traffic_count_m": 30.985800145403164, "traffic_volume_weighted_1000m": 9444.8490082738172, "traffic_counters_1000m": 54, "traffic_data_quality": "high", "distance_to_arterial_m": null, "road_length_500m": null, "intersections_500m": null, "distance_to_transit_stop_m": 50.792640493189545, "transit_stop_count_500m": 19, "distance_to_destination_m": 289.94005416802281, "destination_count_1000m": 12, "capacity_log": 3.3672958299864741, "capacity_score": 0.23265937515221763, "facility_type_score": 1.0, "ttc_facility_score": 0.0, "parking_feasibility_score": 0.40122859384894149, "underserved_population_raw": 20532.227093681067, "underserved_population_score": 0.9328034937835078, "apartment_score": 0.35663823480600831, "low_existing_supply_score": 0.95, "equity_score": 0.70233739019250807, "constraint_status": "eligible", "constraint_notes": "", "essential_data_missing": false, "population_score": 0.77711515483790627, "traffic_score": 0.76396671706777008, "coverage_distance_score": 0.13698055443636162, "arterial_access_score": 0.5, "transit_access_score": 0.93973664098948884, "intersection_access_score": 0.5, "demand_score": 0.68841781761197895, "coverage_score": 0.38088638810545311, "accessibility_score": 0.63192099229684662, "feasibility_score": 0.40122859384894149, "overall_score": 0.55854916886591832, "static_rank": 82, "non_coverage_score": 0.61777009578607334 }, "geometry": { "type": "Point", "coordinates": [ -79.463983, 43.682507 ] } },
{ "type": "Feature", "properties": { "id": "805", "address": "Keele Lot - 400 Indian Road", "lat": 43.655818, "lng": -79.457159, "carpark_type": "surface", "carpark_type_str": "Surface", "is_ttc": true, "is_under_construction": false, "capacity": 187, "max_height": null, "bike_racks": "not available", "rate_half_hour": 0.0, "monthly_permit_status": "not_available", "candidate_id": "green_p_805", "distance_to_nearest_charger_m": 402.91371749004691, "capacity_missing": false, "capacity_filled": 187, "existing_chargers_1000m": 5, "existing_chargers_2000m": 6, "baseline_coverage_score": 0.026385121047707117, "baseline_capacity_score": 0.57033295770273296, "baseline_score": 0.24396425570971747, "population_500m": 7223.4269271844896, "households_500m": 3543.8878343317574, "apartment_population_500m": 5675.7393523228639, "median_income_500m": 70701.324022172732, "apartment_share_500m": 0.7857405369413939, "population_1000m": 30676.752804683212, "households_1000m": 15220.199039085714, "apartment_population_1000m": 24587.123716432518, "median_income_1000m": 76874.825263962528, "apartment_share_1000m": 0.8014904273922685, "population_2000m": 94390.820559014144, "households_2000m": 42654.737840046349, "apartment_population_2000m": 63091.00256548592, "median_income_2000m": 81467.955942583227, "apartment_share_2000m": 0.66840188687670909, "distance_to_traffic_count_m": 53.334610125281081, "traffic_volume_weighted_1000m": 7471.367451954683, "traffic_counters_1000m": 79, "traffic_data_quality": "high", "distance_to_arterial_m": null, "road_length_500m": null, "intersections_500m": null, "distance_to_transit_stop_m": 51.331139425310006, "transit_stop_count_500m": 28, "distance_to_destination_m": 207.08475742554819, "destination_count_1000m": 10, "capacity_log": 5.2364419628299492, "capacity_score": 0.57033295770273296, "facility_type_score": 1.0, "ttc_facility_score": 1.0, "parking_feasibility_score": 0.72071642250677648, "underserved_population_raw": 0.0, "underserved_population_score": 0.0, "apartment_score": 0.79739109204031455, "low_existing_supply_score": 0.7, "equity_score": 0.31895643681612584, "constraint_status": "eligible", "constraint_notes": "", "essential_data_missing": false, "population_score": 0.84202333889263403, "traffic_score": 0.70055642445307686, "coverage_distance_score": 0.026385121047707117, "arterial_access_score": 0.5, "transit_access_score": 0.93901782134332012, "intersection_access_score": 0.5, "demand_score": 0.78358346946832524, "coverage_score": 0.22846958473339496, "accessibility_score": 0.63170534640299603, "feasibility_score": 0.72071642250677648, "overall_score": 0.55853661336207461, "static_rank": 83, "non_coverage_score": 0.66855895623830108 }, "geometry": { "type": "Point", "coordinates": [ -79.457159, 43.655818 ] } },
{ "type": "Feature", "properties": { "id": "670", "address": "2053 Dufferin Street", "lat": 43.6866, "lng": -79.446383, "carpark_type": "surface", "carpark_type_str": "Surface", "is_ttc": false, "is_under_construction": false, "capacity": 23, "max_height": 2.0, "bike_racks": "available", "rate_half_hour": 1.0, "monthly_permit_status": "not_available", "candidate_id": "green_p_670", "distance_to_nearest_charger_m": 1072.1705574122268, "capacity_missing": false, "capacity_filled": 23, "existing_chargers_1000m": 0, "existing_chargers_2000m": 2, "baseline_coverage_score": 0.085993633624330448, "baseline_capacity_score": 0.19847155919491041, "baseline_score": 0.13098480385256245, "population_500m": 7311.4078892715224, "households_500m": 2829.5723142986326, "apartment_population_500m": 2930.0411557142634, "median_income_500m": 76981.484773663193, "apartment_share_500m": 0.40074924010376889, "population_1000m": 26264.382587185337, "households_1000m": 10345.344984634405, "apartment_population_1000m": 11780.920707928193, "median_income_1000m": 76414.863226006797, "apartment_share_1000m": 0.44855121451346153, "population_2000m": 95287.932088458168, "households_2000m": 38216.052596381996, "apartment_population_2000m": 48195.817680705244, "median_income_2000m": 79884.783548582476, "apartment_share_2000m": 0.50579141161300323, "distance_to_traffic_count_m": 39.468894440648178, "traffic_volume_weighted_1000m": 10471.783462142699, "traffic_counters_1000m": 68, "traffic_data_quality": "high", "distance_to_arterial_m": null, "road_length_500m": null, "intersections_500m": null, "distance_to_transit_stop_m": 29.110619396964992, "transit_stop_count_500m": 19, "distance_to_destination_m": 357.82543203213839, "destination_count_1000m": 11, "capacity_log": 3.1780538303479458, "capacity_score": 0.19847155919491041, "facility_type_score": 1.0, "ttc_facility_score": 0.0, "parking_feasibility_score": 0.37900651347669179, "underserved_population_raw": 26264.382587185337, "underserved_population_score": 0.95593217131682973, "apartment_score": 0.39792491671824998, "low_existing_supply_score": 0.9, "equity_score": 0.7327292694773978, "constraint_status": "eligible", "constraint_notes": "", "essential_data_missing": false, "population_score": 0.81691874629588912, "traffic_score": 0.79189011113212437, "coverage_distance_score": 0.085993633624330448, "arterial_access_score": 0.5, "transit_access_score": 0.96867906186159336, "intersection_access_score": 0.5, "demand_score": 0.72435995807304354, "coverage_score": 0.33019554353703134, "accessibility_score": 0.64060371855847797, "feasibility_score": 0.37900651347669179, "overall_score": 0.55810152098711008, "static_rank": 84, "non_coverage_score": 0.63407018013713623 }, "geometry": { "type": "Point", "coordinates": [ -79.446383, 43.6866 ] } },
{ "type": "Feature", "properties": { "id": "11", "address": "21 Pleasant Blvd.", "lat": 43.687092, "lng": -79.39285, "carpark_type": "garage", "carpark_type_str": "Garage", "is_ttc": false, "is_under_construction": false, "capacity": 557, "max_height": 1.9, "bike_racks": "available", "rate_half_hour": 3.0, "monthly_permit_status": "not_available", "candidate_id": "green_p_11", "distance_to_nearest_charger_m": 312.15256299896828, "capacity_missing": false, "capacity_filled": 557, "existing_chargers_1000m": 2, "existing_chargers_2000m": 3, "baseline_coverage_score": 0.018301322577183608, "baseline_capacity_score": 0.76687234234531343, "baseline_score": 0.31772973048443554, "population_500m": 9260.862391748542, "households_500m": 5493.4194645736006, "apartment_population_500m": 8106.1634103539691, "median_income_500m": 83677.05129313923, "apartment_share_500m": 0.87531409791560955, "population_1000m": 23000.586323090916, "households_1000m": 12288.182543133578, "apartment_population_1000m": 16696.085265432295, "median_income_1000m": 102880.96694203274, "apartment_share_1000m": 0.72589824584909124, "population_2000m": 87086.784232613267, "households_2000m": 45598.059865618685, "apartment_population_2000m": 62733.974781619349, "median_income_2000m": 99941.213142721346, "apartment_share_2000m": 0.72036159486672147, "distance_to_traffic_count_m": 67.285154470367388, "traffic_volume_weighted_1000m": 10838.522211355741, "traffic_counters_1000m": 77, "traffic_data_quality": "high", "distance_to_arterial_m": null, "road_length_500m": null, "intersections_500m": null, "distance_to_transit_stop_m": 44.089352686394555, "transit_stop_count_500m": 21, "distance_to_destination_m": 174.3289164942374, "destination_count_1000m": 13, "capacity_log": 6.3243589623813108, "capacity_score": 0.76687234234531343, "facility_type_score": 0.7, "ttc_facility_score": 0.0, "parking_feasibility_score": 0.67346702252445367, "underserved_population_raw": 0.0, "underserved_population_score": 0.0, "apartment_score": 0.7118338103798233, "low_existing_supply_score": 0.85, "equity_score": 0.28473352415192932, "constraint_status": "eligible", "constraint_notes": "", "essential_data_missing": false, "population_score": 0.7954673845319673, "traffic_score": 0.80120266921752803, "coverage_distance_score": 0.018301322577183608, "arterial_access_score": 0.5, "transit_access_score": 0.94868457882563872, "intersection_access_score": 0.5, "demand_score": 0.78074801934148474, "coverage_score": 0.26781092580402854, "accessibility_score": 0.63460537364769165, "feasibility_score": 0.67346702252445367, "overall_score": 0.55759161777685184, "static_rank": 85, "non_coverage_score": 0.65418518176779294 }, "geometry": { "type": "Point", "coordinates": [ -79.39285, 43.687092 ] } },
{ "type": "Feature", "properties": { "id": "224", "address": "34 Hanna Avenue", "lat": 43.638242, "lng": -79.419812, "carpark_type": "surface", "carpark_type_str": "Surface", "is_ttc": false, "is_under_construction": false, "capacity": 184, "max_height": 2.1, "bike_racks": "available", "rate_half_hour": 2.0, "monthly_permit_status": "not_available", "candidate_id": "green_p_224", "distance_to_nearest_charger_m": 485.58303172748708, "capacity_missing": false, "capacity_filled": 184, "existing_chargers_1000m": 3, "existing_chargers_2000m": 7, "baseline_coverage_score": 0.033748205835897362, "baseline_capacity_score": 0.56742689077273378, "baseline_score": 0.24721967981063195, "population_500m": 11406.124914080763, "households_500m": 7048.0035626568315, "apartment_population_500m": 10832.424518287351, "median_income_500m": 78504.007464995419, "apartment_share_500m": 0.94970242741378508, "population_1000m": 38058.908128176918, "households_1000m": 21883.469865416035, "apartment_population_1000m": 34327.266580818556, "median_income_1000m": 74716.776950416039, "apartment_share_1000m": 0.90195090372033981, "population_2000m": 112990.26075997301, "households_2000m": 60720.608186294121, "apartment_population_2000m": 95594.543130413265, "median_income_2000m": 72714.249808410692, "apartment_share_2000m": 0.8460423269000702, "distance_to_traffic_count_m": 35.559561175976263, "traffic_volume_weighted_1000m": 7068.5881290542047, "traffic_counters_1000m": 90, "traffic_data_quality": "high", "distance_to_arterial_m": null, "road_length_500m": null, "intersections_500m": null, "distance_to_transit_stop_m": 26.927156663304714, "transit_stop_count_500m": 16, "distance_to_destination_m": 7.3503459548077261, "destination_count_1000m": 22, "capacity_log": 5.2203558250783244, "capacity_score": 0.56742689077273378, "facility_type_score": 1.0, "ttc_facility_score": 0.0, "parking_feasibility_score": 0.61882747900227697, "underserved_population_raw": 0.0, "underserved_population_score": 0.0, "apartment_score": 0.91109498434084957, "low_existing_supply_score": 0.65, "equity_score": 0.36443799373633984, "constraint_status": "eligible", "constraint_notes": "", "essential_data_missing": false, "population_score": 0.87688255932327175, "traffic_score": 0.68556457511884339, "coverage_distance_score": 0.033748205835897362, "arterial_access_score": 0.5, "transit_access_score": 0.97159367471598057, "intersection_access_score": 0.5, "demand_score": 0.81676374985523736, "coverage_score": 0.21862374408512816, "accessibility_score": 0.64147810241479419, "feasibility_score": 0.61882747900227697, "overall_score": 0.5572486026847876, "static_rank": 86, "non_coverage_score": 0.67012355555134073 }, "geometry": { "type": "Point", "coordinates": [ -79.419812, 43.638242 ] } },
{ "type": "Feature", "properties": { "id": "418", "address": "68 Sheppard Avenue West", "lat": 43.76082, "lng": -79.414662, "carpark_type": "surface", "carpark_type_str": "Surface", "is_ttc": false, "is_under_construction": false, "capacity": 34, "max_height": 2.15, "bike_racks": "available", "rate_half_hour": 1.5, "monthly_permit_status": "not_available", "candidate_id": "green_p_418", "distance_to_nearest_charger_m": 267.01545374020219, "capacity_missing": false, "capacity_filled": 34, "existing_chargers_1000m": 2, "existing_chargers_2000m": 2, "baseline_coverage_score": 0.014281108237295153, "baseline_capacity_score": 0.26663225164508736, "baseline_score": 0.11522156560041205, "population_500m": 8297.2996851013631, "households_500m": 4090.2777844093312, "apartment_population_500m": 6802.4630510996467, "median_income_500m": 76152.429764939661, "apartment_share_500m": 0.81984058781366587, "population_1000m": 34495.442751542854, "households_1000m": 16967.203202636563, "apartment_population_1000m": 28724.84206205521, "median_income_1000m": 74375.75994040833, "apartment_share_1000m": 0.83271411441067689, "population_2000m": 77268.742951997061, "households_2000m": 35061.916143293158, "apartment_population_2000m": 55374.555412684953, "median_income_2000m": 78074.08609617647, "apartment_share_2000m": 0.71664884527869444, "distance_to_traffic_count_m": 76.001277784373457, "traffic_volume_weighted_1000m": 17764.880863308306, "traffic_counters_1000m": 54, "traffic_data_quality": "high", "distance_to_arterial_m": null, "road_length_500m": null, "intersections_500m": null, "distance_to_transit_stop_m": 71.820105783984431, "transit_stop_count_500m": 19, "distance_to_destination_m": 126.27466425904851, "destination_count_1000m": 18, "capacity_log": 3.5553480614894135, "capacity_score": 0.26663225164508736, "facility_type_score": 1.0, "ttc_facility_score": 0.0, "parking_feasibility_score": 0.42331096356930675, "underserved_population_raw": 0.0, "underserved_population_score": 0.0, "apartment_score": 0.83273090801304339, "low_existing_supply_score": 0.9, "equity_score": 0.3330923632052174, "constraint_status": "eligible", "constraint_notes": "", "essential_data_missing": false, "population_score": 0.86098985535110428, "traffic_score": 0.93488309622784083, "coverage_distance_score": 0.014281108237295153, "arterial_access_score": 0.5, "transit_access_score": 0.91166795921767152, "intersection_access_score": 0.5, "demand_score": 0.88120070019034991, "coverage_score": 0.2799967757661066, "accessibility_score": 0.62350038776530148, "feasibility_score": 0.42331096356930675, "overall_score": 0.55586536240760964, "static_rank": 87, "non_coverage_score": 0.64782155795477725 }, "geometry": { "type": "Point", "coordinates": [ -79.414662, 43.76082 ] } },
{ "type": "Feature", "properties": { "id": "424", "address": "2170 Bayview avenue", "lat": 43.723875, "lng": -79.379571, "carpark_type": "surface", "carpark_type_str": "Surface", "is_ttc": false, "is_under_construction": false, "capacity": 69, "max_height": null, "bike_racks": "available", "rate_half_hour": 2.0, "monthly_permit_status": "not_available", "candidate_id": "green_p_424", "distance_to_nearest_charger_m": 2359.2989423191325, "capacity_missing": false, "capacity_filled": 69, "existing_chargers_1000m": 0, "existing_chargers_2000m": 0, "baseline_coverage_score": 0.20063393902393381, "baseline_capacity_score": 0.39185386357887514, "baseline_score": 0.27712190884591037, "population_500m": 1810.8864484215171, "households_500m": 577.51768525830039, "apartment_population_500m": 269.43190192073888, "median_income_500m": 157943.99830552793, "apartment_share_500m": 0.14878453707331718, "population_1000m": 5885.7978212461012, "households_1000m": 1906.1578290628531, "apartment_population_1000m": 1128.6895439292839, "median_income_1000m": 178433.67218111723, "apartment_share_1000m": 0.19176491925275227, "population_2000m": 45841.542673073724, "households_2000m": 19948.360896286158, "apartment_population_2000m": 21659.165194162459, "median_income_2000m": 120621.26608563935, "apartment_share_2000m": 0.47247897717204351, "distance_to_traffic_count_m": 19.552044986699897, "traffic_volume_weighted_1000m": 22599.023179447424, "traffic_counters_1000m": 21, "traffic_data_quality": "high", "distance_to_arterial_m": null, "road_length_500m": null, "intersections_500m": null, "distance_to_transit_stop_m": 40.779174299978166, "transit_stop_count_500m": 13, "distance_to_destination_m": 250.21171625375186, "destination_count_1000m": 7, "capacity_log": 4.2484952420493594, "capacity_score": 0.39185386357887514, "facility_type_score": 1.0, "ttc_facility_score": 0.0, "parking_feasibility_score": 0.50470501132626877, "underserved_population_raw": 5885.7978212461012, "underserved_population_score": 0.81544146252354777, "apartment_score": 0.10728722189758064, "low_existing_supply_score": 1.0, "equity_score": 0.53217976627316088, "constraint_status": "eligible", "constraint_notes": "", "essential_data_missing": false, "population_score": 0.57513947602011695, "traffic_score": 1.0, "coverage_distance_score": 0.20063393902393381, "arterial_access_score": 0.5, "transit_access_score": 0.9531031971636722, "intersection_access_score": 0.5, "demand_score": 0.63027020858856875, "coverage_score": 0.44044375731675367, "accessibility_score": 0.63593095914910169, "feasibility_score": 0.50470501132626877, "overall_score": 0.55530192206183582, "static_rank": 88, "non_coverage_score": 0.59358797697686316 }, "geometry": { "type": "Point", "coordinates": [ -79.379571, 43.723875 ] } },
{ "type": "Feature", "properties": { "id": "146", "address": "573 Gerrard Street East", "lat": 43.665202, "lng": -79.353164, "carpark_type": "surface", "carpark_type_str": "Surface", "is_ttc": false, "is_under_construction": false, "capacity": 37, "max_height": 0.0, "bike_racks": "available", "rate_half_hour": 1.0, "monthly_permit_status": "not_available", "candidate_id": "green_p_146", "distance_to_nearest_charger_m": 1084.777655210632, "capacity_missing": false, "capacity_filled": 37, "existing_chargers_1000m": 0, "existing_chargers_2000m": 9, "baseline_coverage_score": 0.087116506492926515, "baseline_capacity_score": 0.28148910674371708, "baseline_score": 0.16486554659324276, "population_500m": 7044.7290209174807, "households_500m": 3092.757312942922, "apartment_population_500m": 4040.3991752359861, "median_income_500m": 78401.425568631952, "apartment_share_500m": 0.57353507327806041, "population_1000m": 28049.879435620609, "households_1000m": 13176.059004596973, "apartment_population_1000m": 18117.422343921691, "median_income_1000m": 81431.867395230176, "apartment_share_1000m": 0.64590018597065102, "population_2000m": 122244.29099223681, "households_2000m": 61064.417191694403, "apartment_population_2000m": 89918.704883230472, "median_income_2000m": 73526.068265017995, "apartment_share_2000m": 0.73556567880082679, "distance_to_traffic_count_m": 53.80748736284221, "traffic_volume_weighted_1000m": 7309.5744001742214, "traffic_counters_1000m": 86, "traffic_data_quality": "high", "distance_to_arterial_m": null, "road_length_500m": null, "intersections_500m": null, "distance_to_transit_stop_m": 28.398375140520223, "transit_stop_count_500m": 23, "distance_to_destination_m": 56.746003415764164, "destination_count_1000m": 29, "capacity_log": 3.6375861597263857, "capacity_score": 0.28148910674371708, "facility_type_score": 1.0, "ttc_facility_score": 0.0, "parking_feasibility_score": 0.43296791938341611, "underserved_population_raw": 28049.879435620609, "underserved_population_score": 0.9621104200558348, "apartment_score": 0.62128983610117228, "low_existing_supply_score": 0.55, "equity_score": 0.82578218647396984, "constraint_status": "eligible", "constraint_notes": "", "essential_data_missing": false, "population_score": 0.82755128195984395, "traffic_score": 0.69463377403439985, "coverage_distance_score": 0.087116506492926515, "arterial_access_score": 0.5, "transit_access_score": 0.9696298068563648, "intersection_access_score": 0.5, "demand_score": 0.73977786501420417, "coverage_score": 0.22598155454504856, "accessibility_score": 0.64088894205690938, "feasibility_score": 0.43296791938341611, "overall_score": 0.55412994310681463, "static_rank": 89, "non_coverage_score": 0.66351273929407006 }, "geometry": { "type": "Point", "coordinates": [ -79.353164, 43.665202 ] } },
{ "type": "Feature", "properties": { "id": "514", "address": "139 ISLINGTON AVE.", "lat": 43.601317, "lng": -79.50531, "carpark_type": "surface", "carpark_type_str": "Surface", "is_ttc": false, "is_under_construction": false, "capacity": 11, "max_height": 0.0, "bike_racks": "available", "rate_half_hour": 1.0, "monthly_permit_status": "not_available", "candidate_id": "green_p_514", "distance_to_nearest_charger_m": 2064.6822363615461, "capacity_missing": false, "capacity_filled": 11, "existing_chargers_1000m": 0, "existing_chargers_2000m": 0, "baseline_coverage_score": 0.1743933949237074, "baseline_capacity_score": 0.073249947261122675, "baseline_score": 0.13393601585867351, "population_500m": 4860.2566650160752, "households_500m": 2285.9400324818998, "apartment_population_500m": 3121.2232827698381, "median_income_500m": 61918.052845835693, "apartment_share_500m": 0.64219309758603349, "population_1000m": 11730.935200195679, "households_1000m": 5462.1942146367501, "apartment_population_1000m": 6775.2546889646374, "median_income_1000m": 66452.995443508247, "apartment_share_1000m": 0.5775545234323366, "population_2000m": 27387.145751152126, "households_2000m": 12184.217653598709, "apartment_population_2000m": 14885.015942123851, "median_income_2000m": 70739.984040656243, "apartment_share_2000m": 0.54350373264061902, "distance_to_traffic_count_m": 61.720841030938843, "traffic_volume_weighted_1000m": 8228.4314598109704, "traffic_counters_1000m": 18, "traffic_data_quality": "high", "distance_to_arterial_m": null, "road_length_500m": null, "intersections_500m": null, "distance_to_transit_stop_m": 46.976388128906201, "transit_stop_count_500m": 17, "distance_to_destination_m": 251.86780402118868, "destination_count_1000m": 13, "capacity_log": 2.4849066497880004, "capacity_score": 0.073249947261122675, "facility_type_score": 1.0, "ttc_facility_score": 0.0, "parking_feasibility_score": 0.29761246571972977, "underserved_population_raw": 11730.935200195679, "underserved_population_score": 0.88022258471114423, "apartment_score": 0.54393436122678385, "low_existing_supply_score": 1.0, "equity_score": 0.7457072953174001, "constraint_status": "eligible", "constraint_notes": "", "essential_data_missing": false, "population_score": 0.6866253713130851, "traffic_score": 0.72666720303862442, "coverage_distance_score": 0.1743933949237074, "arterial_access_score": 0.5, "transit_access_score": 0.94483079626177957, "intersection_access_score": 0.5, "demand_score": 0.67210181039976358, "coverage_score": 0.42207537644659515, "accessibility_score": 0.63344923887853388, "feasibility_score": 0.29761246571972977, "overall_score": 0.55305183439698413, "static_rank": 90, "non_coverage_score": 0.5967106537137804 }, "geometry": { "type": "Point", "coordinates": [ -79.50531, 43.601317 ] } },
{ "type": "Feature", "properties": { "id": "815", "address": "Leslie Lot - 2760 Old Leslie Street", "lat": 43.770058, "lng": -79.367484, "carpark_type": "surface", "carpark_type_str": "Surface", "is_ttc": true, "is_under_construction": false, "capacity": 102, "max_height": 0.0, "bike_racks": "not available", "rate_half_hour": 0.0, "monthly_permit_status": "not_available", "candidate_id": "green_p_815", "distance_to_nearest_charger_m": 684.61186535938373, "capacity_missing": false, "capacity_filled": 102, "existing_chargers_1000m": 1, "existing_chargers_2000m": 1, "baseline_coverage_score": 0.051475051532442036, "baseline_capacity_score": 0.46162953840864085, "baseline_score": 0.21553684628292158, "population_500m": 3997.5165840086647, "households_500m": 2094.3617387190457, "apartment_population_500m": 3289.7654510897942, "median_income_500m": 70231.730438023194, "apartment_share_500m": 0.82295229599544384, "population_1000m": 11583.545489479744, "households_1000m": 5212.3895012509529, "apartment_population_1000m": 6854.0057381257047, "median_income_1000m": 83149.267470175735, "apartment_share_1000m": 0.59170188819567893, "population_2000m": 58849.034025114073, "households_2000m": 24587.447370670434, "apartment_population_2000m": 38367.083327350774, "median_income_2000m": 82449.496616676523, "apartment_share_2000m": 0.65195774175286314, "distance_to_traffic_count_m": 88.537737010270973, "traffic_volume_weighted_1000m": 18477.439114175962, "traffic_counters_1000m": 20, "traffic_data_quality": "high", "distance_to_arterial_m": null, "road_length_500m": null, "intersections_500m": null, "distance_to_transit_stop_m": 41.16924555160881, "transit_stop_count_500m": 17, "distance_to_destination_m": 277.00363168429772, "destination_count_1000m": 18, "capacity_log": 4.6347289882296359, "capacity_score": 0.46162953840864085, "facility_type_score": 1.0, "ttc_facility_score": 1.0, "parking_feasibility_score": 0.65005919996561656, "underserved_population_raw": 0.0, "underserved_population_score": 0.0, "apartment_score": 0.55994673244165105, "low_existing_supply_score": 0.95, "equity_score": 0.22397869297666043, "constraint_status": "eligible", "constraint_notes": "", "essential_data_missing": false, "population_score": 0.68458146454356583, "traffic_score": 0.94552296176707973, "coverage_distance_score": 0.051475051532442036, "arterial_access_score": 0.5, "transit_access_score": 0.95258250740487616, "intersection_access_score": 0.5, "demand_score": 0.75098404215141279, "coverage_score": 0.32103253607270943, "accessibility_score": 0.63577475222146285, "feasibility_score": 0.65005919996561656, "overall_score": 0.55261504640040227, "static_rank": 91, "non_coverage_score": 0.62980921650963317 }, "geometry": { "type": "Point", "coordinates": [ -79.367484, 43.770058 ] } },
{ "type": "Feature", "properties": { "id": "12", "address": "30 Alvin Avenue", "lat": 43.689190564695537, "lng": -79.392699835255257, "carpark_type": "surface", "carpark_type_str": "Surface", "is_ttc": false, "is_under_construction": false, "capacity": 188, "max_height": 2.67, "bike_racks": "available", "rate_half_hour": 3.5, "monthly_permit_status": "not_available", "candidate_id": "green_p_12", "distance_to_nearest_charger_m": 217.63367211211013, "capacity_missing": false, "capacity_filled": 188, "existing_chargers_1000m": 2, "existing_chargers_2000m": 3, "baseline_coverage_score": 0.0098828348456082397, "baseline_capacity_score": 0.57129135039367418, "baseline_score": 0.23444624106483464, "population_500m": 8718.4306057702252, "households_500m": 5224.4714853815076, "apartment_population_500m": 7809.1335349391575, "median_income_500m": 79476.225624165978, "apartment_share_500m": 0.89570404216680277, "population_1000m": 26066.873826126375, "households_1000m": 14222.825944474453, "apartment_population_1000m": 20181.833826607413, "median_income_1000m": 96468.716103141443, "apartment_share_1000m": 0.77423299630121012, "population_2000m": 87816.457221319535, "households_2000m": 45315.1230962923, "apartment_population_2000m": 61886.467886559854, "median_income_2000m": 101661.50057901771, "apartment_share_2000m": 0.70472517162233506, "distance_to_traffic_count_m": 87.294397211478511, "traffic_volume_weighted_1000m": 10646.174304944769, "traffic_counters_1000m": 74, "traffic_data_quality": "high", "distance_to_arterial_m": null, "road_length_500m": null, "intersections_500m": null, "distance_to_transit_stop_m": 87.554703880934241, "transit_stop_count_500m": 19, "distance_to_destination_m": 66.22984809253164, "destination_count_1000m": 13, "capacity_log": 5.2417470150596426, "capacity_score": 0.57129135039367418, "facility_type_score": 1.0, "ttc_facility_score": 0.0, "parking_feasibility_score": 0.62133937775588821, "underserved_population_raw": 0.0, "underserved_population_score": 0.0, "apartment_score": 0.76654039211882774, "low_existing_supply_score": 0.85, "equity_score": 0.30661615684753113, "constraint_status": "eligible", "constraint_notes": "", "essential_data_missing": false, "population_score": 0.81569845981924682, "traffic_score": 0.79635838991281971, "coverage_distance_score": 0.0098828348456082397, "arterial_access_score": 0.5, "transit_access_score": 0.89066450394224828, "intersection_access_score": 0.5, "demand_score": 0.79909782181191358, "coverage_score": 0.26191798439192576, "accessibility_score": 0.61719935118267444, "feasibility_score": 0.62133937775588821, "overall_score": 0.5525112352262268, "static_rank": 92, "non_coverage_score": 0.64937565217099369 }, "geometry": { "type": "Point", "coordinates": [ -79.392699835255257, 43.689190564695537 ] } },
{ "type": "Feature", "properties": { "id": "524", "address": "2225 Lake shore Blvd West (Parks)", "lat": 43.61964106324865, "lng": -79.47947037616575, "carpark_type": "surface", "carpark_type_str": "Surface", "is_ttc": false, "is_under_construction": false, "capacity": 144, "max_height": null, "bike_racks": "available", "rate_half_hour": 1.0, "monthly_permit_status": "not_available", "candidate_id": "green_p_524", "distance_to_nearest_charger_m": 603.82828539119066, "capacity_missing": false, "capacity_filled": 144, "existing_chargers_1000m": 2, "existing_chargers_2000m": 3, "baseline_coverage_score": 0.04427992291324314, "baseline_capacity_score": 0.52341495398836191, "baseline_score": 0.23593393534329066, "population_500m": 5520.890259406503, "households_500m": 3287.9285527590791, "apartment_population_500m": 5327.7860876648847, "median_income_500m": 76157.674766449098, "apartment_share_500m": 0.96502300124285079, "population_1000m": 20321.208916384327, "households_1000m": 11671.209056288004, "apartment_population_1000m": 18947.719615794984, "median_income_1000m": 73592.244399560106, "apartment_share_1000m": 0.93241104374051564, "population_2000m": 43155.515295658231, "households_2000m": 22772.884644750928, "apartment_population_2000m": 33211.062949062165, "median_income_2000m": 75440.197798879453, "apartment_share_2000m": 0.76956705815081405, "distance_to_traffic_count_m": 319.54132471535894, "traffic_volume_weighted_1000m": 13115.244458510146, "traffic_counters_1000m": 18, "traffic_data_quality": "medium", "distance_to_arterial_m": null, "road_length_500m": null, "intersections_500m": null, "distance_to_transit_stop_m": 343.50884247602937, "transit_stop_count_500m": 7, "distance_to_destination_m": 309.04519895507087, "destination_count_1000m": 9, "capacity_log": 4.9767337424205742, "capacity_score": 0.52341495398836191, "facility_type_score": 1.0, "ttc_facility_score": 0.0, "parking_feasibility_score": 0.59021972009243528, "underserved_population_raw": 0.0, "underserved_population_score": 0.0, "apartment_score": 0.9455705971082311, "low_existing_supply_score": 0.85, "equity_score": 0.37822823884329249, "constraint_status": "eligible", "constraint_notes": "", "essential_data_missing": false, "population_score": 0.7754451220000419, "traffic_score": 0.85278636413245046, "coverage_distance_score": 0.04427992291324314, "arterial_access_score": 0.5, "transit_access_score": 0.54900205604129348, "intersection_access_score": 0.5, "demand_score": 0.8365396517680227, "coverage_score": 0.2859959460392702, "accessibility_score": 0.5147006168123881, "feasibility_score": 0.59021972009243528, "overall_score": 0.5517567873008965, "static_rank": 93, "non_coverage_score": 0.64034373438810521 }, "geometry": { "type": "Point", "coordinates": [ -79.47947037616575, 43.61964106324865 ] } },
{ "type": "Feature", "properties": { "id": "246", "address": "31 Blackthorn Ave", "lat": 43.6754575, "lng": -79.4582834, "carpark_type": "surface", "carpark_type_str": "Surface", "is_ttc": false, "is_under_construction": false, "capacity": 37, "max_height": 0.0, "bike_racks": "available", "rate_half_hour": 1.0, "monthly_permit_status": "waiting_list", "candidate_id": "green_p_246", "distance_to_nearest_charger_m": 1080.6562857240947, "capacity_missing": false, "capacity_filled": 37, "existing_chargers_1000m": 0, "existing_chargers_2000m": 2, "baseline_coverage_score": 0.08674942962465014, "baseline_capacity_score": 0.28148910674371708, "baseline_score": 0.16464530047227693, "population_500m": 6029.4077640968144, "households_500m": 2263.5396910472064, "apartment_population_500m": 2732.5168307157619, "median_income_500m": 83068.941799417895, "apartment_share_500m": 0.45319821409111216, "population_1000m": 20586.771194796704, "households_1000m": 8005.066472177562, "apartment_population_1000m": 9204.8257321976853, "median_income_1000m": 78454.091156504204, "apartment_share_1000m": 0.44712333202227461, "population_2000m": 91346.063645350558, "households_2000m": 37482.237312441197, "apartment_population_2000m": 48898.639838216091, "median_income_2000m": 77833.742892061709, "apartment_share_2000m": 0.53531195419721833, "distance_to_traffic_count_m": 96.383899551809094, "traffic_volume_weighted_1000m": 9500.5059426084317, "traffic_counters_1000m": 58, "traffic_data_quality": "high", "distance_to_arterial_m": null, "road_length_500m": null, "intersections_500m": null, "distance_to_transit_stop_m": 91.332494844724096, "transit_stop_count_500m": 18, "distance_to_destination_m": 51.403157943445542, "destination_count_1000m": 15, "capacity_log": 3.6375861597263857, "capacity_score": 0.28148910674371708, "facility_type_score": 1.0, "ttc_facility_score": 0.0, "parking_feasibility_score": 0.43296791938341611, "underserved_population_raw": 20586.771194796704, "underserved_population_score": 0.9330527029808503, "apartment_score": 0.39630880058054085, "low_existing_supply_score": 0.9, "equity_score": 0.71835514202072659, "constraint_status": "eligible", "constraint_notes": "", "essential_data_missing": false, "population_score": 0.77754403457235299, "traffic_score": 0.76555625793791515, "coverage_distance_score": 0.08674942962465014, "arterial_access_score": 0.5, "transit_access_score": 0.88562168918085693, "intersection_access_score": 0.5, "demand_score": 0.69710126595193733, "coverage_score": 0.33072460073725513, "accessibility_score": 0.61568650675425707, "feasibility_score": 0.43296791938341611, "overall_score": 0.55172953343033149, "static_rank": 94, "non_coverage_score": 0.62539784432802359 }, "geometry": { "type": "Point", "coordinates": [ -79.458283400000028, 43.6754575 ] } },
{ "type": "Feature", "properties": { "id": "181", "address": "1155 King Street West", "lat": 43.637863, "lng": -79.424011, "carpark_type": "surface", "carpark_type_str": "Surface", "is_ttc": false, "is_under_construction": false, "capacity": 269, "max_height": 0.0, "bike_racks": "available", "rate_half_hour": 2.0, "monthly_permit_status": "not_available", "candidate_id": "green_p_181", "distance_to_nearest_charger_m": 364.5997347533733, "capacity_missing": false, "capacity_filled": 269, "existing_chargers_1000m": 3, "existing_chargers_2000m": 6, "baseline_coverage_score": 0.022972620217554824, "baseline_capacity_score": 0.6357270325533001, "baseline_score": 0.26807438515185295, "population_500m": 12346.287684045632, "households_500m": 7136.719328785859, "apartment_population_500m": 11484.388559607811, "median_income_500m": 67211.985993197086, "apartment_share_500m": 0.93018961274071055, "population_1000m": 37886.60736153405, "households_1000m": 21306.758833826323, "apartment_population_1000m": 33857.215324989636, "median_income_1000m": 69121.537493358337, "apartment_share_1000m": 0.89364600535239735, "population_2000m": 101855.49758470643, "households_2000m": 53653.122543853737, "apartment_population_2000m": 83861.197432590023, "median_income_2000m": 72782.677426126291, "apartment_share_2000m": 0.82333501304481138, "distance_to_traffic_count_m": 30.548002651432117, "traffic_volume_weighted_1000m": 7046.1413008820091, "traffic_counters_1000m": 92, "traffic_data_quality": "high", "distance_to_arterial_m": null, "road_length_500m": null, "intersections_500m": null, "distance_to_transit_stop_m": 193.3716675380783, "transit_stop_count_500m": 20, "distance_to_destination_m": 120.73758689352979, "destination_count_1000m": 26, "capacity_log": 5.598421958998375, "capacity_score": 0.6357270325533001, "facility_type_score": 1.0, "ttc_facility_score": 0.0, "parking_feasibility_score": 0.66322257115964511, "underserved_population_raw": 0.0, "underserved_population_score": 0.0, "apartment_score": 0.90169527508094471, "low_existing_supply_score": 0.7, "equity_score": 0.36067811003237793, "constraint_status": "eligible", "constraint_notes": "", "essential_data_missing": false, "population_score": 0.87614901642846088, "traffic_score": 0.68470413427585197, "coverage_distance_score": 0.022972620217554824, "arterial_access_score": 0.5, "transit_access_score": 0.74941387587665065, "intersection_access_score": 0.5, "demand_score": 0.81425255940554453, "coverage_score": 0.22608083415228836, "accessibility_score": 0.57482416276299519, "feasibility_score": 0.66322257115964511, "overall_score": 0.55131200558951898, "static_rank": 95, "non_coverage_score": 0.65972239606859595 }, "geometry": { "type": "Point", "coordinates": [ -79.424011, 43.637863 ] } },
{ "type": "Feature", "properties": { "id": "507", "address": "66 Third Street", "lat": 43.601216, "lng": -79.500697, "carpark_type": "surface", "carpark_type_str": "Surface", "is_ttc": false, "is_under_construction": false, "capacity": 24, "max_height": 0.0, "bike_racks": "available", "rate_half_hour": 1.0, "monthly_permit_status": "not_available", "candidate_id": "green_p_507", "distance_to_nearest_charger_m": 1851.9162300665625, "capacity_missing": false, "capacity_filled": 24, "existing_chargers_1000m": 0, "existing_chargers_2000m": 1, "baseline_coverage_score": 0.15544302429531431, "baseline_capacity_score": 0.20584632187092547, "baseline_score": 0.1756043433255588, "population_500m": 3783.4985762591814, "households_500m": 1820.2887620114072, "apartment_population_500m": 2152.0032341110609, "median_income_500m": 65951.57388571238, "apartment_share_500m": 0.56878658488588318, "population_1000m": 11622.08515378148, "households_1000m": 5425.9498143186129, "apartment_population_1000m": 6442.5198131621673, "median_income_1000m": 70415.785249290071, "apartment_share_1000m": 0.55433424621449823, "population_2000m": 26424.158045366985, "households_2000m": 12011.75278587657, "apartment_population_2000m": 15415.871208580033, "median_income_2000m": 68565.226874449829, "apartment_share_2000m": 0.58340065867426705, "distance_to_traffic_count_m": 60.577199151857521, "traffic_volume_weighted_1000m": 6706.0639492041055, "traffic_counters_1000m": 20, "traffic_data_quality": "high", "distance_to_arterial_m": null, "road_length_500m": null, "intersections_500m": null, "distance_to_transit_stop_m": 50.422557155103057, "transit_stop_count_500m": 10, "distance_to_destination_m": 58.727875524466768, "destination_count_1000m": 13, "capacity_log": 3.2188758248682006, "capacity_score": 0.20584632187092547, "facility_type_score": 1.0, "ttc_facility_score": 0.0, "parking_feasibility_score": 0.38380010921610153, "underserved_population_raw": 11622.08515378148, "underserved_population_score": 0.87934693343453973, "apartment_score": 0.5176530215749241, "low_existing_supply_score": 0.95, "equity_score": 0.73466936869069355, "constraint_status": "eligible", "constraint_notes": "", "essential_data_missing": false, "population_score": 0.6851184081231918, "traffic_score": 0.67132184254574356, "coverage_distance_score": 0.15544302429531431, "arterial_access_score": 0.5, "transit_access_score": 0.94023064972055304, "intersection_access_score": 0.5, "demand_score": 0.64679653286143135, "coverage_score": 0.39381011700671997, "accessibility_score": 0.63206919491616587, "feasibility_score": 0.38380010921610153, "overall_score": 0.54994228134482714, "static_rank": 96, "non_coverage_score": 0.60198633612419616 }, "geometry": { "type": "Point", "coordinates": [ -79.500697, 43.601216 ] } },
{ "type": "Feature", "properties": { "id": "178", "address": "650 Mt. Pleasant Road", "lat": 43.704763, "lng": -79.388956, "carpark_type": "garage", "carpark_type_str": "Garage", "is_ttc": false, "is_under_construction": false, "capacity": 68, "max_height": 2.1, "bike_racks": "not available", "rate_half_hour": 1.5, "monthly_permit_status": "not_available", "candidate_id": "green_p_178", "distance_to_nearest_charger_m": 621.10142046583451, "capacity_missing": false, "capacity_filled": 68, "existing_chargers_1000m": 1, "existing_chargers_2000m": 3, "baseline_coverage_score": 0.045818384424453608, "baseline_capacity_score": 0.38925444321336428, "baseline_score": 0.18319280794001791, "population_500m": 11589.727972727607, "households_500m": 5979.5904719637329, "apartment_population_500m": 8434.1371997343103, "median_income_500m": 82885.300152546464, "apartment_share_500m": 0.72772520801015506, "population_1000m": 50419.835916070908, "households_1000m": 27292.199190831849, "apartment_population_1000m": 40278.07053781805, "median_income_1000m": 77239.139018219837, "apartment_share_1000m": 0.7988536615800399, "population_2000m": 101398.27554732784, "households_2000m": 50295.679657942754, "apartment_population_2000m": 66619.7838921855, "median_income_2000m": 97496.113704501462, "apartment_share_2000m": 0.65701101456198419, "distance_to_traffic_count_m": 47.360106392527747, "traffic_volume_weighted_1000m": 10387.18354777825, "traffic_counters_1000m": 81, "traffic_data_quality": "high", "distance_to_arterial_m": null, "road_length_500m": null, "intersections_500m": null, "distance_to_transit_stop_m": 43.047192303676233, "transit_stop_count_500m": 15, "distance_to_destination_m": 85.711459577189018, "destination_count_1000m": 19, "capacity_log": 4.2341065045972597, "capacity_score": 0.38925444321336428, "facility_type_score": 0.7, "ttc_facility_score": 0.0, "parking_feasibility_score": 0.42801538808868678, "underserved_population_raw": 0.0, "underserved_population_score": 0.0, "apartment_score": 0.79440672896645959, "low_existing_supply_score": 0.85, "equity_score": 0.31776269158658388, "constraint_status": "eligible", "constraint_notes": "", "essential_data_missing": false, "population_score": 0.92235025437990692, "traffic_score": 0.78969560081055812, "coverage_distance_score": 0.045818384424453608, "arterial_access_score": 0.5, "transit_access_score": 0.95007571502456611, "intersection_access_score": 0.5, "demand_score": 0.85033242054794533, "coverage_score": 0.28707286909711754, "accessibility_score": 0.6350227145073698, "feasibility_score": 0.42801538808868678, "overall_score": 0.54985106371209835, "static_rank": 97, "non_coverage_score": 0.63744379525042527 }, "geometry": { "type": "Point", "coordinates": [ -79.388956, 43.704763 ] } },
{ "type": "Feature", "properties": { "id": "267", "address": "70 Distillery Lane", "lat": 43.65012, "lng": -79.357531, "carpark_type": "garage", "carpark_type_str": "Garage", "is_ttc": false, "is_under_construction": false, "capacity": 103, "max_height": 2.1, "bike_racks": "available", "rate_half_hour": 2.25, "monthly_permit_status": "not_available", "candidate_id": "green_p_267", "distance_to_nearest_charger_m": 938.90130062398407, "capacity_missing": false, "capacity_filled": 103, "existing_chargers_1000m": 1, "existing_chargers_2000m": 4, "baseline_coverage_score": 0.074123777844802022, "baseline_capacity_score": 0.46337502636943867, "baseline_score": 0.22982427725465668, "population_500m": 5033.8847263656371, "households_500m": 3080.8115151606235, "apartment_population_500m": 4910.0828440429195, "median_income_500m": 73222.339083078172, "apartment_share_500m": 0.97540629373686516, "population_1000m": 24146.146847468775, "households_1000m": 14371.26247408981, "apartment_population_1000m": 22232.998564455531, "median_income_1000m": 68894.151684630197, "apartment_share_1000m": 0.92076796786259096, "population_2000m": 95547.765533576952, "households_2000m": 53664.349881118884, "apartment_population_2000m": 83105.211449452312, "median_income_2000m": 69490.359470662792, "apartment_share_2000m": 0.8697766084362053, "distance_to_traffic_count_m": 112.06829182229728, "traffic_volume_weighted_1000m": 8641.4591367701596, "traffic_counters_1000m": 84, "traffic_data_quality": "high", "distance_to_arterial_m": null, "road_length_500m": null, "intersections_500m": null, "distance_to_transit_stop_m": 74.940323051895973, "transit_stop_count_500m": 19, "distance_to_destination_m": 413.06598109871527, "destination_count_1000m": 23, "capacity_log": 4.6443908991413725, "capacity_score": 0.46337502636943867, "facility_type_score": 0.7, "ttc_facility_score": 0.0, "parking_feasibility_score": 0.47619376714013512, "underserved_population_raw": 0.0, "underserved_population_score": 0.0, "apartment_score": 0.93239264798775112, "low_existing_supply_score": 0.8, "equity_score": 0.37295705919510047, "constraint_status": "eligible", "constraint_notes": "", "essential_data_missing": false, "population_score": 0.80332488876172459, "traffic_score": 0.73991677783767584, "coverage_distance_score": 0.074123777844802022, "arterial_access_score": 0.5, "transit_access_score": 0.90750291201199251, "intersection_access_score": 0.5, "demand_score": 0.80694560178351282, "coverage_score": 0.29188664449136142, "accessibility_score": 0.62225087360359777, "feasibility_score": 0.47619376714013512, "overall_score": 0.54823028736914403, "static_rank": 98, "non_coverage_score": 0.63367816832840496 }, "geometry": { "type": "Point", "coordinates": [ -79.357531, 43.65012 ] } },
{ "type": "Feature", "properties": { "id": "702", "address": "1 Brimley Road (Bluffer's Park)", "lat": 43.70664, "lng": -79.235437, "carpark_type": "surface", "carpark_type_str": "Surface", "is_ttc": false, "is_under_construction": false, "capacity": 232, "max_height": null, "bike_racks": "available", "rate_half_hour": 1.5, "monthly_permit_status": "available", "candidate_id": "green_p_702", "distance_to_nearest_charger_m": 5217.1470474391508, "capacity_missing": false, "capacity_filled": 232, "existing_chargers_1000m": 0, "existing_chargers_2000m": 0, "baseline_coverage_score": 0.45517310030607178, "baseline_capacity_score": 0.60910122977960524, "baseline_score": 0.51674435209548519, "population_500m": 289.41945665937385, "households_500m": 100.60034589764332, "apartment_population_500m": 17.643752972817445, "median_income_500m": 115000.0, "apartment_share_500m": 0.060962566844919797, "population_1000m": 1904.3207432567879, "households_1000m": 676.5107504097823, "apartment_population_1000m": 264.67212285696365, "median_income_1000m": 101852.85990732459, "apartment_share_1000m": 0.13898505479928702, "population_2000m": 17858.497962197627, "households_2000m": 6970.2534363848445, "apartment_population_2000m": 7201.598531224914, "median_income_2000m": 77710.694794792435, "apartment_share_2000m": 0.40325891608964304, "distance_to_traffic_count_m": 1057.0795508283795, "traffic_volume_weighted_1000m": null, "traffic_counters_1000m": 0, "traffic_data_quality": "low", "distance_to_arterial_m": null, "road_length_500m": null, "intersections_500m": null, "distance_to_transit_stop_m": 201.43848385087659, "transit_stop_count_500m": 2, "distance_to_destination_m": 343.65328296774004, "destination_count_1000m": 5, "capacity_log": 5.4510384535657002, "capacity_score": 0.60910122977960524, "facility_type_score": 1.0, "ttc_facility_score": 0.0, "parking_feasibility_score": 0.64591579935674348, "underserved_population_raw": 1904.3207432567879, "underserved_population_score": 0.70947154948007007, "apartment_score": 0.047549539549196905, "low_existing_supply_score": 1.0, "equity_score": 0.44470274550772082, "constraint_status": "eligible", "constraint_notes": "", "essential_data_missing": false, "population_score": 0.39276920778737334, "traffic_score": 0.77474891602340068, "coverage_distance_score": 0.45517310030607178, "arterial_access_score": 0.5, "transit_access_score": 0.73864582100820386, "intersection_access_score": 0.5, "demand_score": 0.45741817202234758, "coverage_score": 0.61862117021425023, "accessibility_score": 0.57159374630246118, "feasibility_score": 0.64591579935674348, "overall_score": 0.54755713787504268, "static_rank": 99, "non_coverage_score": 0.52386912709530675 }, "geometry": { "type": "Point", "coordinates": [ -79.235437, 43.70664 ] } },
{ "type": "Feature", "properties": { "id": "509", "address": "105 Fourth Street", "lat": 43.600781, "lng": -79.501415, "carpark_type": "surface", "carpark_type_str": "Surface", "is_ttc": false, "is_under_construction": false, "capacity": 22, "max_height": null, "bike_racks": "available", "rate_half_hour": 0.0, "monthly_permit_status": "available", "candidate_id": "green_p_509", "distance_to_nearest_charger_m": 1923.7312672407372, "capacity_missing": false, "capacity_filled": 22, "existing_chargers_1000m": 0, "existing_chargers_2000m": 1, "baseline_coverage_score": 0.16183935421117326, "baseline_capacity_score": 0.19078288401845384, "baseline_score": 0.17341676613408549, "population_500m": 3941.7182445821754, "households_500m": 1884.0305340283169, "apartment_population_500m": 2218.9347283365582, "median_income_500m": 66751.292318607826, "apartment_share_500m": 0.56293590527086668, "population_1000m": 11520.348938368737, "households_1000m": 5397.7661338473681, "apartment_population_1000m": 6499.4763802332382, "median_income_1000m": 69320.72829675478, "apartment_share_1000m": 0.56417356930801033, "population_2000m": 25998.446295983289, "households_2000m": 11787.522500035466, "apartment_population_2000m": 14946.092674474219, "median_income_2000m": 68885.488821221457, "apartment_share_2000m": 0.57488407208331382, "distance_to_traffic_count_m": 120.7139929288237, "traffic_volume_weighted_1000m": 6857.3984334075458, "traffic_counters_1000m": 19, "traffic_data_quality": "high", "distance_to_arterial_m": null, "road_length_500m": null, "intersections_500m": null, "distance_to_transit_stop_m": 106.51866818832004, "transit_stop_count_500m": 10, "distance_to_destination_m": 45.164263596071628, "destination_count_1000m": 14, "capacity_log": 3.1354942159291497, "capacity_score": 0.19078288401845384, "facility_type_score": 1.0, "ttc_facility_score": 0.0, "parking_feasibility_score": 0.374008874611995, "underserved_population_raw": 11520.348938368737, "underserved_population_score": 0.87852106383309769, "apartment_score": 0.52878943436358461, "low_existing_supply_score": 0.95, "equity_score": 0.73862841204529239, "constraint_status": "eligible", "constraint_notes": "", "essential_data_missing": false, "population_score": 0.6836971173396611, "traffic_score": 0.67735884116761347, "coverage_distance_score": 0.16183935421117326, "arterial_access_score": 0.5, "transit_access_score": 0.86535030311419447, "intersection_access_score": 0.5, "demand_score": 0.65049718408422907, "coverage_score": 0.39828754794782129, "accessibility_score": 0.6096050909342583, "feasibility_score": 0.374008874611995, "overall_score": 0.54660623279540421, "static_rank": 100, "non_coverage_score": 0.59604579441126515 }, "geometry": { "type": "Point", "coordinates": [ -79.501415, 43.600781 ] } },
{ "type": "Feature", "properties": { "id": "523", "address": "2225 Lake shore Blvd West (Parks)", "lat": 43.620030018006297, "lng": -79.480666641386392, "carpark_type": "surface", "carpark_type_str": "Surface", "is_ttc": false, "is_under_construction": false, "capacity": 80, "max_height": null, "bike_racks": "available", "rate_half_hour": 1.0, "monthly_permit_status": "not_available", "candidate_id": "green_p_523", "distance_to_nearest_charger_m": 521.22609738229653, "capacity_missing": false, "capacity_filled": 80, "existing_chargers_1000m": 2, "existing_chargers_2000m": 3, "baseline_coverage_score": 0.036922816838156479, "baseline_capacity_score": 0.41822140097827837, "baseline_score": 0.18944225049420524, "population_500m": 6553.5274782093074, "households_500m": 3854.6992842121704, "apartment_population_500m": 6237.9241279351336, "median_income_500m": 75278.470931352247, "apartment_share_500m": 0.95184221759600984, "population_1000m": 21733.290072435004, "households_1000m": 12410.634318526081, "apartment_population_1000m": 20027.497377670905, "median_income_1000m": 73903.182725668841, "apartment_share_1000m": 0.92151244983714597, "population_2000m": 44912.296712145901, "households_2000m": 23525.748776133543, "apartment_population_2000m": 34092.183373397347, "median_income_2000m": 75629.070369342022, "apartment_share_2000m": 0.75908349982417167, "distance_to_traffic_count_m": 216.61108135912053, "traffic_volume_weighted_1000m": 12060.629343378638, "traffic_counters_1000m": 24, "traffic_data_quality": "high", "distance_to_arterial_m": null, "road_length_500m": null, "intersections_500m": null, "distance_to_transit_stop_m": 250.32187721645448, "transit_stop_count_500m": 7, "distance_to_destination_m": 245.97054220692635, "destination_count_1000m": 9, "capacity_log": 4.3944491546724391, "capacity_score": 0.41822140097827837, "facility_type_score": 1.0, "ttc_facility_score": 0.0, "parking_feasibility_score": 0.52184391063588098, "underserved_population_raw": 0.0, "underserved_population_score": 0.0, "apartment_score": 0.93323527288212305, "low_existing_supply_score": 0.85, "equity_score": 0.37329410915284922, "constraint_status": "eligible", "constraint_notes": "", "essential_data_missing": false, "population_score": 0.78630540018904393, "traffic_score": 0.83010710412437572, "coverage_distance_score": 0.036922816838156479, "arterial_access_score": 0.5, "transit_access_score": 0.6733934287997323, "intersection_access_score": 0.5, "demand_score": 0.83102197110502585, "coverage_score": 0.28084597178670956, "accessibility_score": 0.55201802863991967, "feasibility_score": 0.52184391063588098, "overall_score": 0.54552768751683622, "static_rank": 101, "non_coverage_score": 0.633754926093545 }, "geometry": { "type": "Point", "coordinates": [ -79.480666641386392, 43.620030018006283 ] } },
{ "type": "Feature", "properties": { "id": "3", "address": "13 Isabella Street", "lat": 43.667577, "lng": -79.384707, "carpark_type": "surface", "carpark_type_str": "Surface", "is_ttc": false, "is_under_construction": false, "capacity": 33, "max_height": 0.0, "bike_racks": "not available", "rate_half_hour": 3.0, "monthly_permit_status": "not_available", "candidate_id": "green_p_3", "distance_to_nearest_charger_m": 149.04633793677235, "capacity_missing": false, "capacity_filled": 33, "existing_chargers_1000m": 3, "existing_chargers_2000m": 8, "baseline_coverage_score": 0.0037739858538473475, "baseline_capacity_score": 0.26139546183325196, "baseline_score": 0.1068225762456092, "population_500m": 30208.053373628947, "households_500m": 18831.538126123673, "apartment_population_500m": 28839.581647372212, "median_income_500m": 55141.838874170047, "apartment_share_500m": 0.95469844715477814, "population_1000m": 80429.594721604997, "households_1000m": 48383.136516893675, "apartment_population_1000m": 76841.846082370888, "median_income_1000m": 58022.549274797115, "apartment_share_1000m": 0.95539268037278358, "population_2000m": 166380.78148069067, "households_2000m": 93819.07456846151, "apartment_population_2000m": 146525.85982970969, "median_income_2000m": 64676.024983912394, "apartment_share_2000m": 0.88066577477107688, "distance_to_traffic_count_m": 25.802732200926684, "traffic_volume_weighted_1000m": 10300.175722590095, "traffic_counters_1000m": 113, "traffic_data_quality": "high", "distance_to_arterial_m": null, "road_length_500m": null, "intersections_500m": null, "distance_to_transit_stop_m": 106.94694577856082, "transit_stop_count_500m": 35, "distance_to_destination_m": 38.262639623122446, "destination_count_1000m": 33, "capacity_log": 3.5263605246161616, "capacity_score": 0.26139546183325196, "facility_type_score": 1.0, "ttc_facility_score": 0.0, "parking_feasibility_score": 0.41990705019161378, "underserved_population_raw": 0.0, "underserved_population_score": 0.0, "apartment_score": 0.97158183687173649, "low_existing_supply_score": 0.6, "equity_score": 0.38863273474869464, "constraint_status": "eligible", "constraint_notes": "", "essential_data_missing": false, "population_score": 0.99784710604138172, "traffic_score": 0.78741990823703845, "coverage_distance_score": 0.0037739858538473475, "arterial_access_score": 0.5, "transit_access_score": 0.86477861331591277, "intersection_access_score": 0.5, "demand_score": 0.91894453297593248, "coverage_score": 0.18264179009769313, "accessibility_score": 0.60943358399477388, "feasibility_score": 0.41990705019161378, "overall_score": 0.54507985521976943, "static_rank": 102, "non_coverage_score": 0.66589254359379468 }, "geometry": { "type": "Point", "coordinates": [ -79.384707, 43.667577 ] } },
{ "type": "Feature", "properties": { "id": "249", "address": "1670 Bayview Ave", "lat": 43.7074, "lng": -79.376543, "carpark_type": "surface", "carpark_type_str": "Surface", "is_ttc": false, "is_under_construction": false, "capacity": 33, "max_height": 0.0, "bike_racks": "available", "rate_half_hour": 2.0, "monthly_permit_status": "not_available", "candidate_id": "green_p_249", "distance_to_nearest_charger_m": 1596.0724890342763, "capacity_missing": false, "capacity_filled": 33, "existing_chargers_1000m": 0, "existing_chargers_2000m": 1, "baseline_coverage_score": 0.13265586106401034, "baseline_capacity_score": 0.26139546183325196, "baseline_score": 0.184151701371707, "population_500m": 4594.6389313967102, "households_500m": 1846.1799400351088, "apartment_population_500m": 1362.1177067248348, "median_income_500m": 121286.34221882092, "apartment_share_500m": 0.29645805188673852, "population_1000m": 18528.793333654212, "households_1000m": 7551.3535633883885, "apartment_population_1000m": 5816.1170311205497, "median_income_1000m": 121207.46066153226, "apartment_share_1000m": 0.31389615753102618, "population_2000m": 82851.308206620102, "households_2000m": 40592.696020582211, "apartment_population_2000m": 52951.50192009491, "median_income_2000m": 96402.436810934247, "apartment_share_2000m": 0.63911485607494489, "distance_to_traffic_count_m": 66.408627846362847, "traffic_volume_weighted_1000m": 9354.6328794726614, "traffic_counters_1000m": 81, "traffic_data_quality": "high", "distance_to_arterial_m": null, "road_length_500m": null, "intersections_500m": null, "distance_to_transit_stop_m": 75.153856208671002, "transit_stop_count_500m": 12, "distance_to_destination_m": 295.4254907219738, "destination_count_1000m": 11, "capacity_log": 3.5263605246161616, "capacity_score": 0.26139546183325196, "facility_type_score": 1.0, "ttc_facility_score": 0.0, "parking_feasibility_score": 0.41990705019161378, "underserved_population_raw": 18528.793333654212, "underserved_population_score": 0.92315920823901232, "apartment_score": 0.24551867043634787, "low_existing_supply_score": 0.95, "equity_score": 0.65210299311794651, "constraint_status": "eligible", "constraint_notes": "", "essential_data_missing": false, "population_score": 0.7605176990964716, "traffic_score": 0.76137017597734191, "coverage_distance_score": 0.13265586106401034, "arterial_access_score": 0.5, "transit_access_score": 0.90721787555408551, "intersection_access_score": 0.5, "demand_score": 0.65781626027275142, "coverage_score": 0.37785910274480722, "accessibility_score": 0.62216536266622569, "feasibility_score": 0.41990705019161378, "overall_score": 0.54443908314180911, "static_rank": 103, "non_coverage_score": 0.59996574327414298 }, "geometry": { "type": "Point", "coordinates": [ -79.376543, 43.7074 ] } },
{ "type": "Feature", "properties": { "id": "659", "address": "341 Oakwood Avenue", "lat": 43.686479, "lng": -79.43819, "carpark_type": "surface", "carpark_type_str": "Surface", "is_ttc": false, "is_under_construction": false, "capacity": 22, "max_height": 0.0, "bike_racks": "available", "rate_half_hour": 1.0, "monthly_permit_status": "not_available", "candidate_id": "green_p_659", "distance_to_nearest_charger_m": 1189.6246270778563, "capacity_missing": false, "capacity_filled": 22, "existing_chargers_1000m": 0, "existing_chargers_2000m": 3, "baseline_coverage_score": 0.096454882536860589, "baseline_capacity_score": 0.19078288401845384, "baseline_score": 0.1341860831294979, "population_500m": 7325.8082713128042, "households_500m": 2902.1602281974274, "apartment_population_500m": 3123.1922114106001, "median_income_500m": 78284.654929526529, "apartment_share_500m": 0.42632732058259504, "population_1000m": 25547.129848048138, "households_1000m": 10217.372484485939, "apartment_population_1000m": 11356.923488217653, "median_income_1000m": 81727.495305011704, "apartment_share_1000m": 0.44454792204711596, "population_2000m": 99553.492149819722, "households_2000m": 41672.24715754397, "apartment_population_2000m": 54643.10791092171, "median_income_2000m": 82694.037550507404, "apartment_share_2000m": 0.54888187979069969, "distance_to_traffic_count_m": 21.709496893260621, "traffic_volume_weighted_1000m": 8233.9334257710852, "traffic_counters_1000m": 91, "traffic_data_quality": "high", "distance_to_arterial_m": null, "road_length_500m": null, "intersections_500m": null, "distance_to_transit_stop_m": 68.471623102371595, "transit_stop_count_500m": 16, "distance_to_destination_m": 10.620741788141405, "destination_count_1000m": 13, "capacity_log": 3.1354942159291497, "capacity_score": 0.19078288401845384, "facility_type_score": 1.0, "ttc_facility_score": 0.0, "parking_feasibility_score": 0.374008874611995, "underserved_population_raw": 25547.129848048138, "underserved_population_score": 0.95333119380811571, "apartment_score": 0.39339388170748218, "low_existing_supply_score": 0.85, "equity_score": 0.72935626896786232, "constraint_status": "eligible", "constraint_notes": "", "essential_data_missing": false, "population_score": 0.81244256100604284, "traffic_score": 0.72684803395897912, "coverage_distance_score": 0.096454882536860589, "arterial_access_score": 0.5, "transit_access_score": 0.91613770835333064, "intersection_access_score": 0.5, "demand_score": 0.69867474067985835, "coverage_score": 0.32251841777580242, "accessibility_score": 0.62484131250599917, "feasibility_score": 0.374008874611995, "overall_score": 0.5442372472376934, "static_rank": 104, "non_coverage_score": 0.61814352372499048 }, "geometry": { "type": "Point", "coordinates": [ -79.43819, 43.686479 ] } },
{ "type": "Feature", "properties": { "id": "171", "address": "730 Mt. Pleasant Road", "lat": 43.706702, "lng": -79.38975, "carpark_type": "garage", "carpark_type_str": "Garage", "is_ttc": false, "is_under_construction": false, "capacity": 53, "max_height": 2.1, "bike_racks": "not available", "rate_half_hour": 2.0, "monthly_permit_status": "not_available", "candidate_id": "green_p_171", "distance_to_nearest_charger_m": 529.0393254639248, "capacity_missing": false, "capacity_filled": 53, "existing_chargers_1000m": 1, "existing_chargers_2000m": 3, "baseline_coverage_score": 0.037618715447757418, "baseline_capacity_score": 0.34497145371715571, "baseline_score": 0.16055981075551676, "population_500m": 17194.013504916442, "households_500m": 9447.3737956636323, "apartment_population_500m": 14469.796149571324, "median_income_500m": 71326.609617656752, "apartment_share_500m": 0.84156012471630559, "population_1000m": 50636.1889711357, "households_1000m": 27205.449302730489, "apartment_population_1000m": 40267.492995949171, "median_income_1000m": 76894.617557415768, "apartment_share_1000m": 0.79523150960083056, "population_2000m": 98719.738873352355, "households_2000m": 48265.675751396542, "apartment_population_2000m": 62949.295684795732, "median_income_2000m": 99578.026575864118, "apartment_share_2000m": 0.63765662676188239, "distance_to_traffic_count_m": 77.859017969149392, "traffic_volume_weighted_1000m": 10989.304474780518, "traffic_counters_1000m": 84, "traffic_data_quality": "high", "distance_to_arterial_m": null, "road_length_500m": null, "intersections_500m": null, "distance_to_transit_stop_m": 63.557996568573671, "transit_stop_count_500m": 19, "distance_to_destination_m": 193.59158732590117, "destination_count_1000m": 19, "capacity_log": 3.9889840465642745, "capacity_score": 0.34497145371715571, "facility_type_score": 0.7, "ttc_facility_score": 0.0, "parking_feasibility_score": 0.3992314449161512, "underserved_population_raw": 0.0, "underserved_population_score": 0.0, "apartment_score": 0.79030707909823472, "low_existing_supply_score": 0.85, "equity_score": 0.31612283163929389, "constraint_status": "eligible", "constraint_notes": "", "essential_data_missing": false, "population_score": 0.92304247418494734, "traffic_score": 0.8049403881219731, "coverage_distance_score": 0.037618715447757418, "arterial_access_score": 0.5, "transit_access_score": 0.92269670239352564, "intersection_access_score": 0.5, "demand_score": 0.85515966504556373, "coverage_score": 0.28133310081343021, "accessibility_score": 0.62680901071805772, "feasibility_score": 0.3992314449161512, "overall_score": 0.54373997676199037, "static_rank": 105, "non_coverage_score": 0.63120893541151024 }, "geometry": { "type": "Point", "coordinates": [ -79.38975, 43.706702 ] } },
{ "type": "Feature", "properties": { "id": "210", "address": "1275 Lakeshore Blvd. W. (Parks)", "lat": 43.633855949581708, "lng": -79.43827420370485, "carpark_type": "surface", "carpark_type_str": "Surface", "is_ttc": false, "is_under_construction": false, "capacity": 120, "max_height": null, "bike_racks": "available", "rate_half_hour": 1.0, "monthly_permit_status": "not_available", "candidate_id": "green_p_210", "distance_to_nearest_charger_m": 974.32411968199779, "capacity_missing": false, "capacity_filled": 120, "existing_chargers_1000m": 1, "existing_chargers_2000m": 3, "baseline_coverage_score": 0.077278772204761925, "baseline_capacity_score": 0.49072637151958642, "baseline_score": 0.24265781193069172, "population_500m": 6023.6325505576579, "households_500m": 3010.4745463803615, "apartment_population_500m": 5441.7122359278856, "median_income_500m": 47146.39986236921, "apartment_share_500m": 0.90339378942098669, "population_1000m": 20585.280326246564, "households_1000m": 10636.264857476477, "apartment_population_1000m": 17836.960433729313, "median_income_1000m": 49659.070808133045, "apartment_share_1000m": 0.86649101450354804, "population_2000m": 63697.0069475864, "households_2000m": 32347.688099370484, "apartment_population_2000m": 50890.897943529293, "median_income_2000m": 70753.291201765343, "apartment_share_2000m": 0.79895273549360457, "distance_to_traffic_count_m": 44.773317230024524, "traffic_volume_weighted_1000m": 9944.7849929739878, "traffic_counters_1000m": 44, "traffic_data_quality": "high", "distance_to_arterial_m": null, "road_length_500m": null, "intersections_500m": null, "distance_to_transit_stop_m": 301.62601709178125, "transit_stop_count_500m": 7, "distance_to_destination_m": 64.622226325003425, "destination_count_1000m": 17, "capacity_log": 4.7957905455967413, "capacity_score": 0.49072637151958642, "facility_type_score": 1.0, "ttc_facility_score": 0.0, "parking_feasibility_score": 0.56897214148773112, "underserved_population_raw": 0.0, "underserved_population_score": 0.0, "apartment_score": 0.87096051980448774, "low_existing_supply_score": 0.85, "equity_score": 0.34838420792179514, "constraint_status": "eligible", "constraint_notes": "", "essential_data_missing": false, "population_score": 0.77753232699917529, "traffic_score": 0.7779206296895006, "coverage_distance_score": 0.077278772204761925, "arterial_access_score": 0.5, "transit_access_score": 0.60490968357306674, "intersection_access_score": 0.5, "demand_score": 0.79635387150185166, "coverage_score": 0.30909514054333337, "accessibility_score": 0.53147290507192002, "feasibility_score": 0.56897214148773112, "overall_score": 0.54265876961611192, "static_rank": 106, "non_coverage_score": 0.62051331264037157 }, "geometry": { "type": "Point", "coordinates": [ -79.43827420370485, 43.633855949581715 ] } },
{ "type": "Feature", "properties": { "id": "106", "address": "15 Denison Avenue", "lat": 43.648412, "lng": -79.400307, "carpark_type": "surface", "carpark_type_str": "Surface", "is_ttc": false, "is_under_construction": false, "capacity": 120, "max_height": 0.0, "bike_racks": "available", "rate_half_hour": 2.0, "monthly_permit_status": "not_available", "candidate_id": "green_p_106", "distance_to_nearest_charger_m": 174.40559998195113, "capacity_missing": false, "capacity_filled": 120, "existing_chargers_1000m": 3, "existing_chargers_2000m": 11, "baseline_coverage_score": 0.0060326521839960175, "baseline_capacity_score": 0.49072637151958642, "baseline_score": 0.19991013991823217, "population_500m": 11839.96814374612, "households_500m": 6615.8595217130041, "apartment_population_500m": 10594.403703969632, "median_income_500m": 71940.738750512246, "apartment_share_500m": 0.89480001764748018, "population_1000m": 56293.747387153307, "households_1000m": 32569.53010352327, "apartment_population_1000m": 50642.420874980926, "median_income_1000m": 71978.906630246522, "apartment_share_1000m": 0.89961004952635182, "population_2000m": 167274.5449901899, "households_2000m": 95114.125610126328, "apartment_population_2000m": 150630.09465659494, "median_income_2000m": 72830.29546721997, "apartment_share_2000m": 0.90049621516189982, "distance_to_traffic_count_m": 62.743324928315396, "traffic_volume_weighted_1000m": 9029.8321725275855, "traffic_counters_1000m": 123, "traffic_data_quality": "high", "distance_to_arterial_m": null, "road_length_500m": null, "intersections_500m": null, "distance_to_transit_stop_m": 62.214576197388922, "transit_stop_count_500m": 24, "distance_to_destination_m": 161.35283113169194, "destination_count_1000m": 19, "capacity_log": 4.7957905455967413, "capacity_score": 0.49072637151958642, "facility_type_score": 1.0, "ttc_facility_score": 0.0, "parking_feasibility_score": 0.56897214148773112, "underserved_population_raw": 0.0, "underserved_population_score": 0.0, "apartment_score": 0.90844554206371697, "low_existing_supply_score": 0.45, "equity_score": 0.36337821682548682, "constraint_status": "eligible", "constraint_notes": "", "essential_data_missing": false, "population_score": 0.9401654196482232, "traffic_score": 0.75181004887282277, "coverage_distance_score": 0.0060326521839960175, "arterial_access_score": 0.5, "transit_access_score": 0.92448997791975229, "intersection_access_score": 0.5, "demand_score": 0.86789706435993175, "coverage_score": 0.13922285652879721, "accessibility_score": 0.6273469933759257, "feasibility_score": 0.56897214148773112, "overall_score": 0.54232787502107238, "static_rank": 107, "non_coverage_score": 0.67669621451849737 }, "geometry": { "type": "Point", "coordinates": [ -79.400307, 43.648412 ] } },
{ "type": "Feature", "properties": { "id": "516", "address": "WOOLGAR LANEWAY REAR OF 1124 THE QUEENSWAY", "lat": 43.623355, "lng": -79.519, "carpark_type": "surface", "carpark_type_str": "Surface", "is_ttc": false, "is_under_construction": false, "capacity": 11, "max_height": null, "bike_racks": "available", "rate_half_hour": 1.0, "monthly_permit_status": "not_available", "candidate_id": "green_p_516", "distance_to_nearest_charger_m": 1892.974212965986, "capacity_missing": false, "capacity_filled": 11, "existing_chargers_1000m": 0, "existing_chargers_2000m": 1, "baseline_coverage_score": 0.15909992422377175, "baseline_capacity_score": 0.073249947261122675, "baseline_score": 0.12475993343871213, "population_500m": 2782.7842673506348, "households_500m": 1403.5271359325334, "apartment_population_500m": 1861.1720978822866, "median_income_500m": 76048.624266182247, "apartment_share_500m": 0.66881652297618666, "population_1000m": 7079.3833015023356, "households_1000m": 3043.7654992180478, "apartment_population_1000m": 3041.8620159183638, "median_income_1000m": 90205.228650315563, "apartment_share_1000m": 0.42967895455990379, "population_2000m": 25918.555697157401, "households_2000m": 10657.355442359611, "apartment_population_2000m": 9981.5120582243617, "median_income_2000m": 92506.407887572204, "apartment_share_2000m": 0.38511065874396222, "distance_to_traffic_count_m": 79.08932875431087, "traffic_volume_weighted_1000m": 21498.260205134768, "traffic_counters_1000m": 29, "traffic_data_quality": "high", "distance_to_arterial_m": null, "road_length_500m": null, "intersections_500m": null, "distance_to_transit_stop_m": 60.852329692521401, "transit_stop_count_500m": 11, "distance_to_destination_m": 329.7456047356921, "destination_count_1000m": 4, "capacity_log": 2.4849066497880004, "capacity_score": 0.073249947261122675, "facility_type_score": 1.0, "ttc_facility_score": 0.0, "parking_feasibility_score": 0.29761246571972977, "underserved_population_raw": 7079.3833015023356, "underserved_population_score": 0.83278424117039196, "apartment_score": 0.37656478095481416, "low_existing_supply_score": 0.95, "equity_score": 0.65029645708416084, "constraint_status": "eligible", "constraint_notes": "", "essential_data_missing": false, "population_score": 0.60498575127777821, "traffic_score": 0.98649009606011329, "coverage_distance_score": 0.15909992422377175, "arterial_access_score": 0.5, "transit_access_score": 0.92630838366248502, "intersection_access_score": 0.5, "demand_score": 0.69282807788700262, "coverage_score": 0.39636994695664018, "accessibility_score": 0.62789251509874555, "feasibility_score": 0.29761246571972977, "overall_score": 0.54219092869138552, "static_rank": 108, "non_coverage_score": 0.59079792260296715 }, "geometry": { "type": "Point", "coordinates": [ -79.519, 43.623355 ] } },
{ "type": "Feature", "properties": { "id": "150", "address": "40 Larch Street", "lat": 43.652954, "lng": -79.397024, "carpark_type": "garage", "carpark_type_str": "Garage", "is_ttc": false, "is_under_construction": false, "capacity": 357, "max_height": 2.0, "bike_racks": "not available", "rate_half_hour": 2.0, "monthly_permit_status": "waiting_list", "candidate_id": "green_p_150", "distance_to_nearest_charger_m": 427.12790631108737, "capacity_missing": false, "capacity_filled": 357, "existing_chargers_1000m": 2, "existing_chargers_2000m": 13, "baseline_coverage_score": 0.028541799459898699, "baseline_capacity_score": 0.68669225117696719, "baseline_score": 0.29180198014672615, "population_500m": 8982.2445700921326, "households_500m": 4330.0031406990938, "apartment_population_500m": 7578.0353305665676, "median_income_500m": 55511.533279001844, "apartment_share_500m": 0.84366833606367031, "population_1000m": 42212.873127815736, "households_1000m": 23765.774679672824, "apartment_population_1000m": 37488.915869260461, "median_income_1000m": 66993.600036499323, "apartment_share_1000m": 0.88809202244415641, "population_2000m": 201288.06295418381, "households_2000m": 116222.63843694741, "apartment_population_2000m": 183043.40608424495, "median_income_2000m": 68623.819041007737, "apartment_share_2000m": 0.90936046280056049, "distance_to_traffic_count_m": 81.911655039457628, "traffic_volume_weighted_1000m": 9678.1840502468549, "traffic_counters_1000m": 116, "traffic_data_quality": "high", "distance_to_arterial_m": null, "road_length_500m": null, "intersections_500m": null, "distance_to_transit_stop_m": 56.506016392579689, "transit_stop_count_500m": 18, "distance_to_destination_m": 391.96798461392257, "destination_count_1000m": 18, "capacity_log": 5.8805329864007003, "capacity_score": 0.68669225117696719, "facility_type_score": 0.7, "ttc_facility_score": 0.0, "parking_feasibility_score": 0.62134996326502867, "underserved_population_raw": 0.0, "underserved_population_score": 0.0, "apartment_score": 0.89540912656244342, "low_existing_supply_score": 0.35, "equity_score": 0.3581636506249774, "constraint_status": "eligible", "constraint_notes": "", "essential_data_missing": false, "population_score": 0.89362922480175222, "traffic_score": 0.77056907524019458, "coverage_distance_score": 0.028541799459898699, "arterial_access_score": 0.5, "transit_access_score": 0.9321100950532577, "intersection_access_score": 0.5, "demand_score": 0.85091415280734528, "coverage_score": 0.12497925962192909, "accessibility_score": 0.62963302851597736, "feasibility_score": 0.62134996326502867, "overall_score": 0.54146452600313333, "static_rank": 109, "non_coverage_score": 0.68029294813020147 }, "geometry": { "type": "Point", "coordinates": [ -79.397024, 43.652954 ] } },
{ "type": "Feature", "properties": { "id": "660", "address": "406 Oakwood Avenue", "lat": 43.688069, "lng": -79.439317, "carpark_type": "surface", "carpark_type_str": "Surface", "is_ttc": false, "is_under_construction": false, "capacity": 19, "max_height": 0.0, "bike_racks": "available", "rate_half_hour": 1.0, "monthly_permit_status": "waiting_list", "candidate_id": "green_p_660", "distance_to_nearest_charger_m": 1313.8716470014735, "capacity_missing": false, "capacity_filled": 19, "existing_chargers_1000m": 0, "existing_chargers_2000m": 3, "baseline_coverage_score": 0.10752115725821583, "baseline_capacity_score": 0.16553396690235661, "baseline_score": 0.13072628111587214, "population_500m": 7326.318667677454, "households_500m": 2883.799628327351, "apartment_population_500m": 3235.7654912858852, "median_income_500m": 76585.245595573346, "apartment_share_500m": 0.4416632196960753, "population_1000m": 25948.310576722146, "households_1000m": 10346.734404141846, "apartment_population_1000m": 11319.528275341505, "median_income_1000m": 80778.660850745509, "apartment_share_1000m": 0.43623372866116727, "population_2000m": 97938.812561523693, "households_2000m": 40909.865038027536, "apartment_population_2000m": 54065.87767433696, "median_income_2000m": 82843.853940848465, "apartment_share_2000m": 0.55203730023144382, "distance_to_traffic_count_m": 115.37470619492215, "traffic_volume_weighted_1000m": 8459.747446432586, "traffic_counters_1000m": 90, "traffic_data_quality": "high", "distance_to_arterial_m": null, "road_length_500m": null, "intersections_500m": null, "distance_to_transit_stop_m": 102.17580760559274, "transit_stop_count_500m": 18, "distance_to_destination_m": 188.03682980886782, "destination_count_1000m": 13, "capacity_log": 2.9957322735539909, "capacity_score": 0.16553396690235661, "facility_type_score": 1.0, "ttc_facility_score": 0.0, "parking_feasibility_score": 0.35759707848653177, "underserved_population_raw": 25948.310576722146, "underserved_population_score": 0.95479486281566839, "apartment_score": 0.38398365209405183, "low_existing_supply_score": 0.85, "equity_score": 0.72647037852702168, "constraint_status": "eligible", "constraint_notes": "", "essential_data_missing": false, "population_score": 0.81496148078095887, "traffic_score": 0.73416739235132777, "coverage_distance_score": 0.10752115725821583, "arterial_access_score": 0.5, "transit_access_score": 0.87114740561752391, "intersection_access_score": 0.5, "demand_score": 0.70048798409320656, "coverage_score": 0.33026481008075109, "accessibility_score": 0.61134422168525715, "feasibility_score": 0.35759707848653177, "overall_score": 0.54126804171088316, "static_rank": 110, "non_coverage_score": 0.61160245225426046 }, "geometry": { "type": "Point", "coordinates": [ -79.439317, 43.688069 ] } },
{ "type": "Feature", "properties": { "id": "161", "address": "30 St. Clair Avenue West", "lat": 43.688007, "lng": -79.395468, "carpark_type": "garage", "carpark_type_str": "Garage", "is_ttc": false, "is_under_construction": false, "capacity": 173, "max_height": null, "bike_racks": "not available", "rate_half_hour": 2.0, "monthly_permit_status": "not_available", "candidate_id": "green_p_161", "distance_to_nearest_charger_m": 133.41533611845446, "capacity_missing": false, "capacity_filled": 173, "existing_chargers_1000m": 2, "existing_chargers_2000m": 3, "baseline_coverage_score": 0.002381783768052057, "baseline_capacity_score": 0.55635254628091568, "baseline_score": 0.22397008877319752, "population_500m": 10403.392533802855, "households_500m": 6195.1169317002059, "apartment_population_500m": 9322.4522407831191, "median_income_500m": 79681.380338587245, "apartment_share_500m": 0.89609732695295996, "population_1000m": 24660.497860778389, "households_1000m": 13390.623521765185, "apartment_population_1000m": 18852.213308589391, "median_income_1000m": 95755.337210128142, "apartment_share_1000m": 0.76447010174004393, "population_2000m": 89447.538644929693, "households_2000m": 46532.202475984675, "apartment_population_2000m": 64208.723198724554, "median_income_2000m": 100546.63145483783, "apartment_share_2000m": 0.7178366690849598, "distance_to_traffic_count_m": 112.54138432832222, "traffic_volume_weighted_1000m": 10728.546165868451, "traffic_counters_1000m": 80, "traffic_data_quality": "high", "distance_to_arterial_m": null, "road_length_500m": null, "intersections_500m": null, "distance_to_transit_stop_m": 69.409245821316375, "transit_stop_count_500m": 19, "distance_to_destination_m": 255.25756816594, "destination_count_1000m": 11, "capacity_log": 5.1590552992145291, "capacity_score": 0.55635254628091568, "facility_type_score": 0.7, "ttc_facility_score": 0.0, "parking_feasibility_score": 0.53662915508259523, "underserved_population_raw": 0.0, "underserved_population_score": 0.0, "apartment_score": 0.75549048321635393, "low_existing_supply_score": 0.85, "equity_score": 0.30219619328654157, "constraint_status": "eligible", "constraint_notes": "", "essential_data_missing": false, "population_score": 0.80673234321480003, "traffic_score": 0.79844355146552515, "coverage_distance_score": 0.002381783768052057, "arterial_access_score": 0.5, "transit_access_score": 0.91488611509869289, "intersection_access_score": 0.5, "demand_score": 0.79358289410286453, "coverage_score": 0.25666724863763646, "accessibility_score": 0.62446583452960791, "feasibility_score": 0.53662915508259523, "overall_score": 0.53784883988723342, "static_rank": 111, "non_coverage_score": 0.63157603697043252 }, "geometry": { "type": "Point", "coordinates": [ -79.395468, 43.688007 ] } },
{ "type": "Feature", "properties": { "id": "45", "address": "111 Broadview Avenue", "lat": 43.659179, "lng": -79.349774, "carpark_type": "surface", "carpark_type_str": "Surface", "is_ttc": false, "is_under_construction": false, "capacity": 92, "max_height": 2.6, "bike_racks": "available", "rate_half_hour": 1.0, "monthly_permit_status": "not_available", "candidate_id": "green_p_45", "distance_to_nearest_charger_m": 808.1078935522728, "capacity_missing": false, "capacity_filled": 92, "existing_chargers_1000m": 1, "existing_chargers_2000m": 5, "baseline_coverage_score": 0.062474437882463998, "baseline_capacity_score": 0.44317917121661554, "baseline_score": 0.21475633121612461, "population_500m": 6445.4854752876845, "households_500m": 3321.7506337869718, "apartment_population_500m": 4350.2492250286823, "median_income_500m": 83761.375307774302, "apartment_share_500m": 0.67492964520791443, "population_1000m": 27207.11049522243, "households_1000m": 13791.096953802227, "apartment_population_1000m": 20198.255000759425, "median_income_1000m": 77105.189827618015, "apartment_share_1000m": 0.74238883266586653, "population_2000m": 93438.299658165895, "households_2000m": 47049.212820468776, "apartment_population_2000m": 67271.267345353626, "median_income_2000m": 74972.655514878992, "apartment_share_2000m": 0.71995389033681501, "distance_to_traffic_count_m": 34.639978088350901, "traffic_volume_weighted_1000m": 8380.774322340927, "traffic_counters_1000m": 94, "traffic_data_quality": "high", "distance_to_arterial_m": null, "road_length_500m": null, "intersections_500m": null, "distance_to_transit_stop_m": 21.466046588947044, "transit_stop_count_500m": 12, "distance_to_destination_m": 69.318642993674416, "destination_count_1000m": 32, "capacity_log": 4.5325994931532563, "capacity_score": 0.44317917121661554, "facility_type_score": 1.0, "ttc_facility_score": 0.0, "parking_feasibility_score": 0.53806646129080016, "underserved_population_raw": 0.0, "underserved_population_score": 0.0, "apartment_score": 0.73049830387937575, "low_existing_supply_score": 0.75, "equity_score": 0.29219932155175032, "constraint_status": "eligible", "constraint_notes": "", "essential_data_missing": false, "population_score": 0.82261965309074936, "traffic_score": 0.73163007292909465, "coverage_distance_score": 0.062474437882463998, "arterial_access_score": 0.5, "transit_access_score": 0.97888348157944094, "intersection_access_score": 0.5, "demand_score": 0.77234903019189538, "coverage_score": 0.26873210651772478, "accessibility_score": 0.64366504447383233, "feasibility_score": 0.53806646129080016, "overall_score": 0.53755064593056134, "static_rank": 112, "non_coverage_score": 0.62715682573484011 }, "geometry": { "type": "Point", "coordinates": [ -79.349774, 43.659179 ] } },
{ "type": "Feature", "properties": { "id": "269", "address": "1010 Yonge St.", "lat": 43.675942, "lng": -79.389439, "carpark_type": "surface", "carpark_type_str": "Surface", "is_ttc": false, "is_under_construction": false, "capacity": 48, "max_height": 0.0, "bike_racks": "available", "rate_half_hour": 1.5, "monthly_permit_status": "not_available", "candidate_id": "green_p_269", "distance_to_nearest_charger_m": 547.42802879572935, "capacity_missing": false, "capacity_filled": 48, "existing_chargers_1000m": 2, "existing_chargers_2000m": 7, "baseline_coverage_score": 0.039256536966248173, "baseline_capacity_score": 0.32741818141924922, "baseline_score": 0.1545211947474486, "population_500m": 6986.4188661735325, "households_500m": 4026.5177494536129, "apartment_population_500m": 5582.7682268241524, "median_income_500m": 87544.704189862212, "apartment_share_500m": 0.79908867958869456, "population_1000m": 35943.641570321815, "households_1000m": 20537.964668509241, "apartment_population_1000m": 29523.594508178485, "median_income_1000m": 80023.452644761885, "apartment_share_1000m": 0.82138573662374048, "population_2000m": 143183.86904551752, "households_2000m": 80300.226996035475, "apartment_population_2000m": 123077.87614601884, "median_income_2000m": 73422.034148927254, "apartment_share_2000m": 0.85957920376416785, "distance_to_traffic_count_m": 53.539349581662215, "traffic_volume_weighted_1000m": 11429.659064503083, "traffic_counters_1000m": 99, "traffic_data_quality": "high", "distance_to_arterial_m": null, "road_length_500m": null, "intersections_500m": null, "distance_to_transit_stop_m": 42.78041730223385, "transit_stop_count_500m": 19, "distance_to_destination_m": 64.443746306646318, "destination_count_1000m": 28, "capacity_log": 3.8918202981106265, "capacity_score": 0.32741818141924922, "facility_type_score": 1.0, "ttc_facility_score": 0.0, "parking_feasibility_score": 0.46282181792251198, "underserved_population_raw": 0.0, "underserved_population_score": 0.0, "apartment_score": 0.81990914272876247, "low_existing_supply_score": 0.65, "equity_score": 0.32796365709150499, "constraint_status": "eligible", "constraint_notes": "", "essential_data_missing": false, "population_score": 0.8676382147210645, "traffic_score": 0.81556966856859214, "coverage_distance_score": 0.039256536966248173, "arterial_access_score": 0.5, "transit_access_score": 0.9504318217885821, "intersection_access_score": 0.5, "demand_score": 0.83986840916923866, "coverage_score": 0.22247957587637374, "accessibility_score": 0.63512954653657461, "feasibility_score": 0.46282181792251198, "overall_score": 0.5368259644247072, "static_rank": 113, "non_coverage_score": 0.64160809394081841 }, "geometry": { "type": "Point", "coordinates": [ -79.389439, 43.675942 ] } },
{ "type": "Feature", "properties": { "id": "602", "address": "1503 Bayview Avenue", "lat": 43.703909, "lng": -79.374332, "carpark_type": "surface", "carpark_type_str": "Surface", "is_ttc": false, "is_under_construction": false, "capacity": 25, "max_height": null, "bike_racks": "available", "rate_half_hour": 1.25, "monthly_permit_status": "not_available", "candidate_id": "green_p_602", "distance_to_nearest_charger_m": 1793.0772765196693, "capacity_missing": false, "capacity_filled": 25, "existing_chargers_1000m": 0, "existing_chargers_2000m": 2, "baseline_coverage_score": 0.15020243160611121, "baseline_capacity_score": 0.21293180250186328, "baseline_score": 0.17529417996441204, "population_500m": 4330.536979227365, "households_500m": 1726.9480223368528, "apartment_population_500m": 1115.1820878627725, "median_income_500m": 126579.16489627073, "apartment_share_500m": 0.25751589080339371, "population_1000m": 16532.620780197052, "households_1000m": 6624.9240846854327, "apartment_population_1000m": 4818.7391336204109, "median_income_1000m": 123075.95445970641, "apartment_share_1000m": 0.29146855768882979, "population_2000m": 78320.191215274812, "households_2000m": 38210.637211052956, "apartment_population_2000m": 49659.045796631122, "median_income_2000m": 97775.905147074081, "apartment_share_2000m": 0.6340516414232924, "distance_to_traffic_count_m": 46.101460904271903, "traffic_volume_weighted_1000m": 9135.3288770933941, "traffic_counters_1000m": 82, "traffic_data_quality": "high", "distance_to_arterial_m": null, "road_length_500m": null, "intersections_500m": null, "distance_to_transit_stop_m": 28.409178900279873, "transit_stop_count_500m": 10, "distance_to_destination_m": 289.20798983669567, "destination_count_1000m": 11, "capacity_log": 3.2580965380214821, "capacity_score": 0.21293180250186328, "facility_type_score": 1.0, "ttc_facility_score": 0.0, "parking_feasibility_score": 0.38840567162621115, "underserved_population_raw": 16532.620780197052, "underserved_population_score": 0.91245157706033342, "apartment_score": 0.22013450454120739, "low_existing_supply_score": 0.9, "equity_score": 0.635524748052683, "constraint_status": "eligible", "constraint_notes": "", "essential_data_missing": false, "population_score": 0.74209026517575327, "traffic_score": 0.75495241271570557, "coverage_distance_score": 0.15020243160611121, "arterial_access_score": 0.5, "transit_access_score": 0.96961538537044434, "intersection_access_score": 0.5, "demand_score": 0.64220086468782744, "coverage_score": 0.37514170212427789, "accessibility_score": 0.6408846156111333, "feasibility_score": 0.38840567162621115, "overall_score": 0.53643593360884434, "static_rank": 114, "non_coverage_score": 0.59020067743703319 }, "geometry": { "type": "Point", "coordinates": [ -79.374332, 43.703909 ] } },
{ "type": "Feature", "properties": { "id": "212", "address": "363 Adelaide Street West", "lat": 43.646712, "lng": -79.39491, "carpark_type": "surface", "carpark_type_str": "Surface", "is_ttc": false, "is_under_construction": false, "capacity": 23, "max_height": 2.1, "bike_racks": "available", "rate_half_hour": 3.5, "monthly_permit_status": "not_available", "candidate_id": "green_p_212", "distance_to_nearest_charger_m": 337.4498137364015, "capacity_missing": false, "capacity_filled": 23, "existing_chargers_1000m": 4, "existing_chargers_2000m": 10, "baseline_coverage_score": 0.020554465763455147, "baseline_capacity_score": 0.19847155919491041, "baseline_score": 0.091721303136037269, "population_500m": 20572.77055677442, "households_500m": 13330.454923400257, "apartment_population_500m": 20102.858753162644, "median_income_500m": 74167.142956317926, "apartment_share_500m": 0.97715855517296679, "population_1000m": 63327.584637653941, "households_1000m": 37699.134266338755, "apartment_population_1000m": 60378.759747346296, "median_income_1000m": 72736.736510997376, "apartment_share_1000m": 0.9534353803768113, "population_2000m": 170475.61899586103, "households_2000m": 98557.715030339255, "apartment_population_2000m": 157277.84623729045, "median_income_2000m": 72480.883518844232, "apartment_share_2000m": 0.92258263770321891, "distance_to_traffic_count_m": 50.476509569647611, "traffic_volume_weighted_1000m": 11974.317128617071, "traffic_counters_1000m": 122, "traffic_data_quality": "high", "distance_to_arterial_m": null, "road_length_500m": null, "intersections_500m": null, "distance_to_transit_stop_m": 81.623309526308248, "transit_stop_count_500m": 23, "distance_to_destination_m": 301.50442125582754, "destination_count_1000m": 24, "capacity_log": 3.1780538303479458, "capacity_score": 0.19847155919491041, "facility_type_score": 1.0, "ttc_facility_score": 0.0, "parking_feasibility_score": 0.37900651347669179, "underserved_population_raw": 0.0, "underserved_population_score": 0.0, "apartment_score": 0.96936651164059695, "low_existing_supply_score": 0.5, "equity_score": 0.38774660465623878, "constraint_status": "eligible", "constraint_notes": "", "essential_data_missing": false, "population_score": 0.95919936492043301, "traffic_score": 0.82816400663442913, "coverage_distance_score": 0.020554465763455147, "arterial_access_score": 0.5, "transit_access_score": 0.89858207357324094, "intersection_access_score": 0.5, "demand_score": 0.91537041886436432, "coverage_score": 0.1643881260344186, "accessibility_score": 0.61957462207197223, "feasibility_score": 0.37900651347669179, "overall_score": 0.53524871906943605, "static_rank": 115, "non_coverage_score": 0.65886891674777515 }, "geometry": { "type": "Point", "coordinates": [ -79.39491, 43.646712 ] } },
{ "type": "Feature", "properties": { "id": "219", "address": "87 Richmond Street East", "lat": 43.652464, "lng": -79.374326, "carpark_type": "surface", "carpark_type_str": "Surface", "is_ttc": false, "is_under_construction": false, "capacity": 20, "max_height": 2.15, "bike_racks": "available", "rate_half_hour": 2.5, "monthly_permit_status": "not_available", "candidate_id": "green_p_219", "distance_to_nearest_charger_m": 674.26009169771385, "capacity_missing": false, "capacity_filled": 20, "existing_chargers_1000m": 3, "existing_chargers_2000m": 9, "baseline_coverage_score": 0.050553052990635942, "baseline_capacity_score": 0.17434823200385341, "baseline_score": 0.10007112459592293, "population_500m": 16186.512600838951, "households_500m": 9860.88108010424, "apartment_population_500m": 15643.683479886295, "median_income_500m": 68689.34861702226, "apartment_share_500m": 0.9664641090802647, "population_1000m": 52418.357382834249, "households_1000m": 31163.986891662447, "apartment_population_1000m": 48767.243348626929, "median_income_1000m": 63801.559996982112, "apartment_share_1000m": 0.93034665303337083, "population_2000m": 196308.18000451155, "households_2000m": 115273.63780047644, "apartment_population_2000m": 185322.45182689058, "median_income_2000m": 64271.017985068989, "apartment_share_2000m": 0.94403835755917809, "distance_to_traffic_count_m": 91.056984605251344, "traffic_volume_weighted_1000m": 11986.879301972182, "traffic_counters_1000m": 150, "traffic_data_quality": "high", "distance_to_arterial_m": null, "road_length_500m": null, "intersections_500m": null, "distance_to_transit_stop_m": 106.44267220704977, "transit_stop_count_500m": 32, "distance_to_destination_m": 203.53259252107216, "destination_count_1000m": 26, "capacity_log": 3.044522437723423, "capacity_score": 0.17434823200385341, "facility_type_score": 1.0, "ttc_facility_score": 0.0, "parking_feasibility_score": 0.36332635080250475, "underserved_population_raw": 0.0, "underserved_population_score": 0.0, "apartment_score": 0.94323406370513563, "low_existing_supply_score": 0.55, "equity_score": 0.37729362548205425, "constraint_status": "eligible", "constraint_notes": "", "essential_data_missing": false, "population_score": 0.92863447963841061, "traffic_score": 0.82844768083137832, "coverage_distance_score": 0.050553052990635942, "arterial_access_score": 0.5, "transit_access_score": 0.86545174696321348, "intersection_access_score": 0.5, "demand_score": 0.89648901686929428, "coverage_score": 0.20038713709344516, "accessibility_score": 0.60963552408896404, "feasibility_score": 0.36332635080250475, "overall_score": 0.53319890932052361, "static_rank": 116, "non_coverage_score": 0.64413616672954965 }, "geometry": { "type": "Point", "coordinates": [ -79.374326, 43.652464 ] } },
{ "type": "Feature", "properties": { "id": "263", "address": "130 Elizabeth Street - Toronto Coach Terminal", "lat": 43.655631657734062, "lng": -79.385785460472107, "carpark_type": "surface", "carpark_type_str": "Surface", "is_ttc": false, "is_under_construction": false, "capacity": 27, "max_height": 0.0, "bike_racks": "not available", "rate_half_hour": 4.0, "monthly_permit_status": "not_available", "candidate_id": "green_p_263", "distance_to_nearest_charger_m": 272.18240030974681, "capacity_missing": false, "capacity_filled": 27, "existing_chargers_1000m": 4, "existing_chargers_2000m": 12, "baseline_coverage_score": 0.014741311228435677, "baseline_capacity_score": 0.22631989667651847, "baseline_score": 0.0993727454076688, "population_500m": 11075.714335009703, "households_500m": 6502.081805401026, "apartment_population_500m": 10983.388819132773, "median_income_500m": 60506.395068283535, "apartment_share_500m": 0.99166414796514801, "population_1000m": 55967.948002257115, "households_1000m": 33792.067288435159, "apartment_population_1000m": 53815.828209862571, "median_income_1000m": 58017.061290595761, "apartment_share_1000m": 0.96154728073454199, "population_2000m": 235150.84333472364, "households_2000m": 136875.00952159087, "apartment_population_2000m": 219289.05976180773, "median_income_2000m": 64791.03911231667, "apartment_share_2000m": 0.93254634621770172, "distance_to_traffic_count_m": 46.241332686764437, "traffic_volume_weighted_1000m": 12559.571029846125, "traffic_counters_1000m": 124, "traffic_data_quality": "high", "distance_to_arterial_m": null, "road_length_500m": null, "intersections_500m": null, "distance_to_transit_stop_m": 33.385955962200285, "transit_stop_count_500m": 37, "distance_to_destination_m": 219.26200147720161, "destination_count_1000m": 19, "capacity_log": 3.3322045101752038, "capacity_score": 0.22631989667651847, "facility_type_score": 1.0, "ttc_facility_score": 0.0, "parking_feasibility_score": 0.397107932839737, "underserved_population_raw": 0.0, "underserved_population_score": 0.0, "apartment_score": 0.97854778051708502, "low_existing_supply_score": 0.4, "equity_score": 0.39141911220683401, "constraint_status": "eligible", "constraint_notes": "", "essential_data_missing": false, "population_score": 0.93922707306600117, "traffic_score": 0.84107396019778136, "coverage_distance_score": 0.014741311228435677, "arterial_access_score": 0.5, "transit_access_score": 0.96297209433804987, "intersection_access_score": 0.5, "demand_score": 0.91273762505234091, "coverage_score": 0.13031891785990496, "accessibility_score": 0.63889162830141499, "feasibility_score": 0.397107932839737, "overall_score": 0.53288744378760544, "static_rank": 117, "non_coverage_score": 0.66707695243017229 }, "geometry": { "type": "Point", "coordinates": [ -79.385785460472107, 43.655631657734055 ] } },
{ "type": "Feature", "properties": { "id": "195", "address": "15 Price St", "lat": 43.679814, "lng": -79.390007, "carpark_type": "surface", "carpark_type_str": "Surface", "is_ttc": false, "is_under_construction": false, "capacity": 71, "max_height": 2.2, "bike_racks": "available", "rate_half_hour": 1.5, "monthly_permit_status": "not_available", "candidate_id": "green_p_195", "distance_to_nearest_charger_m": 962.49808400665597, "capacity_missing": false, "capacity_filled": 71, "existing_chargers_1000m": 1, "existing_chargers_2000m": 6, "baseline_coverage_score": 0.076225465978758802, "baseline_capacity_score": 0.39694311838982077, "baseline_score": 0.20451252694318361, "population_500m": 3848.3715179002215, "households_500m": 1875.2847739116983, "apartment_population_500m": 1962.1343248766673, "median_income_500m": 124023.88598755363, "apartment_share_500m": 0.50986094137482396, "population_1000m": 23501.147722630238, "households_1000m": 12812.537634913944, "apartment_population_1000m": 17242.380372403975, "median_income_1000m": 100112.97393059534, "apartment_share_1000m": 0.73368248120922908, "population_2000m": 124917.45665636451, "households_2000m": 69355.166016218762, "apartment_population_2000m": 104545.55919552506, "median_income_2000m": 78930.159747115496, "apartment_share_2000m": 0.83691712906963422, "distance_to_traffic_count_m": 58.899688517030711, "traffic_volume_weighted_1000m": 11456.528505186812, "traffic_counters_1000m": 82, "traffic_data_quality": "high", "distance_to_arterial_m": null, "road_length_500m": null, "intersections_500m": null, "distance_to_transit_stop_m": 81.775886208139099, "transit_stop_count_500m": 18, "distance_to_destination_m": 211.45425371804146, "destination_count_1000m": 29, "capacity_log": 4.2766661190160553, "capacity_score": 0.39694311838982077, "facility_type_score": 1.0, "ttc_facility_score": 0.0, "parking_feasibility_score": 0.50801302695338357, "underserved_population_raw": 0.0, "underserved_population_score": 0.0, "apartment_score": 0.72064421912346377, "low_existing_supply_score": 0.7, "equity_score": 0.28825768764938553, "constraint_status": "eligible", "constraint_notes": "", "essential_data_missing": false, "population_score": 0.79894785084423969, "traffic_score": 0.81620492223699026, "coverage_distance_score": 0.076225465978758802, "arterial_access_score": 0.5, "transit_access_score": 0.89837840535793856, "intersection_access_score": 0.5, "demand_score": 0.7893270994875472, "coverage_score": 0.26335782618513115, "accessibility_score": 0.6195135216073816, "feasibility_score": 0.50801302695338357, "overall_score": 0.53156801352196936, "static_rank": 118, "non_coverage_score": 0.62097140930091532 }, "geometry": { "type": "Point", "coordinates": [ -79.390007, 43.679814 ] } },
{ "type": "Feature", "properties": { "id": "109", "address": "51 Aberdeen Avenue", "lat": 43.664703, "lng": -79.36905, "carpark_type": "surface", "carpark_type_str": "Surface", "is_ttc": false, "is_under_construction": false, "capacity": 35, "max_height": 0.0, "bike_racks": "available", "rate_half_hour": 2.0, "monthly_permit_status": "not_available", "candidate_id": "green_p_109", "distance_to_nearest_charger_m": 297.2724176295315, "capacity_missing": false, "capacity_filled": 35, "existing_chargers_1000m": 1, "existing_chargers_2000m": 8, "baseline_coverage_score": 0.016975996813610998, "baseline_capacity_score": 0.27172150645603299, "baseline_score": 0.1188742006705798, "population_500m": 11190.773636701975, "households_500m": 5679.8546231454857, "apartment_population_500m": 9171.5273588791242, "median_income_500m": 60108.987321277687, "apartment_share_500m": 0.81956151170814484, "population_1000m": 59410.636321594677, "households_1000m": 31905.268655523301, "apartment_population_1000m": 52964.992726677978, "median_income_1000m": 57440.90818824507, "apartment_share_1000m": 0.89150690862784399, "population_2000m": 178406.91052617569, "households_2000m": 100945.31930516152, "apartment_population_2000m": 157031.26319796953, "median_income_2000m": 64947.644678427794, "apartment_share_2000m": 0.88018599018859223, "distance_to_traffic_count_m": 97.807835581787344, "traffic_volume_weighted_1000m": 8546.0235179810734, "traffic_counters_1000m": 85, "traffic_data_quality": "high", "distance_to_arterial_m": null, "road_length_500m": null, "intersections_500m": null, "distance_to_transit_stop_m": 85.439991340536707, "transit_stop_count_500m": 26, "distance_to_destination_m": 185.10360637111006, "destination_count_1000m": 25, "capacity_log": 3.5835189384561099, "capacity_score": 0.27172150645603299, "facility_type_score": 1.0, "ttc_facility_score": 0.0, "parking_feasibility_score": 0.42661897919642144, "underserved_population_raw": 0.0, "underserved_population_score": 0.0, "apartment_score": 0.89927418738079534, "low_existing_supply_score": 0.6, "equity_score": 0.35970967495231815, "constraint_status": "eligible", "constraint_notes": "", "essential_data_missing": false, "population_score": 0.94887746684817753, "traffic_score": 0.73691241826208587, "coverage_distance_score": 0.016975996813610998, "arterial_access_score": 0.5, "transit_access_score": 0.89348734504622451, "intersection_access_score": 0.5, "demand_score": 0.86476904394956899, "coverage_score": 0.1918831977695277, "accessibility_score": 0.6180462035138673, "feasibility_score": 0.42661897919642144, "overall_score": 0.53097456770472107, "static_rank": 119, "non_coverage_score": 0.64400502434978557 }, "geometry": { "type": "Point", "coordinates": [ -79.36905, 43.664703 ] } },
{ "type": "Feature", "properties": { "id": "96", "address": "10 Portland Street", "lat": 43.641635, "lng": -79.399159, "carpark_type": "garage", "carpark_type_str": "Garage", "is_ttc": false, "is_under_construction": false, "capacity": 37, "max_height": 2.1, "bike_racks": "available", "rate_half_hour": 2.0, "monthly_permit_status": "not_available", "candidate_id": "green_p_96", "distance_to_nearest_charger_m": 610.79771576464236, "capacity_missing": false, "capacity_filled": 37, "existing_chargers_1000m": 2, "existing_chargers_2000m": 9, "baseline_coverage_score": 0.044900667227363418, "baseline_capacity_score": 0.28148910674371708, "baseline_score": 0.13953604303390488, "population_500m": 22175.747174670556, "households_500m": 13541.285090824427, "apartment_population_500m": 21719.05608486251, "median_income_500m": 75748.582203159865, "apartment_share_500m": 0.97940583078392573, "population_1000m": 62224.404574727632, "households_1000m": 37490.116879231311, "apartment_population_1000m": 59805.198418592758, "median_income_1000m": 75936.493585635966, "apartment_share_1000m": 0.96112126467631265, "population_2000m": 141494.03690371063, "households_2000m": 81741.939011051058, "apartment_population_2000m": 129669.96828554448, "median_income_2000m": 75288.945424769816, "apartment_share_2000m": 0.91643415597639177, "distance_to_traffic_count_m": 36.860388575475632, "traffic_volume_weighted_1000m": 10999.474902186868, "traffic_counters_1000m": 107, "traffic_data_quality": "high", "distance_to_arterial_m": null, "road_length_500m": null, "intersections_500m": null, "distance_to_transit_stop_m": 202.34854444511137, "transit_stop_count_500m": 20, "distance_to_destination_m": 145.36864431520408, "destination_count_1000m": 32, "capacity_log": 3.6375861597263857, "capacity_score": 0.28148910674371708, "facility_type_score": 0.7, "ttc_facility_score": 0.0, "parking_feasibility_score": 0.3579679193834161, "underserved_population_raw": 0.0, "underserved_population_score": 0.0, "apartment_score": 0.97806560398583886, "low_existing_supply_score": 0.55, "equity_score": 0.39122624159433556, "constraint_status": "eligible", "constraint_notes": "", "essential_data_missing": false, "population_score": 0.95635831937481597, "traffic_score": 0.80519065211729124, "coverage_distance_score": 0.044900667227363418, "arterial_access_score": 0.5, "transit_access_score": 0.73743101927820986, "intersection_access_score": 0.5, "demand_score": 0.90779109275688685, "coverage_score": 0.1964304670591544, "accessibility_score": 0.57122930578346298, "feasibility_score": 0.3579679193834161, "overall_score": 0.52850861781549319, "static_rank": 120, "non_coverage_score": 0.63920133473427287 }, "geometry": { "type": "Point", "coordinates": [ -79.399159, 43.641635 ] } },
{ "type": "Feature", "properties": { "id": "155", "address": "995 Eglinton Avenue West", "lat": 43.699612, "lng": -79.431131, "carpark_type": "surface", "carpark_type_str": "Surface", "is_ttc": false, "is_under_construction": false, "capacity": 33, "max_height": 0.0, "bike_racks": "available", "rate_half_hour": 1.25, "monthly_permit_status": "not_available", "candidate_id": "green_p_155", "distance_to_nearest_charger_m": 283.09582750308073, "capacity_missing": false, "capacity_filled": 33, "existing_chargers_1000m": 1, "existing_chargers_2000m": 1, "baseline_coverage_score": 0.015713334408928761, "baseline_capacity_score": 0.26139546183325196, "baseline_score": 0.11398618537865805, "population_500m": 4041.0875156201992, "households_500m": 1525.4805560745242, "apartment_population_500m": 1448.2305462852587, "median_income_500m": 132642.37912737532, "apartment_share_500m": 0.35837643720591239, "population_1000m": 23876.267027301357, "households_1000m": 10013.29857499633, "apartment_population_1000m": 15333.649704956237, "median_income_1000m": 92826.483695180083, "apartment_share_1000m": 0.64221302632538624, "population_2000m": 86747.862103605657, "households_2000m": 35740.457854139444, "apartment_population_2000m": 48524.3208111688, "median_income_2000m": 96470.62173636895, "apartment_share_2000m": 0.55937195032212672, "distance_to_traffic_count_m": 25.884474466608502, "traffic_volume_weighted_1000m": 14269.310390954213, "traffic_counters_1000m": 91, "traffic_data_quality": "high", "distance_to_arterial_m": null, "road_length_500m": null, "intersections_500m": null, "distance_to_transit_stop_m": 12.898061895487377, "transit_stop_count_500m": 18, "distance_to_destination_m": 143.88809066462957, "destination_count_1000m": 13, "capacity_log": 3.5263605246161616, "capacity_score": 0.26139546183325196, "facility_type_score": 1.0, "ttc_facility_score": 0.0, "parking_feasibility_score": 0.41990705019161378, "underserved_population_raw": 0.0, "underserved_population_score": 0.0, "apartment_score": 0.6171166087930422, "low_existing_supply_score": 0.95, "equity_score": 0.24684664351721688, "constraint_status": "eligible", "constraint_notes": "", "essential_data_missing": false, "population_score": 0.80150785062816188, "traffic_score": 0.87560292820895069, "coverage_distance_score": 0.015713334408928761, "arterial_access_score": 0.5, "transit_access_score": 0.99032052510611845, "intersection_access_score": 0.5, "demand_score": 0.79056287941441405, "coverage_score": 0.29599933408625012, "accessibility_score": 0.64709615753183558, "feasibility_score": 0.41990705019161378, "overall_score": 0.52825865073271761, "static_rank": 121, "non_coverage_score": 0.60567842294820673 }, "geometry": { "type": "Point", "coordinates": [ -79.431131, 43.699612 ] } },
{ "type": "Feature", "properties": { "id": "227", "address": "105 Spadina Avenue", "lat": 43.64668, "lng": -79.395233, "carpark_type": "surface", "carpark_type_str": "Surface", "is_ttc": false, "is_under_construction": false, "capacity": 14, "max_height": 0.0, "bike_racks": "available", "rate_half_hour": 3.5, "monthly_permit_status": "not_available", "candidate_id": "green_p_227", "distance_to_nearest_charger_m": 312.22071678268702, "capacity_missing": false, "capacity_filled": 14, "existing_chargers_1000m": 4, "existing_chargers_2000m": 10, "baseline_coverage_score": 0.018307392811257595, "baseline_capacity_score": 0.11356230222969155, "baseline_score": 0.056409356578631178, "population_500m": 20426.784662788243, "households_500m": 13228.504689388317, "apartment_population_500m": 19943.333498119766, "median_income_500m": 74269.262478232544, "apartment_share_500m": 0.97633248831622599, "population_1000m": 63574.611570340356, "households_1000m": 37817.330191273031, "apartment_population_1000m": 60501.240965231096, "median_income_1000m": 72791.592261943588, "apartment_share_1000m": 0.95165726491763436, "population_2000m": 169704.60141472027, "households_2000m": 98023.0206972671, "apartment_population_2000m": 156380.01101664506, "median_income_2000m": 72616.361503710345, "apartment_share_2000m": 0.92148362338441914, "distance_to_traffic_count_m": 25.365339635484272, "traffic_volume_weighted_1000m": 11996.122155343706, "traffic_counters_1000m": 123, "traffic_data_quality": "high", "distance_to_arterial_m": null, "road_length_500m": null, "intersections_500m": null, "distance_to_transit_stop_m": 76.061558862507312, "transit_stop_count_500m": 22, "distance_to_destination_m": 305.30876274081749, "destination_count_1000m": 23, "capacity_log": 2.7080502011022101, "capacity_score": 0.11356230222969155, "facility_type_score": 1.0, "ttc_facility_score": 0.0, "parking_feasibility_score": 0.32381549644929952, "underserved_population_raw": 0.0, "underserved_population_score": 0.0, "apartment_score": 0.96735399232894337, "low_existing_supply_score": 0.5, "equity_score": 0.38694159693157737, "constraint_status": "eligible", "constraint_notes": "", "essential_data_missing": false, "population_score": 0.95982875515852883, "traffic_score": 0.82865620965611075, "coverage_distance_score": 0.018307392811257595, "arterial_access_score": 0.5, "transit_access_score": 0.90600622133986508, "intersection_access_score": 0.5, "demand_score": 0.91542341166676544, "coverage_score": 0.16281517496788031, "accessibility_score": 0.62180186640195956, "feasibility_score": 0.32381549644929952, "overall_score": 0.52695767468294419, "static_rank": 122, "non_coverage_score": 0.64833850792129899 }, "geometry": { "type": "Point", "coordinates": [ -79.395233, 43.64668 ] } },
{ "type": "Feature", "properties": { "id": "275", "address": "1030 King Street West - garage entrance via Shank St.", "lat": 43.641907498775765, "lng": -79.416236552059218, "carpark_type": "garage", "carpark_type_str": "Garage", "is_ttc": false, "is_under_construction": false, "capacity": 152, "max_height": null, "bike_racks": "not available", "rate_half_hour": 1.5, "monthly_permit_status": "waiting_list", "candidate_id": "green_p_275", "distance_to_nearest_charger_m": 403.5654484227947, "capacity_missing": false, "capacity_filled": 152, "existing_chargers_1000m": 4, "existing_chargers_2000m": 8, "baseline_coverage_score": 0.026443168585190316, "baseline_capacity_score": 0.5331169682892849, "baseline_score": 0.22911268846682817, "population_500m": 14494.505365067622, "households_500m": 8595.113117182882, "apartment_population_500m": 12931.781465876929, "median_income_500m": 82596.648656697012, "apartment_share_500m": 0.89218508256536133, "population_1000m": 42200.990890413508, "households_1000m": 23996.109492601314, "apartment_population_1000m": 36664.673835586218, "median_income_1000m": 79494.661241693291, "apartment_share_1000m": 0.86881073316017954, "population_2000m": 138411.76036306549, "households_2000m": 74764.331052691399, "apartment_population_2000m": 118232.85933166611, "median_income_2000m": 72674.268128794167, "apartment_share_2000m": 0.85421108019673719, "distance_to_traffic_count_m": 93.143670473374385, "traffic_volume_weighted_1000m": 5884.827647046769, "traffic_counters_1000m": 114, "traffic_data_quality": "high", "distance_to_arterial_m": null, "road_length_500m": null, "intersections_500m": null, "distance_to_transit_stop_m": 96.031620880143791, "transit_stop_count_500m": 29, "distance_to_destination_m": 73.46584812391815, "destination_count_1000m": 20, "capacity_log": 5.0304379213924353, "capacity_score": 0.5331169682892849, "facility_type_score": 0.7, "ttc_facility_score": 0.0, "parking_feasibility_score": 0.52152602938803516, "underserved_population_raw": 0.0, "underserved_population_score": 0.0, "apartment_score": 0.87358604030709619, "low_existing_supply_score": 0.6, "equity_score": 0.34943441612283849, "constraint_status": "eligible", "constraint_notes": "", "essential_data_missing": false, "population_score": 0.89358371286794613, "traffic_score": 0.63598243682824873, "coverage_distance_score": 0.026443168585190316, "arterial_access_score": 0.5, "transit_access_score": 0.87934902286231598, "intersection_access_score": 0.5, "demand_score": 0.79942373174188197, "coverage_score": 0.1985102180096332, "accessibility_score": 0.61380470685869482, "feasibility_score": 0.52152602938803516, "overall_score": 0.52538796141720101, "static_rank": 123, "non_coverage_score": 0.63434720921972354 }, "geometry": { "type": "Point", "coordinates": [ -79.416236552059218, 43.641907498775758 ] } },
{ "type": "Feature", "properties": { "id": "68", "address": "20 St. Andrew Street (Kensington Garage)", "lat": 43.654303, "lng": -79.400079, "carpark_type": "garage", "carpark_type_str": "Garage", "is_ttc": false, "is_under_construction": false, "capacity": 450, "max_height": 1.9, "bike_racks": "available", "rate_half_hour": 2.5, "monthly_permit_status": "not_available", "candidate_id": "green_p_68", "distance_to_nearest_charger_m": 703.04140774200141, "capacity_missing": false, "capacity_filled": 450, "existing_chargers_1000m": 3, "existing_chargers_2000m": 14, "baseline_coverage_score": 0.053116510451298088, "baseline_capacity_score": 0.72841206589648388, "baseline_score": 0.32323473262937241, "population_500m": 8130.764394758834, "households_500m": 3802.8565731931385, "apartment_population_500m": 6530.6398921759692, "median_income_500m": 53447.676174801403, "apartment_share_500m": 0.80320122132498151, "population_1000m": 36496.572524611438, "households_1000m": 18776.327932849126, "apartment_population_1000m": 30007.845763517944, "median_income_1000m": 67531.849272963285, "apartment_share_1000m": 0.82220996898495535, "population_2000m": 187220.83209046014, "households_2000m": 106045.55859479278, "apartment_population_2000m": 166588.02952243091, "median_income_2000m": 69005.520548129338, "apartment_share_2000m": 0.88979430153338912, "distance_to_traffic_count_m": 40.945406427475618, "traffic_volume_weighted_1000m": 8322.8987770484709, "traffic_counters_1000m": 106, "traffic_data_quality": "high", "distance_to_arterial_m": null, "road_length_500m": null, "intersections_500m": null, "distance_to_transit_stop_m": 145.57404858833078, "transit_stop_count_500m": 19, "distance_to_destination_m": 201.66968731193421, "destination_count_1000m": 17, "capacity_log": 6.1114673395026786, "capacity_score": 0.72841206589648388, "facility_type_score": 0.7, "ttc_facility_score": 0.0, "parking_feasibility_score": 0.64846784283271452, "underserved_population_raw": 0.0, "underserved_population_score": 0.0, "apartment_score": 0.82084203127414557, "low_existing_supply_score": 0.3, "equity_score": 0.32833681250965824, "constraint_status": "eligible", "constraint_notes": "", "essential_data_missing": false, "population_score": 0.87010617833778647, "traffic_score": 0.72975536932455232, "coverage_distance_score": 0.053116510451298088, "arterial_access_score": 0.5, "transit_access_score": 0.81321691334205359, "intersection_access_score": 0.5, "demand_score": 0.8111305657704263, "coverage_score": 0.12718155731590866, "accessibility_score": 0.59396507400261611, "feasibility_score": 0.64846784283271452, "overall_score": 0.52403143153650134, "static_rank": 124, "non_coverage_score": 0.65631472294336546 }, "geometry": { "type": "Point", "coordinates": [ -79.400079, 43.654303 ] } },
{ "type": "Feature", "properties": { "id": "157", "address": "709 Millwood Road", "lat": 43.704181, "lng": -79.374053, "carpark_type": "garage", "carpark_type_str": "Garage", "is_ttc": false, "is_under_construction": false, "capacity": 20, "max_height": 1.98, "bike_racks": "not available", "rate_half_hour": 1.0, "monthly_permit_status": "not_available", "candidate_id": "green_p_157", "distance_to_nearest_charger_m": 1810.8347690607698, "capacity_missing": false, "capacity_filled": 20, "existing_chargers_1000m": 0, "existing_chargers_2000m": 2, "baseline_coverage_score": 0.15178403324889542, "baseline_capacity_score": 0.17434823200385341, "baseline_score": 0.16080971275087863, "population_500m": 4325.2362777606077, "households_500m": 1726.0203137897558, "apartment_population_500m": 1120.0116290403114, "median_income_500m": 126984.23510065961, "apartment_share_500m": 0.25894807985384738, "population_1000m": 16719.222904878814, "households_1000m": 6702.8674541151413, "apartment_population_1000m": 4934.818604645101, "median_income_1000m": 122657.2876834022, "apartment_share_1000m": 0.29515837145786711, "population_2000m": 77943.925517429394, "households_2000m": 37968.123253433187, "apartment_population_2000m": 49328.882859802012, "median_income_2000m": 97770.902163809951, "apartment_share_2000m": 0.63287655237188889, "distance_to_traffic_count_m": 46.368307826158301, "traffic_volume_weighted_1000m": 9091.7855986080904, "traffic_counters_1000m": 86, "traffic_data_quality": "high", "distance_to_arterial_m": null, "road_length_500m": null, "intersections_500m": null, "distance_to_transit_stop_m": 31.846096039597324, "transit_stop_count_500m": 10, "distance_to_destination_m": 301.17259262497822, "destination_count_1000m": 11, "capacity_log": 3.044522437723423, "capacity_score": 0.17434823200385341, "facility_type_score": 0.7, "ttc_facility_score": 0.0, "parking_feasibility_score": 0.28832635080250468, "underserved_population_raw": 16719.222904878814, "underserved_population_score": 0.91350586433356806, "apartment_score": 0.22431073585862171, "low_existing_supply_score": 0.9, "equity_score": 0.63782781294358948, "constraint_status": "eligible", "constraint_notes": "", "essential_data_missing": false, "population_score": 0.7439046542536728, "traffic_score": 0.75365983656462032, "coverage_distance_score": 0.15178403324889542, "arterial_access_score": 0.5, "transit_access_score": 0.96502758878509765, "intersection_access_score": 0.5, "demand_score": 0.64340018438349422, "coverage_score": 0.37624882327422682, "accessibility_score": 0.63950827663552934, "feasibility_score": 0.28832635080250468, "overall_score": 0.52201565037544551, "static_rank": 125, "non_coverage_score": 0.57060459274251829 }, "geometry": { "type": "Point", "coordinates": [ -79.374053, 43.704181 ] } },
{ "type": "Feature", "properties": { "id": "158", "address": "1325 Queen Street West", "lat": 43.64095, "lng": -79.433856, "carpark_type": "surface", "carpark_type_str": "Surface", "is_ttc": false, "is_under_construction": false, "capacity": 32, "max_height": 0.0, "bike_racks": "available", "rate_half_hour": 1.5, "monthly_permit_status": "not_available", "candidate_id": "green_p_158", "distance_to_nearest_charger_m": 504.15630954858483, "capacity_missing": false, "capacity_filled": 32, "existing_chargers_1000m": 2, "existing_chargers_2000m": 6, "baseline_coverage_score": 0.035402466799022911, "baseline_capacity_score": 0.25600232705402198, "baseline_score": 0.12364241090102254, "population_500m": 11114.859780299679, "households_500m": 5717.7610888696299, "apartment_population_500m": 9522.9315142657324, "median_income_500m": 54331.971732144637, "apartment_share_500m": 0.85677477741504848, "population_1000m": 41598.744073335998, "households_1000m": 21125.902345550043, "apartment_population_1000m": 34122.585473511681, "median_income_1000m": 64178.530680577511, "apartment_share_1000m": 0.82027922317451907, "population_2000m": 95024.690693376091, "households_2000m": 47938.491398454804, "apartment_population_2000m": 75208.088012519147, "median_income_2000m": 73180.396185968057, "apartment_share_2000m": 0.79145838269760027, "distance_to_traffic_count_m": 53.987100873137216, "traffic_volume_weighted_1000m": 6373.7092976254853, "traffic_counters_1000m": 107, "traffic_data_quality": "high", "distance_to_arterial_m": null, "road_length_500m": null, "intersections_500m": null, "distance_to_transit_stop_m": 30.011626217965485, "transit_stop_count_500m": 25, "distance_to_destination_m": 59.082655536274821, "destination_count_1000m": 26, "capacity_log": 3.4965075614664802, "capacity_score": 0.25600232705402198, "facility_type_score": 1.0, "ttc_facility_score": 0.0, "parking_feasibility_score": 0.41640151258511426, "underserved_population_raw": 0.0, "underserved_population_score": 0.0, "apartment_score": 0.8186567607905314, "low_existing_supply_score": 0.7, "equity_score": 0.3274627043162126, "constraint_status": "eligible", "constraint_notes": "", "essential_data_missing": false, "population_score": 0.89126001258312049, "traffic_score": 0.65757102972145198, "coverage_distance_score": 0.035402466799022911, "arterial_access_score": 0.5, "transit_access_score": 0.96747634563388085, "intersection_access_score": 0.5, "demand_score": 0.79494821822301875, "coverage_score": 0.23478172675931602, "accessibility_score": 0.64024290369016423, "feasibility_score": 0.41640151258511426, "overall_score": 0.52043497521415594, "static_rank": 126, "non_coverage_score": 0.61565272469910248 }, "geometry": { "type": "Point", "coordinates": [ -79.433856, 43.64095 ] } },
{ "type": "Feature", "properties": { "id": "217", "address": "1445 Bathurst Street", "lat": 43.682499, "lng": -79.41787, "carpark_type": "surface", "carpark_type_str": "Surface", "is_ttc": false, "is_under_construction": false, "capacity": 25, "max_height": 2.2, "bike_racks": "available", "rate_half_hour": 1.5, "monthly_permit_status": "not_available", "candidate_id": "green_p_217", "distance_to_nearest_charger_m": 661.2409788159157, "capacity_missing": false, "capacity_filled": 25, "existing_chargers_1000m": 1, "existing_chargers_2000m": 4, "baseline_coverage_score": 0.049393483289351482, "baseline_capacity_score": 0.21293180250186328, "baseline_score": 0.1148088109743562, "population_500m": 10164.720214188128, "households_500m": 5545.0523617575191, "apartment_population_500m": 8637.9735101023507, "median_income_500m": 73063.500174643996, "apartment_share_500m": 0.8497994364906658, "population_1000m": 25505.058081258358, "households_1000m": 12519.432196644626, "apartment_population_1000m": 18354.610268888042, "median_income_1000m": 81045.123593018303, "apartment_share_1000m": 0.71964589182313554, "population_2000m": 94647.575799993123, "households_2000m": 43948.897095241176, "apartment_population_2000m": 60102.835739593684, "median_income_2000m": 90019.152135465716, "apartment_share_2000m": 0.63501717008158232, "distance_to_traffic_count_m": 67.413209023031172, "traffic_volume_weighted_1000m": 11352.957682448603, "traffic_counters_1000m": 79, "traffic_data_quality": "high", "distance_to_arterial_m": null, "road_length_500m": null, "intersections_500m": null, "distance_to_transit_stop_m": 32.593611491742557, "transit_stop_count_500m": 30, "distance_to_destination_m": 40.324082265317855, "destination_count_1000m": 20, "capacity_log": 3.2580965380214821, "capacity_score": 0.21293180250186328, "facility_type_score": 1.0, "ttc_facility_score": 0.0, "parking_feasibility_score": 0.38840567162621115, "underserved_population_raw": 0.0, "underserved_population_score": 0.0, "apartment_score": 0.7047572264855716, "low_existing_supply_score": 0.8, "equity_score": 0.28190289059422863, "constraint_status": "eligible", "constraint_notes": "", "essential_data_missing": false, "population_score": 0.81217611414570579, "traffic_score": 0.81374802727729179, "coverage_distance_score": 0.049393483289351482, "arterial_access_score": 0.5, "transit_access_score": 0.96402976175004529, "intersection_access_score": 0.5, "demand_score": 0.79124250620973413, "coverage_score": 0.27457543830254605, "accessibility_score": 0.63920892852501354, "feasibility_score": 0.38840567162621115, "overall_score": 0.52030953694691395, "static_rank": 127, "non_coverage_score": 0.60222090316170329 }, "geometry": { "type": "Point", "coordinates": [ -79.41787, 43.682499 ] } },
{ "type": "Feature", "properties": { "id": "413", "address": "4576 Yonge Street", "lat": 43.756023, "lng": -79.410403, "carpark_type": "surface", "carpark_type_str": "Surface", "is_ttc": false, "is_under_construction": false, "capacity": 17, "max_height": 0.0, "bike_racks": "available", "rate_half_hour": 2.0, "monthly_permit_status": "not_available", "candidate_id": "green_p_413", "distance_to_nearest_charger_m": 358.26040772956577, "capacity_missing": false, "capacity_filled": 17, "existing_chargers_1000m": 2, "existing_chargers_2000m": 2, "baseline_coverage_score": 0.022407997142996634, "baseline_capacity_score": 0.14649989452224529, "baseline_score": 0.0720447560946961, "population_500m": 10009.195907215177, "households_500m": 5007.0305063011174, "apartment_population_500m": 8287.7026633576043, "median_income_500m": 78394.648584291223, "apartment_share_500m": 0.82800883709183615, "population_1000m": 25808.520548921955, "households_1000m": 12369.640042743857, "apartment_population_1000m": 19972.477688009905, "median_income_1000m": 80416.144739090218, "apartment_share_1000m": 0.77387146815140373, "population_2000m": 64947.465067754012, "households_2000m": 29449.60161083455, "apartment_population_2000m": 44732.025383955384, "median_income_2000m": 84400.652881796384, "apartment_share_2000m": 0.68874166739672404, "distance_to_traffic_count_m": 181.13618798566625, "traffic_volume_weighted_1000m": 18102.38372130162, "traffic_counters_1000m": 39, "traffic_data_quality": "high", "distance_to_arterial_m": null, "road_length_500m": null, "intersections_500m": null, "distance_to_transit_stop_m": 257.16074610661406, "transit_stop_count_500m": 5, "distance_to_destination_m": 262.70383912996346, "destination_count_1000m": 12, "capacity_log": 2.8903717578961645, "capacity_score": 0.14649989452224529, "facility_type_score": 1.0, "ttc_facility_score": 0.0, "parking_feasibility_score": 0.34522493143945943, "underserved_population_raw": 0.0, "underserved_population_score": 0.0, "apartment_score": 0.76613120475169882, "low_existing_supply_score": 0.9, "equity_score": 0.30645248190067953, "constraint_status": "eligible", "constraint_notes": "", "essential_data_missing": false, "population_score": 0.81408822007599746, "traffic_score": 0.9399748519382839, "coverage_distance_score": 0.022407997142996634, "arterial_access_score": 0.5, "transit_access_score": 0.66426450946007687, "intersection_access_score": 0.5, "demand_score": 0.84855713816293799, "coverage_score": 0.28568559800009768, "accessibility_score": 0.54927935283802309, "feasibility_score": 0.34522493143945943, "overall_score": 0.51827339942249728, "static_rank": 128, "non_coverage_score": 0.59580266656329717 }, "geometry": { "type": "Point", "coordinates": [ -79.410403, 43.756023 ] } },
{ "type": "Feature", "properties": { "id": "81", "address": "695 Lansdowne Avenue", "lat": 43.658969, "lng": -79.442739, "carpark_type": "surface", "carpark_type_str": "Surface", "is_ttc": false, "is_under_construction": false, "capacity": 40, "max_height": 0.0, "bike_racks": "available", "rate_half_hour": 1.5, "monthly_permit_status": "not_available", "candidate_id": "green_p_81", "distance_to_nearest_charger_m": 871.88789634550437, "capacity_missing": false, "capacity_filled": 40, "existing_chargers_1000m": 2, "existing_chargers_2000m": 8, "baseline_coverage_score": 0.068155113628832892, "baseline_capacity_score": 0.29521646223600906, "baseline_score": 0.15897965307170336, "population_500m": 7878.708764400264, "households_500m": 3458.4101864505383, "apartment_population_500m": 5909.0589021815094, "median_income_500m": 70358.115101122909, "apartment_share_500m": 0.75000346870053569, "population_1000m": 31138.00524874566, "households_1000m": 14218.914380129494, "apartment_population_1000m": 23743.611638818664, "median_income_1000m": 71545.607887920894, "apartment_share_1000m": 0.76252834595996266, "population_2000m": 114032.27135072171, "households_2000m": 51511.44178338832, "apartment_population_2000m": 78730.748332565927, "median_income_2000m": 76556.247785398344, "apartment_share_2000m": 0.69042515245898095, "distance_to_traffic_count_m": 37.074253994206678, "traffic_volume_weighted_1000m": 8242.1323107967346, "traffic_counters_1000m": 98, "traffic_data_quality": "high", "distance_to_arterial_m": null, "road_length_500m": null, "intersections_500m": null, "distance_to_transit_stop_m": 16.641122590840219, "transit_stop_count_500m": 22, "distance_to_destination_m": 264.23257835793129, "destination_count_1000m": 15, "capacity_log": 3.713572066704308, "capacity_score": 0.29521646223600906, "facility_type_score": 1.0, "ttc_facility_score": 0.0, "parking_feasibility_score": 0.44189070045340589, "underserved_population_raw": 0.0, "underserved_population_score": 0.0, "apartment_score": 0.75329275135042795, "low_existing_supply_score": 0.6, "equity_score": 0.30131710054017119, "constraint_status": "eligible", "constraint_notes": "", "essential_data_missing": false, "population_score": 0.84443597401862613, "traffic_score": 0.7271172794015256, "coverage_distance_score": 0.068155113628832892, "arterial_access_score": 0.5, "transit_access_score": 0.98532407032388425, "intersection_access_score": 0.5, "demand_score": 0.78514578636900134, "coverage_score": 0.22770857954018303, "accessibility_score": 0.64559722109716522, "feasibility_score": 0.44189070045340589, "overall_score": 0.51800564013720718, "static_rank": 129, "non_coverage_score": 0.61477132700288184 }, "geometry": { "type": "Point", "coordinates": [ -79.442739, 43.658969 ] } },
{ "type": "Feature", "properties": { "id": "18", "address": "351 Keele Street", "lat": 43.664581, "lng": -79.463993, "carpark_type": "surface", "carpark_type_str": "Surface", "is_ttc": false, "is_under_construction": false, "capacity": 77, "max_height": 0.0, "bike_racks": "available", "rate_half_hour": 1.5, "monthly_permit_status": "not_available", "candidate_id": "green_p_18", "distance_to_nearest_charger_m": 210.53842670935927, "capacity_missing": false, "capacity_filled": 77, "existing_chargers_1000m": 2, "existing_chargers_2000m": 6, "baseline_coverage_score": 0.0092508845993122413, "baseline_capacity_score": 0.41140336169677361, "baseline_score": 0.17011187543829678, "population_500m": 6392.1876781069523, "households_500m": 3009.369181352753, "apartment_population_500m": 4845.4171504354672, "median_income_500m": 77038.662203558779, "apartment_share_500m": 0.75802172815276891, "population_1000m": 24176.189996994119, "households_1000m": 11204.144502383147, "apartment_population_1000m": 16902.578464596318, "median_income_1000m": 77182.467748290976, "apartment_share_1000m": 0.69914153002180468, "population_2000m": 92441.294058923057, "households_2000m": 40677.557987243868, "apartment_population_2000m": 55890.086283228768, "median_income_2000m": 82240.274327837004, "apartment_share_2000m": 0.60460086428045712, "distance_to_traffic_count_m": 101.43855509068976, "traffic_volume_weighted_1000m": 9828.8751731641605, "traffic_counters_1000m": 78, "traffic_data_quality": "high", "distance_to_arterial_m": null, "road_length_500m": null, "intersections_500m": null, "distance_to_transit_stop_m": 69.641255022058402, "transit_stop_count_500m": 31, "distance_to_destination_m": 232.27647878007326, "destination_count_1000m": 16, "capacity_log": 4.3567088266895917, "capacity_score": 0.41140336169677361, "facility_type_score": 1.0, "ttc_facility_score": 0.0, "parking_feasibility_score": 0.51741218510290288, "underserved_population_raw": 0.0, "underserved_population_score": 0.0, "apartment_score": 0.68154983357678178, "low_existing_supply_score": 0.7, "equity_score": 0.27261993343071272, "constraint_status": "eligible", "constraint_notes": "", "essential_data_missing": false, "population_score": 0.80352590481569719, "traffic_score": 0.77474891602340068, "coverage_distance_score": 0.0092508845993122413, "arterial_access_score": 0.5, "transit_access_score": 0.91457641574436266, "intersection_access_score": 0.5, "demand_score": 0.76905874449061029, "coverage_score": 0.21647561921951855, "accessibility_score": 0.62437292472330874, "feasibility_score": 0.51741218510290288, "overall_score": 0.5145849342052311, "static_rank": 130, "non_coverage_score": 0.6139547058671353 }, "geometry": { "type": "Point", "coordinates": [ -79.463993, 43.664581 ] } },
{ "type": "Feature", "properties": { "id": "82", "address": "9 Emerson Ave.", "lat": 43.659412, "lng": -79.440143, "carpark_type": "surface", "carpark_type_str": "Surface", "is_ttc": false, "is_under_construction": false, "capacity": 56, "max_height": 0.0, "bike_racks": "available", "rate_half_hour": 1.25, "monthly_permit_status": "not_available", "candidate_id": "green_p_82", "distance_to_nearest_charger_m": 918.51270848198692, "capacity_missing": false, "capacity_filled": 56, "existing_chargers_1000m": 1, "existing_chargers_2000m": 9, "baseline_coverage_score": 0.072307832786613013, "baseline_capacity_score": 0.35473905400483974, "baseline_score": 0.1852803212739037, "population_500m": 7358.6000300120531, "households_500m": 3000.1601462123963, "apartment_population_500m": 5224.0458924824152, "median_income_500m": 73028.890333190415, "apartment_share_500m": 0.70992388106109072, "population_1000m": 30676.124266567153, "households_1000m": 13851.482691960789, "apartment_population_1000m": 23224.515527933847, "median_income_1000m": 71016.882068273902, "apartment_share_1000m": 0.75708767268378308, "population_2000m": 114778.01352320422, "households_2000m": 51293.045788592695, "apartment_population_2000m": 77584.509773090322, "median_income_2000m": 76734.288545895222, "apartment_share_2000m": 0.67595271421390613, "distance_to_traffic_count_m": 58.139981797322044, "traffic_volume_weighted_1000m": 7954.6403074142436, "traffic_counters_1000m": 89, "traffic_data_quality": "high", "distance_to_arterial_m": null, "road_length_500m": null, "intersections_500m": null, "distance_to_transit_stop_m": 86.058669980839113, "transit_stop_count_500m": 23, "distance_to_destination_m": 49.572800968143703, "destination_count_1000m": 14, "capacity_log": 4.0430512678345503, "capacity_score": 0.35473905400483974, "facility_type_score": 1.0, "ttc_facility_score": 0.0, "parking_feasibility_score": 0.48058038510314582, "underserved_population_raw": 0.0, "underserved_population_score": 0.0, "apartment_score": 0.74713484974724531, "low_existing_supply_score": 0.55, "equity_score": 0.29885393989889814, "constraint_status": "eligible", "constraint_notes": "", "essential_data_missing": false, "population_score": 0.84202002656215968, "traffic_score": 0.71751246395434032, "coverage_distance_score": 0.072307832786613013, "arterial_access_score": 0.5, "transit_access_score": 0.89266149686939877, "intersection_access_score": 0.5, "demand_score": 0.7794653442864401, "coverage_score": 0.2156154829506291, "accessibility_score": 0.6177984490608196, "feasibility_score": 0.48058038510314582, "overall_score": 0.5132756155911149, "static_rank": 131, "non_coverage_score": 0.61249565980461018 }, "geometry": { "type": "Point", "coordinates": [ -79.440143, 43.659412 ] } },
{ "type": "Feature", "properties": { "id": "53", "address": "803 Richmond Street West", "lat": 43.644546, "lng": -79.410778, "carpark_type": "surface", "carpark_type_str": "Surface", "is_ttc": false, "is_under_construction": false, "capacity": 49, "max_height": 0.0, "bike_racks": "available", "rate_half_hour": 2.0, "monthly_permit_status": "not_available", "candidate_id": "green_p_53", "distance_to_nearest_charger_m": 443.02458798232146, "capacity_missing": false, "capacity_filled": 49, "existing_chargers_1000m": 4, "existing_chargers_2000m": 9, "baseline_coverage_score": 0.029957664779163149, "baseline_capacity_score": 0.33106793380471322, "baseline_score": 0.15040177238938318, "population_500m": 9808.3709575651756, "households_500m": 5263.7254337248478, "apartment_population_500m": 7751.4779636232979, "median_income_500m": 85874.908631227518, "apartment_share_500m": 0.79029208796845107, "population_1000m": 46528.174168573445, "households_1000m": 26126.656935754567, "apartment_population_1000m": 39538.404475779476, "median_income_1000m": 80458.723292692695, "apartment_share_1000m": 0.84977339391247653, "population_2000m": 153375.95973413734, "households_2000m": 84783.392787254066, "apartment_population_2000m": 133233.59051606525, "median_income_2000m": 73571.804344427248, "apartment_share_2000m": 0.86867323110488126, "distance_to_traffic_count_m": 18.372388696874953, "traffic_volume_weighted_1000m": 6541.7081129951675, "traffic_counters_1000m": 115, "traffic_data_quality": "high", "distance_to_arterial_m": null, "road_length_500m": null, "intersections_500m": null, "distance_to_transit_stop_m": 162.58402331935204, "transit_stop_count_500m": 23, "distance_to_destination_m": 174.19999909852021, "destination_count_1000m": 22, "capacity_log": 3.912023005428146, "capacity_score": 0.33106793380471322, "facility_type_score": 1.0, "ttc_facility_score": 0.0, "parking_feasibility_score": 0.4651941569730636, "underserved_population_raw": 0.0, "underserved_population_score": 0.0, "apartment_score": 0.85203906332043911, "low_existing_supply_score": 0.55, "equity_score": 0.34081562532817566, "constraint_status": "eligible", "constraint_notes": "", "essential_data_missing": false, "population_score": 0.90936436259217013, "traffic_score": 0.66460911903567799, "coverage_distance_score": 0.029957664779163149, "arterial_access_score": 0.5, "transit_access_score": 0.79051101127212131, "intersection_access_score": 0.5, "demand_score": 0.81223496749305157, "coverage_score": 0.18597036534541422, "accessibility_score": 0.5871533033816364, "feasibility_score": 0.4651941569730636, "overall_score": 0.51145442833937338, "static_rank": 132, "non_coverage_score": 0.61994911600402647 }, "geometry": { "type": "Point", "coordinates": [ -79.410778, 43.644546 ] } },
{ "type": "Feature", "properties": { "id": "259", "address": "4 Spadina Road", "lat": 43.666878, "lng": -79.404116, "carpark_type": "surface", "carpark_type_str": "Surface", "is_ttc": false, "is_under_construction": false, "capacity": 51, "max_height": 0.0, "bike_racks": "available", "rate_half_hour": 1.5, "monthly_permit_status": "not_available", "candidate_id": "green_p_259", "distance_to_nearest_charger_m": 106.6737683610736, "capacity_missing": false, "capacity_filled": 51, "existing_chargers_1000m": 2, "existing_chargers_2000m": 9, "baseline_coverage_score": 0.0, "baseline_capacity_score": 0.338153414435651, "baseline_score": 0.1352613657742604, "population_500m": 8049.4119025399223, "households_500m": 4417.7843219955384, "apartment_population_500m": 6909.5944897146474, "median_income_500m": 63650.60802880134, "apartment_share_500m": 0.85839742994570634, "population_1000m": 27429.142448808849, "households_1000m": 13846.515395772947, "apartment_population_1000m": 21547.699995892614, "median_income_1000m": 73242.047255878613, "apartment_share_1000m": 0.78557687452705449, "population_2000m": 140805.6399659134, "households_2000m": 74486.44685407725, "apartment_population_2000m": 112378.19269276428, "median_income_2000m": 69791.734063419746, "apartment_share_2000m": 0.79810860360401104, "distance_to_traffic_count_m": 32.739629289053383, "traffic_volume_weighted_1000m": 9434.2817051002712, "traffic_counters_1000m": 91, "traffic_data_quality": "high", "distance_to_arterial_m": null, "road_length_500m": null, "intersections_500m": null, "distance_to_transit_stop_m": 23.410830481455594, "transit_stop_count_500m": 27, "distance_to_destination_m": 92.14796969000696, "destination_count_1000m": 21, "capacity_log": 3.9512437185814275, "capacity_score": 0.338153414435651, "facility_type_score": 1.0, "ttc_facility_score": 0.0, "parking_feasibility_score": 0.46979971938317316, "underserved_population_raw": 0.0, "underserved_population_score": 0.0, "apartment_score": 0.77937970122034528, "low_existing_supply_score": 0.55, "equity_score": 0.31175188048813812, "constraint_status": "eligible", "constraint_notes": "", "essential_data_missing": false, "population_score": 0.82393358299621344, "traffic_score": 0.76366386121307328, "coverage_distance_score": 0.0, "arterial_access_score": 0.5, "transit_access_score": 0.97628747110272052, "intersection_access_score": 0.5, "demand_score": 0.79392840401694076, "coverage_score": 0.165, "accessibility_score": 0.64288624133081618, "feasibility_score": 0.46979971938317316, "overall_score": 0.50965091542753527, "static_rank": 133, "non_coverage_score": 0.62453455390338031 }, "geometry": { "type": "Point", "coordinates": [ -79.404116, 43.666878 ] } },
{ "type": "Feature", "properties": { "id": "44", "address": "14 Fuller Avenue", "lat": 43.640788, "lng": -79.439542, "carpark_type": "surface", "carpark_type_str": "Surface", "is_ttc": false, "is_under_construction": false, "capacity": 53, "max_height": 2.13, "bike_racks": "available", "rate_half_hour": 1.5, "monthly_permit_status": "not_available", "candidate_id": "green_p_44", "distance_to_nearest_charger_m": 930.32616210390881, "capacity_missing": false, "capacity_filled": 53, "existing_chargers_1000m": 1, "existing_chargers_2000m": 8, "baseline_coverage_score": 0.073360018370368221, "baseline_capacity_score": 0.34497145371715571, "baseline_score": 0.18200459250908324, "population_500m": 11062.936021713365, "households_500m": 5506.9098218227491, "apartment_population_500m": 8842.3022250620779, "median_income_500m": 59189.074624207911, "apartment_share_500m": 0.79927265309201634, "population_1000m": 31975.574559601282, "households_1000m": 15337.381369480447, "apartment_population_1000m": 24275.21688132314, "median_income_1000m": 64680.711580381409, "apartment_share_1000m": 0.75918000585337531, "population_2000m": 83743.416569033274, "households_2000m": 41463.510451609131, "apartment_population_2000m": 65580.577487745555, "median_income_2000m": 72071.394393565904, "apartment_share_2000m": 0.78311323056284288, "distance_to_traffic_count_m": 84.318878631895288, "traffic_volume_weighted_1000m": 6148.1197305663054, "traffic_counters_1000m": 86, "traffic_data_quality": "high", "distance_to_arterial_m": null, "road_length_500m": null, "intersections_500m": null, "distance_to_transit_stop_m": 125.71444686351245, "transit_stop_count_500m": 22, "distance_to_destination_m": 50.255675094442537, "destination_count_1000m": 26, "capacity_log": 3.9889840465642745, "capacity_score": 0.34497145371715571, "facility_type_score": 1.0, "ttc_facility_score": 0.0, "parking_feasibility_score": 0.47423144491615121, "underserved_population_raw": 0.0, "underserved_population_score": 0.0, "apartment_score": 0.74950300918733426, "low_existing_supply_score": 0.6, "equity_score": 0.29980120367493374, "constraint_status": "eligible", "constraint_notes": "", "essential_data_missing": false, "population_score": 0.8487269966641996, "traffic_score": 0.64782273574224125, "coverage_distance_score": 0.073360018370368221, "arterial_access_score": 0.5, "transit_access_score": 0.83972666300612675, "intersection_access_score": 0.5, "demand_score": 0.75856570784614119, "coverage_score": 0.23135201285925774, "accessibility_score": 0.60191799890183806, "feasibility_score": 0.47423144491615121, "overall_score": 0.50690615245394044, "static_rank": 134, "non_coverage_score": 0.59875753231883466 }, "geometry": { "type": "Point", "coordinates": [ -79.439542, 43.640788 ] } },
{ "type": "Feature", "properties": { "id": "19", "address": "385 Pacific Avenue", "lat": 43.664736, "lng": -79.468124, "carpark_type": "surface", "carpark_type_str": "Surface", "is_ttc": false, "is_under_construction": false, "capacity": 71, "max_height": 0.0, "bike_racks": "available", "rate_half_hour": 1.5, "monthly_permit_status": "not_available", "candidate_id": "green_p_19", "distance_to_nearest_charger_m": 532.87075988750132, "capacity_missing": false, "capacity_filled": 71, "existing_chargers_1000m": 2, "existing_chargers_2000m": 7, "baseline_coverage_score": 0.03795996875052654, "baseline_capacity_score": 0.39694311838982077, "baseline_score": 0.18155322860624426, "population_500m": 5378.5620035184675, "households_500m": 2472.3728003246165, "apartment_population_500m": 3886.9213785057668, "median_income_500m": 79364.145449482399, "apartment_share_500m": 0.72266925173737484, "population_1000m": 21821.896185285073, "households_1000m": 9871.5086323932119, "apartment_population_1000m": 14273.910304322928, "median_income_1000m": 82112.52529555581, "apartment_share_1000m": 0.65410953214726142, "population_2000m": 89842.755585504769, "households_2000m": 39419.971047202773, "apartment_population_2000m": 52617.901461524569, "median_income_2000m": 83298.969674557346, "apartment_share_2000m": 0.58566660292879469, "distance_to_traffic_count_m": 88.309071733944265, "traffic_volume_weighted_1000m": 9663.6869559644165, "traffic_counters_1000m": 65, "traffic_data_quality": "high", "distance_to_arterial_m": null, "road_length_500m": null, "intersections_500m": null, "distance_to_transit_stop_m": 86.576255791486687, "transit_stop_count_500m": 28, "distance_to_destination_m": 205.01309231432248, "destination_count_1000m": 14, "capacity_log": 4.2766661190160553, "capacity_score": 0.39694311838982077, "facility_type_score": 1.0, "ttc_facility_score": 0.0, "parking_feasibility_score": 0.50801302695338357, "underserved_population_raw": 0.0, "underserved_population_score": 0.0, "apartment_score": 0.63058139679888214, "low_existing_supply_score": 0.65, "equity_score": 0.25223255871955286, "constraint_status": "eligible", "constraint_notes": "", "essential_data_missing": false, "population_score": 0.78696314222379515, "traffic_score": 0.77016353176629893, "coverage_distance_score": 0.03795996875052654, "arterial_access_score": 0.5, "transit_access_score": 0.89197059327223371, "intersection_access_score": 0.5, "demand_score": 0.74980692947868877, "coverage_score": 0.22157197812536858, "accessibility_score": 0.61759117798167007, "feasibility_score": 0.50801302695338357, "overall_score": 0.50527851888624564, "static_rank": 135, "non_coverage_score": 0.59984736580653797 }, "geometry": { "type": "Point", "coordinates": [ -79.468124, 43.664736 ] } },
{ "type": "Feature", "properties": { "id": "248", "address": "136 Broadview Avenue", "lat": 43.659822, "lng": -79.350373, "carpark_type": "surface", "carpark_type_str": "Surface", "is_ttc": false, "is_under_construction": false, "capacity": 22, "max_height": null, "bike_racks": "available", "rate_half_hour": 1.5, "monthly_permit_status": "not_available", "candidate_id": "green_p_248", "distance_to_nearest_charger_m": 830.20441733015798, "capacity_missing": false, "capacity_filled": 22, "existing_chargers_1000m": 1, "existing_chargers_2000m": 5, "baseline_coverage_score": 0.064442502812016134, "baseline_capacity_score": 0.19078288401845384, "baseline_score": 0.11497865529459123, "population_500m": 6994.5035841717527, "households_500m": 3506.0231831625097, "apartment_population_500m": 4516.8854764417329, "median_income_500m": 83364.030953770984, "apartment_share_500m": 0.64577641888171189, "population_1000m": 28242.561961418898, "households_1000m": 14195.804190952078, "apartment_population_1000m": 20879.563151441023, "median_income_1000m": 77385.497849429536, "apartment_share_1000m": 0.73929423187470777, "population_2000m": 99068.942948350334, "households_2000m": 49886.819501136248, "apartment_population_2000m": 72084.845083796827, "median_income_2000m": 73845.908780618833, "apartment_share_2000m": 0.72762303642805914, "distance_to_traffic_count_m": 73.39875300794948, "traffic_volume_weighted_1000m": 7386.8476473881465, "traffic_counters_1000m": 91, "traffic_data_quality": "high", "distance_to_arterial_m": null, "road_length_500m": null, "intersections_500m": null, "distance_to_transit_stop_m": 84.346855522723303, "transit_stop_count_500m": 13, "distance_to_destination_m": 61.266347278362858, "destination_count_1000m": 33, "capacity_log": 3.1354942159291497, "capacity_score": 0.19078288401845384, "facility_type_score": 1.0, "ttc_facility_score": 0.0, "parking_feasibility_score": 0.374008874611995, "underserved_population_raw": 0.0, "underserved_population_score": 0.0, "apartment_score": 0.72699575075667333, "low_existing_supply_score": 0.75, "equity_score": 0.29079830030266934, "constraint_status": "eligible", "constraint_notes": "", "essential_data_missing": false, "population_score": 0.82865798128122559, "traffic_score": 0.69747864262409054, "coverage_distance_score": 0.064442502812016134, "arterial_access_score": 0.5, "transit_access_score": 0.89494652621614956, "intersection_access_score": 0.5, "demand_score": 0.76241276664631785, "coverage_score": 0.27010975196841125, "accessibility_score": 0.61848395786484489, "feasibility_score": 0.374008874611995, "overall_score": 0.50512922078103328, "static_rank": 136, "non_coverage_score": 0.583469043718574 }, "geometry": { "type": "Point", "coordinates": [ -79.350373, 43.659822 ] } },
{ "type": "Feature", "properties": { "id": "41", "address": "7 Norton Avenue", "lat": 43.678365, "lng": -79.443882, "carpark_type": "surface", "carpark_type_str": "Surface", "is_ttc": false, "is_under_construction": false, "capacity": 64, "max_height": 0.0, "bike_racks": "available", "rate_half_hour": 1.75, "monthly_permit_status": "not_available", "candidate_id": "green_p_41", "distance_to_nearest_charger_m": 178.73989349738284, "capacity_missing": false, "capacity_filled": 64, "existing_chargers_1000m": 1, "existing_chargers_2000m": 2, "baseline_coverage_score": 0.0064186934974556301, "baseline_capacity_score": 0.37846576940421978, "baseline_score": 0.15523752386016132, "population_500m": 6494.0981538776186, "households_500m": 2592.2710956500405, "apartment_population_500m": 3240.1738496171306, "median_income_500m": 80881.32682185623, "apartment_share_500m": 0.49894131145560627, "population_1000m": 24625.944628919824, "households_1000m": 9926.835996247939, "apartment_population_1000m": 12158.435054884734, "median_income_1000m": 81379.941720062576, "apartment_share_1000m": 0.49372461597295664, "population_2000m": 103133.29397463716, "households_2000m": 42442.714614554192, "apartment_population_2000m": 54837.364719233454, "median_income_2000m": 78070.244035646087, "apartment_share_2000m": 0.53171350013041585, "distance_to_traffic_count_m": 79.635448467468251, "traffic_volume_weighted_1000m": 9812.5260796013226, "traffic_counters_1000m": 77, "traffic_data_quality": "high", "distance_to_arterial_m": null, "road_length_500m": null, "intersections_500m": null, "distance_to_transit_stop_m": 45.753315855090804, "transit_stop_count_500m": 16, "distance_to_destination_m": 191.6757173638544, "destination_count_1000m": 14, "capacity_log": 4.1743872698956368, "capacity_score": 0.37846576940421978, "facility_type_score": 1.0, "ttc_facility_score": 0.0, "parking_feasibility_score": 0.49600275011274286, "underserved_population_raw": 0.0, "underserved_population_score": 0.0, "apartment_score": 0.4490533979094547, "low_existing_supply_score": 0.9, "equity_score": 0.17962135916378189, "constraint_status": "eligible", "constraint_notes": "", "essential_data_missing": false, "population_score": 0.80650567283002694, "traffic_score": 0.77429853835183959, "coverage_distance_score": 0.0064186934974556301, "arterial_access_score": 0.5, "transit_access_score": 0.94646342415881324, "intersection_access_score": 0.5, "demand_score": 0.72374272077854696, "coverage_score": 0.27449308544821893, "accessibility_score": 0.63393902724764395, "feasibility_score": 0.49600275011274286, "overall_score": 0.50489644147843726, "static_rank": 137, "non_coverage_score": 0.5816975601551766 }, "geometry": { "type": "Point", "coordinates": [ -79.443882, 43.678365 ] } },
{ "type": "Feature", "properties": { "id": "675", "address": "4 Rosemount Avenue", "lat": 43.7013911, "lng": -79.5138189, "carpark_type": "surface", "carpark_type_str": "Surface", "is_ttc": false, "is_under_construction": false, "capacity": 34, "max_height": null, "bike_racks": "not available", "rate_half_hour": 1.0, "monthly_permit_status": "not_available", "candidate_id": "green_p_675", "distance_to_nearest_charger_m": 259.95922786917254, "capacity_missing": false, "capacity_filled": 34, "existing_chargers_1000m": 2, "existing_chargers_2000m": 2, "baseline_coverage_score": 0.013652633332764222, "baseline_capacity_score": 0.26663225164508736, "baseline_score": 0.11484448065769348, "population_500m": 7120.9960752830193, "households_500m": 3256.8896287443135, "apartment_population_500m": 5776.422216189545, "median_income_500m": 53929.650791939486, "apartment_share_500m": 0.81118177220171617, "population_1000m": 18960.048846777205, "households_1000m": 7789.9908274525615, "apartment_population_1000m": 12097.406209946921, "median_income_1000m": 65530.414047059268, "apartment_share_1000m": 0.63804720693022987, "population_2000m": 58284.439503343499, "households_2000m": 22332.304481651612, "apartment_population_2000m": 34013.41539305781, "median_income_2000m": 71873.254145748273, "apartment_share_2000m": 0.58357626294247233, "distance_to_traffic_count_m": 140.52902221534887, "traffic_volume_weighted_1000m": 11099.042718590126, "traffic_counters_1000m": 42, "traffic_data_quality": "high", "distance_to_arterial_m": null, "road_length_500m": null, "intersections_500m": null, "distance_to_transit_stop_m": 104.73929298425642, "transit_stop_count_500m": 16, "distance_to_destination_m": 406.35980763751849, "destination_count_1000m": 13, "capacity_log": 3.5553480614894135, "capacity_score": 0.26663225164508736, "facility_type_score": 1.0, "ttc_facility_score": 0.0, "parking_feasibility_score": 0.42331096356930675, "underserved_population_raw": 0.0, "underserved_population_score": 0.0, "apartment_score": 0.61240162139537657, "low_existing_supply_score": 0.9, "equity_score": 0.24496064855815064, "constraint_status": "eligible", "constraint_notes": "", "essential_data_missing": false, "population_score": 0.76423715788284785, "traffic_score": 0.80762857091174145, "coverage_distance_score": 0.013652633332764222, "arterial_access_score": 0.5, "transit_access_score": 0.86772551646800689, "intersection_access_score": 0.5, "demand_score": 0.74905704514546634, "coverage_score": 0.27955684333293496, "accessibility_score": 0.61031765494040202, "feasibility_score": 0.42331096356930675, "overall_score": 0.50466256475616511, "static_rank": 138, "non_coverage_score": 0.57969780523057513 }, "geometry": { "type": "Point", "coordinates": [ -79.5138189, 43.7013911 ] } },
{ "type": "Feature", "properties": { "id": "238", "address": "9 Madison Ave.", "lat": 43.667558, "lng": -79.4028, "carpark_type": "surface", "carpark_type_str": "Surface", "is_ttc": false, "is_under_construction": false, "capacity": 38, "max_height": 0.0, "bike_racks": "available", "rate_half_hour": 2.0, "monthly_permit_status": "not_available", "candidate_id": "green_p_238", "distance_to_nearest_charger_m": 108.03122552998828, "capacity_missing": false, "capacity_filled": 38, "existing_chargers_1000m": 2, "existing_chargers_2000m": 9, "baseline_coverage_score": 0.00012090425961860451, "baseline_capacity_score": 0.28618174976298588, "baseline_score": 0.11454524246096552, "population_500m": 8238.1493551364219, "households_500m": 4632.2184577415937, "apartment_population_500m": 7163.6959748377212, "median_income_500m": 62247.224965413909, "apartment_share_500m": 0.86957587997251018, "population_1000m": 28393.681828093519, "households_1000m": 14748.778149344042, "apartment_population_1000m": 22902.238244988712, "median_income_1000m": 71740.024552646471, "apartment_share_1000m": 0.80659628376650272, "population_2000m": 142248.40061291965, "households_2000m": 76110.161845500159, "apartment_population_2000m": 114876.92222987366, "median_income_2000m": 69605.210227905307, "apartment_share_2000m": 0.80757971080794011, "distance_to_traffic_count_m": 111.36631386663552, "traffic_volume_weighted_1000m": 9400.67867437725, "traffic_counters_1000m": 90, "traffic_data_quality": "high", "distance_to_arterial_m": null, "road_length_500m": null, "intersections_500m": null, "distance_to_transit_stop_m": 71.321572504822271, "transit_stop_count_500m": 33, "distance_to_destination_m": 36.556829959578089, "destination_count_1000m": 21, "capacity_log": 3.6635616461296463, "capacity_score": 0.28618174976298588, "facility_type_score": 1.0, "ttc_facility_score": 0.0, "parking_feasibility_score": 0.43601813734594086, "underserved_population_raw": 0.0, "underserved_population_score": 0.0, "apartment_score": 0.80317003879129367, "low_existing_supply_score": 0.55, "equity_score": 0.32126801551651751, "constraint_status": "eligible", "constraint_notes": "", "essential_data_missing": false, "population_score": 0.82952068951872548, "traffic_score": 0.76269854890154276, "coverage_distance_score": 0.00012090425961860451, "arterial_access_score": 0.5, "transit_access_score": 0.91233343038939618, "intersection_access_score": 0.5, "demand_score": 0.80086281015722516, "coverage_score": 0.16508463298173304, "accessibility_score": 0.62370002911681888, "feasibility_score": 0.43601813734594086, "overall_score": 0.50379952926950744, "static_rank": 139, "non_coverage_score": 0.61670449469876554 }, "geometry": { "type": "Point", "coordinates": [ -79.4028, 43.667558 ] } },
{ "type": "Feature", "properties": { "id": "228", "address": "11 Kenwood Avenue", "lat": 43.68298, "lng": -79.422065, "carpark_type": "surface", "carpark_type_str": "Surface", "is_ttc": false, "is_under_construction": false, "capacity": 25, "max_height": 0.0, "bike_racks": "available", "rate_half_hour": 1.5, "monthly_permit_status": "not_available", "candidate_id": "green_p_228", "distance_to_nearest_charger_m": 463.96406195436435, "capacity_missing": false, "capacity_filled": 25, "existing_chargers_1000m": 1, "existing_chargers_2000m": 4, "baseline_coverage_score": 0.031822675075890983, "baseline_capacity_score": 0.21293180250186328, "baseline_score": 0.1042663260462799, "population_500m": 10520.97544898, "households_500m": 5342.3547663628069, "apartment_population_500m": 8376.7074039211439, "median_income_500m": 70139.983243649185, "apartment_share_500m": 0.79619113689056831, "population_1000m": 27465.167595920913, "households_1000m": 13261.856116767265, "apartment_population_1000m": 18830.236309996089, "median_income_1000m": 81467.166052582717, "apartment_share_1000m": 0.68560427473206931, "population_2000m": 92390.655802226232, "households_2000m": 41409.056325513367, "apartment_population_2000m": 55755.158542832753, "median_income_2000m": 89459.659797402099, "apartment_share_2000m": 0.60347183444810315, "distance_to_traffic_count_m": 142.76101198991751, "traffic_volume_weighted_1000m": 8717.9108487015656, "traffic_counters_1000m": 83, "traffic_data_quality": "high", "distance_to_arterial_m": null, "road_length_500m": null, "intersections_500m": null, "distance_to_transit_stop_m": 104.80580624327551, "transit_stop_count_500m": 27, "distance_to_destination_m": 263.00128774689114, "destination_count_1000m": 18, "capacity_log": 3.2580965380214821, "capacity_score": 0.21293180250186328, "facility_type_score": 1.0, "ttc_facility_score": 0.0, "parking_feasibility_score": 0.38840567162621115, "underserved_population_raw": 0.0, "underserved_population_score": 0.0, "apartment_score": 0.66622800081458911, "low_existing_supply_score": 0.8, "equity_score": 0.26649120032583568, "constraint_status": "eligible", "constraint_notes": "", "essential_data_missing": false, "population_score": 0.82414576756810198, "traffic_score": 0.74229967768448279, "coverage_distance_score": 0.031822675075890983, "arterial_access_score": 0.5, "transit_access_score": 0.86763673070732694, "intersection_access_score": 0.5, "demand_score": 0.76391608275813272, "coverage_score": 0.26227587255312368, "accessibility_score": 0.61029101921219808, "feasibility_score": 0.38840567162621115, "overall_score": 0.50171196758467551, "static_rank": 140, "non_coverage_score": 0.58152399926185949 }, "geometry": { "type": "Point", "coordinates": [ -79.422065, 43.68298 ] } },
{ "type": "Feature", "properties": { "id": "216", "address": "205 McCaul Street", "lat": 43.657231, "lng": -79.392475, "carpark_type": "surface", "carpark_type_str": "Surface", "is_ttc": false, "is_under_construction": false, "capacity": 38, "max_height": 2.13, "bike_racks": "available", "rate_half_hour": 3.0, "monthly_permit_status": "not_available", "candidate_id": "green_p_216", "distance_to_nearest_charger_m": 505.42545688790125, "capacity_missing": false, "capacity_filled": 38, "existing_chargers_1000m": 4, "existing_chargers_2000m": 15, "baseline_coverage_score": 0.035515505591642536, "baseline_capacity_score": 0.28618174976298588, "baseline_score": 0.13578200326017989, "population_500m": 6730.8090072911546, "households_500m": 3514.6014676073628, "apartment_population_500m": 6060.4452539376225, "median_income_500m": 55224.759994867905, "apartment_share_500m": 0.90040368808157234, "population_1000m": 42043.743751189875, "households_1000m": 23846.096581561553, "apartment_population_1000m": 38957.035289816507, "median_income_1000m": 56943.194238813237, "apartment_share_1000m": 0.92658340609151846, "population_2000m": 213954.27997502949, "households_2000m": 124440.48824956907, "apartment_population_2000m": 195321.27854934672, "median_income_2000m": 65540.468656233454, "apartment_share_2000m": 0.91291129381540104, "distance_to_traffic_count_m": 108.30137967909756, "traffic_volume_weighted_1000m": 10961.457757848355, "traffic_counters_1000m": 114, "traffic_data_quality": "high", "distance_to_arterial_m": null, "road_length_500m": null, "intersections_500m": null, "distance_to_transit_stop_m": 226.76520940183528, "transit_stop_count_500m": 22, "distance_to_destination_m": 50.809513535636654, "destination_count_1000m": 21, "capacity_log": 3.6635616461296463, "capacity_score": 0.28618174976298588, "facility_type_score": 1.0, "ttc_facility_score": 0.0, "parking_feasibility_score": 0.43601813734594086, "underserved_population_raw": 0.0, "underserved_population_score": 0.0, "apartment_score": 0.93897471873070681, "low_existing_supply_score": 0.25, "equity_score": 0.37558988749228273, "constraint_status": "eligible", "constraint_notes": "", "essential_data_missing": false, "population_score": 0.89298020725775884, "traffic_score": 0.80425397619799699, "coverage_distance_score": 0.035515505591642536, "arterial_access_score": 0.5, "transit_access_score": 0.70483823697556169, "intersection_access_score": 0.5, "demand_score": 0.87112492868143176, "coverage_score": 0.099860853914149769, "accessibility_score": 0.56145147109266857, "feasibility_score": 0.43601813734594086, "overall_score": 0.50155469565262001, "static_rank": 141, "non_coverage_score": 0.6354526428987769 }, "geometry": { "type": "Point", "coordinates": [ -79.392475, 43.657231 ] } },
{ "type": "Feature", "properties": { "id": "226", "address": "646 St. Clair Avenue West", "lat": 43.682103, "lng": -79.4242, "carpark_type": "surface", "carpark_type_str": "Surface", "is_ttc": false, "is_under_construction": false, "capacity": 18, "max_height": 0.0, "bike_racks": "available", "rate_half_hour": 1.25, "monthly_permit_status": "not_available", "candidate_id": "green_p_226", "distance_to_nearest_charger_m": 314.94303441131325, "capacity_missing": false, "capacity_filled": 18, "existing_chargers_1000m": 1, "existing_chargers_2000m": 3, "baseline_coverage_score": 0.018549860717334429, "baseline_capacity_score": 0.15626749480992932, "baseline_score": 0.07363691435437239, "population_500m": 8962.8673527388055, "households_500m": 4260.0080883799947, "apartment_population_500m": 6380.4120841419381, "median_income_500m": 74104.52956321754, "apartment_share_500m": 0.71187175186657869, "population_1000m": 28484.84638238198, "households_1000m": 13461.506699243622, "apartment_population_1000m": 18858.346422295028, "median_income_1000m": 80357.031064900075, "apartment_share_1000m": 0.66204838071231475, "population_2000m": 93455.904450181202, "households_2000m": 41205.960665609855, "apartment_population_2000m": 54861.82562275583, "median_income_2000m": 88115.370570452069, "apartment_share_2000m": 0.58703434465182647, "distance_to_traffic_count_m": 58.613133954137027, "traffic_volume_weighted_1000m": 7672.9533228288074, "traffic_counters_1000m": 91, "traffic_data_quality": "high", "distance_to_arterial_m": null, "road_length_500m": null, "intersections_500m": null, "distance_to_transit_stop_m": 13.544943118852711, "transit_stop_count_500m": 26, "distance_to_destination_m": 200.31147653229098, "destination_count_1000m": 18, "capacity_log": 2.9444389791664403, "capacity_score": 0.15626749480992932, "facility_type_score": 1.0, "ttc_facility_score": 0.0, "parking_feasibility_score": 0.35157387162645404, "underserved_population_raw": 0.0, "underserved_population_score": 0.0, "apartment_score": 0.63956680096203999, "low_existing_supply_score": 0.85, "equity_score": 0.25582672038481602, "constraint_status": "eligible", "constraint_notes": "", "essential_data_missing": false, "population_score": 0.83003890919081302, "traffic_score": 0.70775884280488544, "coverage_distance_score": 0.018549860717334429, "arterial_access_score": 0.5, "transit_access_score": 0.98945703048364708, "intersection_access_score": 0.5, "demand_score": 0.74914646430998366, "coverage_score": 0.26798490250213408, "accessibility_score": 0.64683710914509407, "feasibility_score": 0.35157387162645404, "overall_score": 0.49942633952999715, "static_rank": 142, "non_coverage_score": 0.57657348520595142 }, "geometry": { "type": "Point", "coordinates": [ -79.4242, 43.682103 ] } },
{ "type": "Feature", "properties": { "id": "168", "address": "146 Harrison Street", "lat": 43.650423, "lng": -79.424404, "carpark_type": "surface", "carpark_type_str": "Surface", "is_ttc": false, "is_under_construction": false, "capacity": 79, "max_height": 0.0, "bike_racks": "available", "rate_half_hour": 1.5, "monthly_permit_status": "not_available", "candidate_id": "green_p_168", "distance_to_nearest_charger_m": 268.95771920768243, "capacity_missing": false, "capacity_filled": 79, "existing_chargers_1000m": 4, "existing_chargers_2000m": 9, "baseline_coverage_score": 0.014454099454775873, "baseline_capacity_score": 0.415977190769932, "baseline_score": 0.17506333598083834, "population_500m": 7638.3841344116008, "households_500m": 3493.0812955322876, "apartment_population_500m": 5598.7199156170245, "median_income_500m": 74258.976333193044, "apartment_share_500m": 0.73297176694666255, "population_1000m": 31285.990880805035, "households_1000m": 14872.884766420926, "apartment_population_1000m": 22707.893603470045, "median_income_1000m": 75179.790313356949, "apartment_share_1000m": 0.72581666631508457, "population_2000m": 139173.87463751025, "households_2000m": 68794.19171543821, "apartment_population_2000m": 106836.69286526178, "median_income_2000m": 73704.503736452592, "apartment_share_2000m": 0.767649051544528, "distance_to_traffic_count_m": 55.987323756503557, "traffic_volume_weighted_1000m": 6353.2014551757638, "traffic_counters_1000m": 114, "traffic_data_quality": "high", "distance_to_arterial_m": null, "road_length_500m": null, "intersections_500m": null, "distance_to_transit_stop_m": 101.79749617184522, "transit_stop_count_500m": 20, "distance_to_destination_m": 27.402676883238286, "destination_count_1000m": 18, "capacity_log": 4.3820266346738812, "capacity_score": 0.415977190769932, "facility_type_score": 1.0, "ttc_facility_score": 0.0, "parking_feasibility_score": 0.52038517400045581, "underserved_population_raw": 0.0, "underserved_population_score": 0.0, "apartment_score": 0.71174147645022556, "low_existing_supply_score": 0.55, "equity_score": 0.28469659058009023, "constraint_status": "eligible", "constraint_notes": "", "essential_data_missing": false, "population_score": 0.84520246317498915, "traffic_score": 0.65669920562892659, "coverage_distance_score": 0.014454099454775873, "arterial_access_score": 0.5, "transit_access_score": 0.87165239768849634, "intersection_access_score": 0.5, "demand_score": 0.75253412568891453, "coverage_score": 0.17511786961834311, "accessibility_score": 0.61149571930654889, "feasibility_score": 0.52038517400045581, "overall_score": 0.49836628413064732, "static_rank": 143, "non_coverage_score": 0.60611575563474873 }, "geometry": { "type": "Point", "coordinates": [ -79.424404, 43.650423 ] } },
{ "type": "Feature", "properties": { "id": "80", "address": "400 Keele Street", "lat": 43.66611, "lng": -79.465045, "carpark_type": "surface", "carpark_type_str": "Surface", "is_ttc": false, "is_under_construction": false, "capacity": 35, "max_height": 0.0, "bike_racks": "available", "rate_half_hour": 1.25, "monthly_permit_status": "not_available", "candidate_id": "green_p_80", "distance_to_nearest_charger_m": 380.25708787364607, "capacity_missing": false, "capacity_filled": 35, "existing_chargers_1000m": 2, "existing_chargers_2000m": 6, "baseline_coverage_score": 0.024367169327422625, "baseline_capacity_score": 0.27172150645603299, "baseline_score": 0.12330890417886677, "population_500m": 5454.8778117127313, "households_500m": 2594.0773900819131, "apartment_population_500m": 4197.8677896168174, "median_income_500m": 72643.789070722807, "apartment_share_500m": 0.76956220368550554, "population_1000m": 20499.596393135005, "households_1000m": 9036.0485295318285, "apartment_population_1000m": 13074.029359495038, "median_income_1000m": 78863.92528661793, "apartment_share_1000m": 0.6377700862380552, "population_2000m": 92336.942722236985, "households_2000m": 40444.297107082741, "apartment_population_2000m": 55084.633576017266, "median_income_2000m": 81300.124688227748, "apartment_share_2000m": 0.59656115907714091, "distance_to_traffic_count_m": 52.439241061417512, "traffic_volume_weighted_1000m": 10832.521356827399, "traffic_counters_1000m": 77, "traffic_data_quality": "high", "distance_to_arterial_m": null, "road_length_500m": null, "intersections_500m": null, "distance_to_transit_stop_m": 88.351056517088566, "transit_stop_count_500m": 28, "distance_to_destination_m": 319.43228096925787, "destination_count_1000m": 17, "capacity_log": 3.5835189384561099, "capacity_score": 0.27172150645603299, "facility_type_score": 1.0, "ttc_facility_score": 0.0, "parking_feasibility_score": 0.42661897919642144, "underserved_population_raw": 0.0, "underserved_population_score": 0.0, "apartment_score": 0.61208796867851722, "low_existing_supply_score": 0.7, "equity_score": 0.2448351874714069, "constraint_status": "eligible", "constraint_notes": "", "essential_data_missing": false, "population_score": 0.77685803497114803, "traffic_score": 0.80105284122327192, "coverage_distance_score": 0.024367169327422625, "arterial_access_score": 0.5, "transit_access_score": 0.8896014861979199, "intersection_access_score": 0.5, "demand_score": 0.75237220390086534, "coverage_score": 0.22705701852919583, "accessibility_score": 0.61688044585937596, "feasibility_score": 0.42661897919642144, "overall_score": 0.49432837060103763, "static_rank": 144, "non_coverage_score": 0.58341882129165157 }, "geometry": { "type": "Point", "coordinates": [ -79.465045, 43.66611 ] } },
{ "type": "Feature", "properties": { "id": "240", "address": "700 St. Clair Ave West", "lat": 43.681863, "lng": -79.42654, "carpark_type": "surface", "carpark_type_str": "Surface", "is_ttc": false, "is_under_construction": false, "capacity": 18, "max_height": 0.0, "bike_racks": "available", "rate_half_hour": 1.5, "monthly_permit_status": "not_available", "candidate_id": "green_p_240", "distance_to_nearest_charger_m": 317.85365865200436, "capacity_missing": false, "capacity_filled": 18, "existing_chargers_1000m": 1, "existing_chargers_2000m": 3, "baseline_coverage_score": 0.018809100475985583, "baseline_capacity_score": 0.15626749480992932, "baseline_score": 0.07379245820956308, "population_500m": 6760.5409020635389, "households_500m": 2947.2188943792462, "apartment_population_500m": 3896.6379513495899, "median_income_500m": 83810.136249139454, "apartment_share_500m": 0.57637961337682431, "population_1000m": 28797.731607429476, "households_1000m": 13281.617176609947, "apartment_population_1000m": 18262.737449207161, "median_income_1000m": 79385.504920300256, "apartment_share_1000m": 0.63417277784808546, "population_2000m": 94330.650319453605, "households_2000m": 40894.506285903313, "apartment_population_2000m": 53505.015046387118, "median_income_2000m": 86765.882469913849, "apartment_share_2000m": 0.56720710463874424, "distance_to_traffic_count_m": 68.299225339587736, "traffic_volume_weighted_1000m": 7281.2016875937707, "traffic_counters_1000m": 97, "traffic_data_quality": "high", "distance_to_arterial_m": null, "road_length_500m": null, "intersections_500m": null, "distance_to_transit_stop_m": 33.646808556631981, "transit_stop_count_500m": 18, "distance_to_destination_m": 206.34905593759237, "destination_count_1000m": 16, "capacity_log": 2.9444389791664403, "capacity_score": 0.15626749480992932, "facility_type_score": 1.0, "ttc_facility_score": 0.0, "parking_feasibility_score": 0.35157387162645404, "underserved_population_raw": 0.0, "underserved_population_score": 0.0, "apartment_score": 0.60801643745852607, "low_existing_supply_score": 0.85, "equity_score": 0.24320657498341045, "constraint_status": "eligible", "constraint_notes": "", "essential_data_missing": false, "population_score": 0.83180495834610801, "traffic_score": 0.69358165895058044, "coverage_distance_score": 0.018809100475985583, "arterial_access_score": 0.5, "transit_access_score": 0.96262389314683638, "intersection_access_score": 0.5, "demand_score": 0.73866909938015701, "coverage_score": 0.26816637033318991, "accessibility_score": 0.63878716794405088, "feasibility_score": 0.35157387162645404, "overall_score": 0.49345649422846394, "static_rank": 145, "non_coverage_score": 0.56855320219355521 }, "geometry": { "type": "Point", "coordinates": [ -79.42654, 43.681863 ] } },
{ "type": "Feature", "properties": { "id": "85", "address": "557 Palmerston Avenue", "lat": 43.665039, "lng": -79.413579, "carpark_type": "surface", "carpark_type_str": "Surface", "is_ttc": false, "is_under_construction": false, "capacity": 55, "max_height": 0.0, "bike_racks": "available", "rate_half_hour": 2.0, "monthly_permit_status": "not_available", "candidate_id": "green_p_85", "distance_to_nearest_charger_m": 316.19179235690325, "capacity_missing": false, "capacity_filled": 55, "existing_chargers_1000m": 4, "existing_chargers_2000m": 10, "baseline_coverage_score": 0.01866108349350137, "baseline_capacity_score": 0.35154150861030631, "baseline_score": 0.15181325354022335, "population_500m": 6762.8996214698263, "households_500m": 3011.9788736002133, "apartment_population_500m": 4669.463108720237, "median_income_500m": 82235.249419447791, "apartment_share_500m": 0.69045281906836753, "population_1000m": 28273.163155132694, "households_1000m": 13082.741572280829, "apartment_population_1000m": 19454.865640406395, "median_income_1000m": 77619.651512107244, "apartment_share_1000m": 0.68810361025609434, "population_2000m": 107196.86366294255, "households_2000m": 50047.472403672691, "apartment_population_2000m": 74453.59761030988, "median_income_2000m": 75174.727844994894, "apartment_share_2000m": 0.69455014882164079, "distance_to_traffic_count_m": 47.908527990260829, "traffic_volume_weighted_1000m": 7387.9325707462813, "traffic_counters_1000m": 88, "traffic_data_quality": "high", "distance_to_arterial_m": null, "road_length_500m": null, "intersections_500m": null, "distance_to_transit_stop_m": 40.116061679008268, "transit_stop_count_500m": 24, "distance_to_destination_m": 45.921374276428359, "destination_count_1000m": 24, "capacity_log": 4.0253516907351496, "capacity_score": 0.35154150861030631, "facility_type_score": 1.0, "ttc_facility_score": 0.0, "parking_feasibility_score": 0.47850198059669913, "underserved_population_raw": 0.0, "underserved_population_score": 0.0, "apartment_score": 0.66905681656018234, "low_existing_supply_score": 0.5, "equity_score": 0.26762272662407294, "constraint_status": "eligible", "constraint_notes": "", "essential_data_missing": false, "population_score": 0.82883304851467443, "traffic_score": 0.69751837266444938, "coverage_distance_score": 0.01866108349350137, "arterial_access_score": 0.5, "transit_access_score": 0.9539883583982518, "intersection_access_score": 0.5, "demand_score": 0.75091766557619721, "coverage_score": 0.16306275844545096, "accessibility_score": 0.63619650751947554, "feasibility_score": 0.47850198059669913, "overall_score": 0.49181786054002913, "static_rank": 146, "non_coverage_score": 0.60140289457155516 }, "geometry": { "type": "Point", "coordinates": [ -79.413579, 43.665039 ] } },
{ "type": "Feature", "properties": { "id": "141", "address": "141 Greenlaw Avenue", "lat": 43.676198, "lng": -79.447739, "carpark_type": "surface", "carpark_type_str": "Surface", "is_ttc": false, "is_under_construction": false, "capacity": 53, "max_height": 0.0, "bike_racks": "available", "rate_half_hour": 1.0, "monthly_permit_status": "not_available", "candidate_id": "green_p_141", "distance_to_nearest_charger_m": 234.35341237162044, "capacity_missing": false, "capacity_filled": 53, "existing_chargers_1000m": 1, "existing_chargers_2000m": 3, "baseline_coverage_score": 0.011372007294936936, "baseline_capacity_score": 0.34497145371715571, "baseline_score": 0.14481178586382445, "population_500m": 5467.5370479099201, "households_500m": 2165.7022944677583, "apartment_population_500m": 2690.3567257106511, "median_income_500m": 81507.553987610328, "apartment_share_500m": 0.49206008155703235, "population_1000m": 24603.623826282881, "households_1000m": 9930.4965167562368, "apartment_population_1000m": 11863.368835210875, "median_income_1000m": 81194.964869694188, "apartment_share_1000m": 0.48217973575655965, "population_2000m": 101867.8868078385, "households_2000m": 41888.52167523832, "apartment_population_2000m": 54960.086729888593, "median_income_2000m": 78502.048921661204, "apartment_share_2000m": 0.53952318490285534, "distance_to_traffic_count_m": 93.283184431480706, "traffic_volume_weighted_1000m": 9374.2592044278608, "traffic_counters_1000m": 58, "traffic_data_quality": "high", "distance_to_arterial_m": null, "road_length_500m": null, "intersections_500m": null, "distance_to_transit_stop_m": 101.89463449869943, "transit_stop_count_500m": 15, "distance_to_destination_m": 314.66367541293943, "destination_count_1000m": 15, "capacity_log": 3.9889840465642745, "capacity_score": 0.34497145371715571, "facility_type_score": 1.0, "ttc_facility_score": 0.0, "parking_feasibility_score": 0.47423144491615121, "underserved_population_raw": 0.0, "underserved_population_score": 0.0, "apartment_score": 0.43598658930244655, "low_existing_supply_score": 0.85, "equity_score": 0.17439463572097863, "constraint_status": "eligible", "constraint_notes": "", "essential_data_missing": false, "population_score": 0.80635907845843569, "traffic_score": 0.76193717256113369, "coverage_distance_score": 0.011372007294936936, "arterial_access_score": 0.5, "transit_access_score": 0.8715227318088189, "intersection_access_score": 0.5, "demand_score": 0.71673691356318214, "coverage_score": 0.26296040510645585, "accessibility_score": 0.61145681954264564, "feasibility_score": 0.47423144491615121, "overall_score": 0.49162671956361825, "static_rank": 147, "non_coverage_score": 0.56784882438267237 }, "geometry": { "type": "Point", "coordinates": [ -79.447739, 43.676198 ] } },
{ "type": "Feature", "properties": { "id": "241", "address": "9 Bonar Place", "lat": 43.6527778, "lng": -79.4338219, "carpark_type": "surface", "carpark_type_str": "Surface", "is_ttc": false, "is_under_construction": false, "capacity": 34, "max_height": 0.0, "bike_racks": "available", "rate_half_hour": 1.0, "monthly_permit_status": "not_available", "candidate_id": "green_p_241", "distance_to_nearest_charger_m": 861.98930093643946, "capacity_missing": false, "capacity_filled": 34, "existing_chargers_1000m": 1, "existing_chargers_2000m": 11, "baseline_coverage_score": 0.067273478188243654, "baseline_capacity_score": 0.26663225164508736, "baseline_score": 0.14701698757098114, "population_500m": 6885.6195288219224, "households_500m": 3032.5489120948182, "apartment_population_500m": 4831.8688393221291, "median_income_500m": 70023.551581578678, "apartment_share_500m": 0.70173334717331171, "population_1000m": 28798.894784907159, "households_1000m": 13024.533048984649, "apartment_population_1000m": 21259.084610408801, "median_income_1000m": 72543.894261687703, "apartment_share_1000m": 0.73819098854967868, "population_2000m": 130895.97591706571, "households_2000m": 61853.024017231066, "apartment_population_2000m": 96546.484659683483, "median_income_2000m": 73535.955606680625, "apartment_share_2000m": 0.73758176279501753, "distance_to_traffic_count_m": 90.668091384582738, "traffic_volume_weighted_1000m": 7715.4261033648008, "traffic_counters_1000m": 106, "traffic_data_quality": "high", "distance_to_arterial_m": null, "road_length_500m": null, "intersections_500m": null, "distance_to_transit_stop_m": 94.494784415596143, "transit_stop_count_500m": 21, "distance_to_destination_m": 405.57659590196761, "destination_count_1000m": 14, "capacity_log": 3.5553480614894135, "capacity_score": 0.26663225164508736, "facility_type_score": 1.0, "ttc_facility_score": 0.0, "parking_feasibility_score": 0.42331096356930675, "underserved_population_raw": 0.0, "underserved_population_score": 0.0, "apartment_score": 0.72574707003371186, "low_existing_supply_score": 0.45, "equity_score": 0.29029882801348478, "constraint_status": "eligible", "constraint_notes": "", "essential_data_missing": false, "population_score": 0.83181148792222659, "traffic_score": 0.70925219494634884, "coverage_distance_score": 0.067273478188243654, "arterial_access_score": 0.5, "transit_access_score": 0.88140048142197402, "intersection_access_score": 0.5, "demand_score": 0.76770285180296649, "coverage_score": 0.18209143473177053, "accessibility_score": 0.61442014442659221, "feasibility_score": 0.42331096356930675, "overall_score": 0.49124427044589553, "static_rank": 148, "non_coverage_score": 0.59429521568393717 }, "geometry": { "type": "Point", "coordinates": [ -79.4338219, 43.6527778 ] } },
{ "type": "Feature", "properties": { "id": "167", "address": "18 Ossington Avenue", "lat": 43.644655, "lng": -79.419286, "carpark_type": "surface", "carpark_type_str": "Surface", "is_ttc": false, "is_under_construction": false, "capacity": 20, "max_height": 0.0, "bike_racks": "not available", "rate_half_hour": 1.5, "monthly_permit_status": "not_available", "candidate_id": "green_p_167", "distance_to_nearest_charger_m": 134.66753831171337, "capacity_missing": false, "capacity_filled": 20, "existing_chargers_1000m": 5, "existing_chargers_2000m": 10, "baseline_coverage_score": 0.0024933133120669205, "baseline_capacity_score": 0.17434823200385341, "baseline_score": 0.071235280788781524, "population_500m": 10100.820176261268, "households_500m": 5364.3299523815722, "apartment_population_500m": 8209.7251571347169, "median_income_500m": 79709.613726443495, "apartment_share_500m": 0.81277807285680004, "population_1000m": 42547.447026561065, "households_1000m": 23145.495488773831, "apartment_population_1000m": 35114.311132589188, "median_income_1000m": 78936.874319775801, "apartment_share_1000m": 0.82529772257941592, "population_2000m": 139289.06790419004, "households_2000m": 73280.924376531926, "apartment_population_2000m": 115411.63153898546, "median_income_2000m": 72422.478854568908, "apartment_share_2000m": 0.82857637914822813, "distance_to_traffic_count_m": 42.494104580191419, "traffic_volume_weighted_1000m": 5875.7098663278366, "traffic_counters_1000m": 123, "traffic_data_quality": "high", "distance_to_arterial_m": null, "road_length_500m": null, "intersections_500m": null, "distance_to_transit_stop_m": 25.7145282055941, "transit_stop_count_500m": 19, "distance_to_destination_m": 221.92813877500538, "destination_count_1000m": 26, "capacity_log": 3.044522437723423, "capacity_score": 0.17434823200385341, "facility_type_score": 1.0, "ttc_facility_score": 0.0, "parking_feasibility_score": 0.36332635080250475, "underserved_population_raw": 0.0, "underserved_population_score": 0.0, "apartment_score": 0.82433683455388107, "low_existing_supply_score": 0.5, "equity_score": 0.32973473382155244, "constraint_status": "eligible", "constraint_notes": "", "essential_data_missing": false, "population_score": 0.89490549493970728, "traffic_score": 0.63556297932393002, "coverage_distance_score": 0.0024933133120669205, "arterial_access_score": 0.5, "transit_access_score": 0.97321236160078695, "intersection_access_score": 0.5, "demand_score": 0.79002188239701998, "coverage_score": 0.15174531931844684, "accessibility_score": 0.64196370848023609, "feasibility_score": 0.36332635080250475, "overall_score": 0.49080806224729584, "static_rank": 149, "non_coverage_score": 0.60382897655691226 }, "geometry": { "type": "Point", "coordinates": [ -79.419286, 43.644655 ] } },
{ "type": "Feature", "properties": { "id": "525", "address": "2225 Lake shore Blvd West (Parks)", "lat": 43.616982, "lng": -79.477247, "carpark_type": "surface", "carpark_type_str": "Surface", "is_ttc": false, "is_under_construction": false, "capacity": 28, "max_height": null, "bike_racks": "available", "rate_half_hour": 1.0, "monthly_permit_status": "not_available", "candidate_id": "green_p_525", "distance_to_nearest_charger_m": 791.67108527952382, "capacity_missing": false, "capacity_filled": 28, "existing_chargers_1000m": 2, "existing_chargers_2000m": 3, "baseline_coverage_score": 0.061010465257605014, "baseline_capacity_score": 0.23265937515221763, "baseline_score": 0.12967002921545007, "population_500m": 1367.9281894161227, "households_500m": 840.92464150464184, "apartment_population_500m": 1289.4965697020812, "median_income_500m": 76397.43844544905, "apartment_share_500m": 0.94266393490471256, "population_1000m": 13112.317629479929, "households_1000m": 7482.4606890503974, "apartment_population_1000m": 12418.799932613065, "median_income_1000m": 71781.162367054189, "apartment_share_1000m": 0.94710944956766041, "population_2000m": 38695.460256055921, "households_2000m": 20774.426295948466, "apartment_population_2000m": 30652.840214649317, "median_income_2000m": 75042.57498809266, "apartment_share_2000m": 0.79215597932711201, "distance_to_traffic_count_m": 624.33901713087573, "traffic_volume_weighted_1000m": 11192.09170228382, "traffic_counters_1000m": 15, "traffic_data_quality": "medium", "distance_to_arterial_m": null, "road_length_500m": null, "intersections_500m": null, "distance_to_transit_stop_m": 633.66160228657168, "transit_stop_count_500m": 0, "distance_to_destination_m": 252.17510044775176, "destination_count_1000m": 6, "capacity_log": 3.3672958299864741, "capacity_score": 0.23265937515221763, "facility_type_score": 1.0, "ttc_facility_score": 0.0, "parking_feasibility_score": 0.40122859384894149, "underserved_population_raw": 0.0, "underserved_population_score": 0.0, "apartment_score": 0.96220665154720675, "low_existing_supply_score": 0.85, "equity_score": 0.38488266061888271, "constraint_status": "eligible", "constraint_notes": "", "essential_data_missing": false, "population_score": 0.70462111297729069, "traffic_score": 0.80988718889199673, "coverage_distance_score": 0.061010465257605014, "arterial_access_score": 0.5, "transit_access_score": 0.16168930256824865, "intersection_access_score": 0.5, "demand_score": 0.792981347261421, "coverage_score": 0.29770732568032354, "accessibility_score": 0.39850679077047457, "feasibility_score": 0.40122859384894149, "overall_score": 0.49069514889183152, "static_rank": 150, "non_coverage_score": 0.55502442329566759 }, "geometry": { "type": "Point", "coordinates": [ -79.477247, 43.616982 ] } },
{ "type": "Feature", "properties": { "id": "93", "address": "675 Manning Avenue", "lat": 43.664651, "lng": -79.416014, "carpark_type": "surface", "carpark_type_str": "Surface", "is_ttc": false, "is_under_construction": false, "capacity": 49, "max_height": 0.0, "bike_racks": "available", "rate_half_hour": 2.0, "monthly_permit_status": "not_available", "candidate_id": "green_p_93", "distance_to_nearest_charger_m": 516.53284177454714, "capacity_missing": false, "capacity_filled": 49, "existing_chargers_1000m": 4, "existing_chargers_2000m": 9, "baseline_coverage_score": 0.036504803947989578, "baseline_capacity_score": 0.33106793380471322, "baseline_score": 0.15433005589067905, "population_500m": 6295.7656342772279, "households_500m": 2725.1519529057177, "apartment_population_500m": 3903.3476832606862, "median_income_500m": 83099.400488897678, "apartment_share_500m": 0.61999570981628538, "population_1000m": 27959.404252908811, "households_1000m": 12705.574913888731, "apartment_population_1000m": 18512.424708527149, "median_income_1000m": 79181.608516278924, "apartment_share_1000m": 0.66211799582965625, "population_2000m": 106015.36378888685, "households_2000m": 48647.026463882008, "apartment_population_2000m": 72260.619763112598, "median_income_2000m": 75657.810358815739, "apartment_share_2000m": 0.68160516721904962, "distance_to_traffic_count_m": 61.956667595986083, "traffic_volume_weighted_1000m": 6836.1805097801353, "traffic_counters_1000m": 95, "traffic_data_quality": "high", "distance_to_arterial_m": null, "road_length_500m": null, "intersections_500m": null, "distance_to_transit_stop_m": 55.170838568760352, "transit_stop_count_500m": 25, "distance_to_destination_m": 91.45787514292681, "destination_count_1000m": 22, "capacity_log": 3.912023005428146, "capacity_score": 0.33106793380471322, "facility_type_score": 1.0, "ttc_facility_score": 0.0, "parking_feasibility_score": 0.4651941569730636, "underserved_population_raw": 0.0, "underserved_population_score": 0.0, "apartment_score": 0.63964559324029713, "low_existing_supply_score": 0.55, "equity_score": 0.25585823729611884, "constraint_status": "eligible", "constraint_notes": "", "essential_data_missing": false, "population_score": 0.82702899948727349, "traffic_score": 0.6765204965246554, "coverage_distance_score": 0.036504803947989578, "arterial_access_score": 0.5, "transit_access_score": 0.93389236794860175, "intersection_access_score": 0.5, "demand_score": 0.73687434220096193, "coverage_score": 0.19055336276359272, "accessibility_score": 0.63016771038458053, "feasibility_score": 0.4651941569730636, "overall_score": 0.49009913270367433, "static_rank": 151, "non_coverage_score": 0.58994772268370133 }, "geometry": { "type": "Point", "coordinates": [ -79.416014, 43.664651 ] } },
{ "type": "Feature", "properties": { "id": "116", "address": "255 Kennedy Avenue", "lat": 43.65168, "lng": -79.475119, "carpark_type": "surface", "carpark_type_str": "Surface", "is_ttc": false, "is_under_construction": false, "capacity": 56, "max_height": 0.0, "bike_racks": "available", "rate_half_hour": 1.5, "monthly_permit_status": "not_available", "candidate_id": "green_p_116", "distance_to_nearest_charger_m": 576.66622959137237, "capacity_missing": false, "capacity_filled": 56, "existing_chargers_1000m": 2, "existing_chargers_2000m": 7, "baseline_coverage_score": 0.041860687653819152, "baseline_capacity_score": 0.35473905400483974, "baseline_score": 0.16701203419422739, "population_500m": 4854.9842975012671, "households_500m": 1992.6640012563557, "apartment_population_500m": 1890.6003936828515, "median_income_500m": 110526.12194175267, "apartment_share_500m": 0.38941431688170319, "population_1000m": 22201.65225553175, "households_1000m": 10143.730686473193, "apartment_population_1000m": 12137.87594957932, "median_income_1000m": 100695.5698822019, "apartment_share_1000m": 0.54671047946690787, "population_2000m": 70760.569990423188, "households_2000m": 32287.211667463482, "apartment_population_2000m": 43249.071244901315, "median_income_2000m": 91759.417697405603, "apartment_share_2000m": 0.61120298000361917, "distance_to_traffic_count_m": 35.586429354441847, "traffic_volume_weighted_1000m": 8206.2994507254098, "traffic_counters_1000m": 51, "traffic_data_quality": "high", "distance_to_arterial_m": null, "road_length_500m": null, "intersections_500m": null, "distance_to_transit_stop_m": 37.46239872084368, "transit_stop_count_500m": 17, "distance_to_destination_m": 102.37315185646413, "destination_count_1000m": 15, "capacity_log": 4.0430512678345503, "capacity_score": 0.35473905400483974, "facility_type_score": 1.0, "ttc_facility_score": 0.0, "parking_feasibility_score": 0.48058038510314582, "underserved_population_raw": 0.0, "underserved_population_score": 0.0, "apartment_score": 0.50902423555999865, "low_existing_supply_score": 0.65, "equity_score": 0.20360969422399947, "constraint_status": "eligible", "constraint_notes": "", "essential_data_missing": false, "population_score": 0.78975222788102739, "traffic_score": 0.72593857577624266, "coverage_distance_score": 0.041860687653819152, "arterial_access_score": 0.5, "transit_access_score": 0.95753062181765636, "intersection_access_score": 0.5, "demand_score": 0.71127185118014702, "coverage_score": 0.22430248135767342, "accessibility_score": 0.6372591865452969, "feasibility_score": 0.48058038510314582, "overall_score": 0.48935704019039361, "static_rank": 152, "non_coverage_score": 0.57770855980130031 }, "geometry": { "type": "Point", "coordinates": [ -79.475119, 43.65168 ] } },
{ "type": "Feature", "properties": { "id": "220", "address": "789 St. Clair Avenue West", "lat": 43.680738, "lng": -79.429629, "carpark_type": "surface", "carpark_type_str": "Surface", "is_ttc": false, "is_under_construction": false, "capacity": 18, "max_height": 0.0, "bike_racks": "available", "rate_half_hour": 1.0, "monthly_permit_status": "not_available", "candidate_id": "green_p_220", "distance_to_nearest_charger_m": 421.77903541971932, "capacity_missing": false, "capacity_filled": 18, "existing_chargers_1000m": 1, "existing_chargers_2000m": 3, "baseline_coverage_score": 0.028065393065851353, "baseline_capacity_score": 0.15626749480992932, "baseline_score": 0.079346233763482543, "population_500m": 6504.0129185346441, "households_500m": 2808.3215500676538, "apartment_population_500m": 3787.3674968546711, "median_income_500m": 84059.604645609055, "apartment_share_500m": 0.58231241916228638, "population_1000m": 29170.463824883958, "households_1000m": 12875.6356701603, "apartment_population_1000m": 17353.61324775307, "median_income_1000m": 79305.173929276236, "apartment_share_1000m": 0.59490357616286904, "population_2000m": 96669.237141048536, "households_2000m": 41498.168920984499, "apartment_population_2000m": 53981.264270598345, "median_income_2000m": 84325.345686932953, "apartment_share_2000m": 0.55841202296688397, "distance_to_traffic_count_m": 70.220294657372676, "traffic_volume_weighted_1000m": 6723.8280399646783, "traffic_counters_1000m": 101, "traffic_data_quality": "high", "distance_to_arterial_m": null, "road_length_500m": null, "intersections_500m": null, "distance_to_transit_stop_m": 30.46347780018046, "transit_stop_count_500m": 14, "distance_to_destination_m": 100.99544929287772, "destination_count_1000m": 14, "capacity_log": 2.9444389791664403, "capacity_score": 0.15626749480992932, "facility_type_score": 1.0, "ttc_facility_score": 0.0, "parking_feasibility_score": 0.35157387162645404, "underserved_population_raw": 0.0, "underserved_population_score": 0.0, "apartment_score": 0.56357048973514079, "low_existing_supply_score": 0.85, "equity_score": 0.22542819589405633, "constraint_status": "eligible", "constraint_notes": "", "essential_data_missing": false, "population_score": 0.83388393343006129, "traffic_score": 0.67203750099920223, "coverage_distance_score": 0.028065393065851353, "arterial_access_score": 0.5, "transit_access_score": 0.96687318790212917, "intersection_access_score": 0.5, "demand_score": 0.72317499334027657, "coverage_score": 0.27464577514609595, "accessibility_score": 0.64006195637063878, "feasibility_score": 0.35157387162645404, "overall_score": 0.48890523339610842, "static_rank": 153, "non_coverage_score": 0.56032505281277922 }, "geometry": { "type": "Point", "coordinates": [ -79.429629, 43.680738 ] } },
{ "type": "Feature", "properties": { "id": "64", "address": "265 Durie Street", "lat": 43.650881, "lng": -79.479014, "carpark_type": "surface", "carpark_type_str": "Surface", "is_ttc": false, "is_under_construction": false, "capacity": 155, "max_height": 0.0, "bike_racks": "available", "rate_half_hour": 1.5, "monthly_permit_status": "not_available", "candidate_id": "green_p_64", "distance_to_nearest_charger_m": 250.70119463488311, "capacity_missing": false, "capacity_filled": 155, "existing_chargers_1000m": 1, "existing_chargers_2000m": 4, "baseline_coverage_score": 0.012828050665002309, "baseline_capacity_score": 0.53662497363056139, "baseline_score": 0.22234681985122595, "population_500m": 5361.8480115190205, "households_500m": 2214.416590541497, "apartment_population_500m": 1932.6031662288556, "median_income_500m": 117061.78765453344, "apartment_share_500m": 0.36043602169941885, "population_1000m": 19028.924545589143, "households_1000m": 7934.6870642162075, "apartment_population_1000m": 7756.92764859007, "median_income_1000m": 113272.15065377211, "apartment_share_1000m": 0.40763878326419167, "population_2000m": 66352.705011820086, "households_2000m": 30043.364696623779, "apartment_population_2000m": 39034.550008186299, "median_income_2000m": 93507.318782719027, "apartment_share_2000m": 0.58828875177331019, "distance_to_traffic_count_m": 38.660861573561334, "traffic_volume_weighted_1000m": 8236.3049122917728, "traffic_counters_1000m": 56, "traffic_data_quality": "high", "distance_to_arterial_m": null, "road_length_500m": null, "intersections_500m": null, "distance_to_transit_stop_m": 119.22308595903003, "transit_stop_count_500m": 24, "distance_to_destination_m": 72.575475864674971, "destination_count_1000m": 17, "capacity_log": 5.0498560072495371, "capacity_score": 0.53662497363056139, "facility_type_score": 1.0, "ttc_facility_score": 0.0, "parking_feasibility_score": 0.5988062328598649, "underserved_population_raw": 0.0, "underserved_population_score": 0.0, "apartment_score": 0.35161911719836292, "low_existing_supply_score": 0.8, "equity_score": 0.14064764687934517, "constraint_status": "eligible", "constraint_notes": "", "essential_data_missing": false, "population_score": 0.76482334626129145, "traffic_score": 0.72692593940275596, "coverage_distance_score": 0.012828050665002309, "arterial_access_score": 0.5, "transit_access_score": 0.84839170850610413, "intersection_access_score": 0.5, "demand_score": 0.66891840804821834, "coverage_score": 0.24897963546550161, "accessibility_score": 0.60451751255183128, "feasibility_score": 0.5988062328598649, "overall_score": 0.48770963340812135, "static_rank": 154, "non_coverage_score": 0.56728629938899466 }, "geometry": { "type": "Point", "coordinates": [ -79.479014, 43.650881 ] } },
{ "type": "Feature", "properties": { "id": "653", "address": "17 Riverview Gardens", "lat": 43.649119, "lng": -79.486397, "carpark_type": "surface", "carpark_type_str": "Surface", "is_ttc": false, "is_under_construction": false, "capacity": 113, "max_height": 0.0, "bike_racks": "available", "rate_half_hour": 1.0, "monthly_permit_status": "not_available", "candidate_id": "green_p_653", "distance_to_nearest_charger_m": 379.40769247332292, "capacity_missing": false, "capacity_filled": 113, "existing_chargers_1000m": 1, "existing_chargers_2000m": 4, "baseline_coverage_score": 0.024291516463854468, "baseline_capacity_score": 0.47996066593862746, "baseline_score": 0.20655917625376366, "population_500m": 4435.631810595376, "households_500m": 2022.3871531132461, "apartment_population_500m": 2232.1928373124597, "median_income_500m": 107094.9214637056, "apartment_share_500m": 0.50324123656531405, "population_1000m": 15792.216955885036, "households_1000m": 6694.2231722497409, "apartment_population_1000m": 6432.4840323433637, "median_income_1000m": 114979.4823242617, "apartment_share_1000m": 0.40731988740480618, "population_2000m": 63195.199883885449, "households_2000m": 27839.811988958398, "apartment_population_2000m": 32368.486824695694, "median_income_2000m": 102211.12100538332, "apartment_share_2000m": 0.51219850374980047, "distance_to_traffic_count_m": 98.814066871272757, "traffic_volume_weighted_1000m": 9823.8555090581431, "traffic_counters_1000m": 44, "traffic_data_quality": "high", "distance_to_arterial_m": null, "road_length_500m": null, "intersections_500m": null, "distance_to_transit_stop_m": 87.904809430935941, "transit_stop_count_500m": 16, "distance_to_destination_m": 192.51327082358222, "destination_count_1000m": 19, "capacity_log": 4.7361984483944957, "capacity_score": 0.47996066593862746, "facility_type_score": 1.0, "ttc_facility_score": 0.0, "parking_feasibility_score": 0.56197443286010784, "underserved_population_raw": 0.0, "underserved_population_score": 0.0, "apartment_score": 0.351258182214019, "low_existing_supply_score": 0.8, "equity_score": 0.1405032728856076, "constraint_status": "eligible", "constraint_notes": "", "essential_data_missing": false, "population_score": 0.73468343275484183, "traffic_score": 0.77461071625063116, "coverage_distance_score": 0.024291516463854468, "arterial_access_score": 0.5, "transit_access_score": 0.89019716272286475, "intersection_access_score": 0.5, "demand_score": 0.67197293187020346, "coverage_score": 0.25700406152469812, "accessibility_score": 0.61705914881685942, "feasibility_score": 0.56197443286010784, "overall_score": 0.48760121692318442, "static_rank": 155, "non_coverage_score": 0.56446693538934645 }, "geometry": { "type": "Point", "coordinates": [ -79.486397, 43.649119 ] } },
{ "type": "Feature", "properties": { "id": "279", "address": "287 Rushton Road", "lat": 43.681835, "lng": -79.4277031, "carpark_type": "surface", "carpark_type_str": "Surface", "is_ttc": false, "is_under_construction": false, "capacity": 16, "max_height": null, "bike_racks": "not available", "rate_half_hour": 1.5, "monthly_permit_status": "not_available", "candidate_id": "green_p_279", "distance_to_nearest_charger_m": 366.83164920873065, "capacity_missing": false, "capacity_filled": 16, "existing_chargers_1000m": 1, "existing_chargers_2000m": 3, "baseline_coverage_score": 0.023171409520772981, "baseline_capacity_score": 0.13617384989946424, "baseline_score": 0.068372385672249486, "population_500m": 6518.3468295472831, "households_500m": 2793.6813465446166, "apartment_population_500m": 3605.6166804475738, "median_income_500m": 86733.38286615684, "apartment_share_500m": 0.55314894631005596, "population_1000m": 28897.633220427102, "households_1000m": 13183.902372255399, "apartment_population_1000m": 18021.114478251406, "median_income_1000m": 79082.513313285221, "apartment_share_1000m": 0.6236190466114947, "population_2000m": 94387.245497524782, "households_2000m": 40652.977831350967, "apartment_population_2000m": 52846.812850550756, "median_income_2000m": 86147.064093723049, "apartment_share_2000m": 0.55989358066325412, "distance_to_traffic_count_m": 128.39054876435111, "traffic_volume_weighted_1000m": 7243.5128487804513, "traffic_counters_1000m": 103, "traffic_data_quality": "high", "distance_to_arterial_m": null, "road_length_500m": null, "intersections_500m": null, "distance_to_transit_stop_m": 95.772303338053518, "transit_stop_count_500m": 15, "distance_to_destination_m": 210.67741142047757, "destination_count_1000m": 16, "capacity_log": 2.8332133440562162, "capacity_score": 0.13617384989946424, "facility_type_score": 1.0, "ttc_facility_score": 0.0, "parking_feasibility_score": 0.33851300243465177, "underserved_population_raw": 0.0, "underserved_population_score": 0.0, "apartment_score": 0.59607143815377162, "low_existing_supply_score": 0.85, "equity_score": 0.23842857526150865, "constraint_status": "eligible", "constraint_notes": "", "essential_data_missing": false, "population_score": 0.83236480371111166, "traffic_score": 0.69217772689900348, "coverage_distance_score": 0.023171409520772981, "arterial_access_score": 0.5, "transit_access_score": 0.87969517497652105, "intersection_access_score": 0.5, "demand_score": 0.73604065371540583, "coverage_score": 0.27121998666454111, "accessibility_score": 0.61390855249295628, "feasibility_score": 0.33851300243465177, "overall_score": 0.48601871117069695, "static_rank": 156, "non_coverage_score": 0.5576182860060821 }, "geometry": { "type": "Point", "coordinates": [ -79.427703100000031, 43.681835 ] } },
{ "type": "Feature", "properties": { "id": "204", "address": "1117 Dundas Street West", "lat": 43.649267, "lng": -79.420135, "carpark_type": "surface", "carpark_type_str": "Surface", "is_ttc": false, "is_under_construction": false, "capacity": 37, "max_height": 0.0, "bike_racks": "available", "rate_half_hour": 1.5, "monthly_permit_status": "not_available", "candidate_id": "green_p_204", "distance_to_nearest_charger_m": 155.54822099104578, "capacity_missing": false, "capacity_filled": 37, "existing_chargers_1000m": 5, "existing_chargers_2000m": 11, "baseline_coverage_score": 0.0043530872610999917, "baseline_capacity_score": 0.28148910674371708, "baseline_score": 0.11520749505414683, "population_500m": 6802.3009784336709, "households_500m": 3087.1927533135809, "apartment_population_500m": 4800.4867132035952, "median_income_500m": 76840.568763262781, "apartment_share_500m": 0.70571512910458978, "population_1000m": 35715.086912143001, "households_1000m": 17723.599858670419, "apartment_population_1000m": 26566.596114337564, "median_income_1000m": 77922.197221484908, "apartment_share_1000m": 0.74384800405749585, "population_2000m": 143241.79845512303, "households_2000m": 73050.423125421614, "apartment_population_2000m": 114029.33640197996, "median_income_2000m": 73337.93986023085, "apartment_share_2000m": 0.7960618871851487, "distance_to_traffic_count_m": 31.33511421759906, "traffic_volume_weighted_1000m": 6204.2943223165348, "traffic_counters_1000m": 119, "traffic_data_quality": "high", "distance_to_arterial_m": null, "road_length_500m": null, "intersections_500m": null, "distance_to_transit_stop_m": 33.879025449849927, "transit_stop_count_500m": 13, "distance_to_destination_m": 164.35703857958754, "destination_count_1000m": 14, "capacity_log": 3.6375861597263857, "capacity_score": 0.28148910674371708, "facility_type_score": 1.0, "ttc_facility_score": 0.0, "parking_feasibility_score": 0.43296791938341611, "underserved_population_raw": 0.0, "underserved_population_score": 0.0, "apartment_score": 0.73214983364337993, "low_existing_supply_score": 0.45, "equity_score": 0.29285993345735201, "constraint_status": "eligible", "constraint_notes": "", "essential_data_missing": false, "population_score": 0.86660697065648284, "traffic_score": 0.65028321962854863, "coverage_distance_score": 0.0043530872610999917, "arterial_access_score": 0.5, "transit_access_score": 0.96231391655252818, "intersection_access_score": 0.5, "demand_score": 0.76400223039408532, "coverage_score": 0.13804716108276999, "accessibility_score": 0.63869417496575842, "feasibility_score": 0.43296791938341611, "overall_score": 0.48568247563531741, "static_rank": 157, "non_coverage_score": 0.60156091381949983 }, "geometry": { "type": "Point", "coordinates": [ -79.420135, 43.649267 ] } },
{ "type": "Feature", "properties": { "id": "504", "address": "9 Willingdon Blvd.", "lat": 43.6481868, "lng": -79.5102001, "carpark_type": "surface", "carpark_type_str": "Surface", "is_ttc": false, "is_under_construction": false, "capacity": 116, "max_height": 0.0, "bike_racks": "available", "rate_half_hour": 1.0, "monthly_permit_status": "not_available", "candidate_id": "green_p_504", "distance_to_nearest_charger_m": 473.95838209322795, "capacity_missing": false, "capacity_filled": 116, "existing_chargers_1000m": 1, "existing_chargers_2000m": 1, "baseline_coverage_score": 0.032712836404330335, "baseline_capacity_score": 0.48465330895789627, "baseline_score": 0.21348902542575673, "population_500m": 2824.6828273307215, "households_500m": 1078.5052989903227, "apartment_population_500m": 455.54768042385484, "median_income_500m": 155651.06052437771, "apartment_share_500m": 0.16127392286883405, "population_1000m": 10579.591845887409, "households_1000m": 4114.6918425652302, "apartment_population_1000m": 2459.1088422374628, "median_income_1000m": 150837.27990736999, "apartment_share_1000m": 0.2324389142850902, "population_2000m": 53075.995078175132, "households_2000m": 22781.195478293423, "apartment_population_2000m": 26625.91762578228, "median_income_2000m": 106453.4447583111, "apartment_share_2000m": 0.50165649436369897, "distance_to_traffic_count_m": 59.811569885793233, "traffic_volume_weighted_1000m": 13094.331134775737, "traffic_counters_1000m": 43, "traffic_data_quality": "high", "distance_to_arterial_m": null, "road_length_500m": null, "intersections_500m": null, "distance_to_transit_stop_m": 29.644479440865229, "transit_stop_count_500m": 22, "distance_to_destination_m": 329.96722627694226, "destination_count_1000m": 8, "capacity_log": 4.7621739347977563, "capacity_score": 0.48465330895789627, "facility_type_score": 1.0, "ttc_facility_score": 0.0, "parking_feasibility_score": 0.56502465082263265, "underserved_population_raw": 0.0, "underserved_population_score": 0.0, "apartment_score": 0.15332315283908224, "low_existing_supply_score": 0.95, "equity_score": 0.061329261135632897, "constraint_status": "eligible", "constraint_notes": "", "essential_data_missing": false, "population_score": 0.66992626877166284, "traffic_score": 0.8523546166788466, "coverage_distance_score": 0.032712836404330335, "arterial_access_score": 0.5, "transit_access_score": 0.96796643447280939, "intersection_access_score": 0.5, "demand_score": 0.63045556735266106, "coverage_score": 0.30789898548303118, "accessibility_score": 0.64038993034184277, "feasibility_score": 0.56502465082263265, "overall_score": 0.48507602638188291, "static_rank": 158, "non_coverage_score": 0.54413504001483337 }, "geometry": { "type": "Point", "coordinates": [ -79.51020010000002, 43.6481868 ] } },
{ "type": "Feature", "properties": { "id": "130", "address": "7 Bartlett Avenue", "lat": 43.660899, "lng": -79.433013, "carpark_type": "surface", "carpark_type_str": "Surface", "is_ttc": false, "is_under_construction": false, "capacity": 37, "max_height": 0.0, "bike_racks": "not available", "rate_half_hour": 1.0, "monthly_permit_status": "not_available", "candidate_id": "green_p_130", "distance_to_nearest_charger_m": 371.85622663208522, "capacity_missing": false, "capacity_filled": 37, "existing_chargers_1000m": 2, "existing_chargers_2000m": 10, "baseline_coverage_score": 0.023618932158818901, "baseline_capacity_score": 0.28148910674371708, "baseline_score": 0.12676700199277818, "population_500m": 7734.9400121744093, "households_500m": 3533.4236465884755, "apartment_population_500m": 5777.401190161032, "median_income_500m": 68954.849235274887, "apartment_share_500m": 0.74692255933047846, "population_1000m": 28721.584562579475, "households_1000m": 12437.874928560346, "apartment_population_1000m": 19912.7783973111, "median_income_1000m": 73902.177342302704, "apartment_share_1000m": 0.69330361470567625, "population_2000m": 114224.79825118488, "households_2000m": 50532.844020145072, "apartment_population_2000m": 76020.422692886772, "median_income_2000m": 77642.686588816956, "apartment_share_2000m": 0.66553343806933096, "distance_to_traffic_count_m": 10.283981055662522, "traffic_volume_weighted_1000m": 7363.2631806739764, "traffic_counters_1000m": 109, "traffic_data_quality": "high", "distance_to_arterial_m": null, "road_length_500m": null, "intersections_500m": null, "distance_to_transit_stop_m": 67.181372514082696, "transit_stop_count_500m": 20, "distance_to_destination_m": 134.29306623544198, "destination_count_1000m": 10, "capacity_log": 3.6375861597263857, "capacity_score": 0.28148910674371708, "facility_type_score": 1.0, "ttc_facility_score": 0.0, "parking_feasibility_score": 0.43296791938341611, "underserved_population_raw": 0.0, "underserved_population_score": 0.0, "apartment_score": 0.67494232265679588, "low_existing_supply_score": 0.5, "equity_score": 0.26997692906271836, "constraint_status": "eligible", "constraint_notes": "", "essential_data_missing": false, "population_score": 0.83137692695200005, "traffic_score": 0.69661353124614511, "coverage_distance_score": 0.023618932158818901, "arterial_access_score": 0.5, "transit_access_score": 0.9178600097656856, "intersection_access_score": 0.5, "demand_score": 0.75292281759590995, "coverage_score": 0.16653325251117324, "accessibility_score": 0.62535800292970567, "feasibility_score": 0.43296791938341611, "overall_score": 0.48452463980629168, "static_rank": 159, "non_coverage_score": 0.59052176890466446 }, "geometry": { "type": "Point", "coordinates": [ -79.433013, 43.660899 ] } },
{ "type": "Feature", "properties": { "id": "235", "address": "2201 Dundas Street West", "lat": 43.653388, "lng": -79.451323, "carpark_type": "surface", "carpark_type_str": "Surface", "is_ttc": false, "is_under_construction": false, "capacity": 10, "max_height": 0.0, "bike_racks": "available", "rate_half_hour": 1.5, "monthly_permit_status": "not_available", "candidate_id": "green_p_235", "distance_to_nearest_charger_m": 142.66977814610425, "capacity_missing": false, "capacity_filled": 10, "existing_chargers_1000m": 3, "existing_chargers_2000m": 6, "baseline_coverage_score": 0.0032060465788123298, "baseline_capacity_score": 0.057530767859111646, "baseline_score": 0.02493593509093206, "population_500m": 6577.7512180674903, "households_500m": 3179.4170363414132, "apartment_population_500m": 5030.1295313081982, "median_income_500m": 77961.032378376563, "apartment_share_500m": 0.76471872598216395, "population_1000m": 26462.023170706303, "households_1000m": 12405.250854492488, "apartment_population_1000m": 20027.102194445157, "median_income_1000m": 79169.861174607984, "apartment_share_1000m": 0.75682430119762489, "population_2000m": 100975.17302047755, "households_2000m": 46888.310435043109, "apartment_population_2000m": 72622.707210785084, "median_income_2000m": 75910.248466146833, "apartment_share_2000m": 0.71921349613391949, "distance_to_traffic_count_m": 69.259101876328103, "traffic_volume_weighted_1000m": 7431.2848486557295, "traffic_counters_1000m": 80, "traffic_data_quality": "high", "distance_to_arterial_m": null, "road_length_500m": null, "intersections_500m": null, "distance_to_transit_stop_m": 11.485825581075659, "transit_stop_count_500m": 27, "distance_to_destination_m": 195.05699443148143, "destination_count_1000m": 11, "capacity_log": 2.3978952727983707, "capacity_score": 0.057530767859111646, "facility_type_score": 1.0, "ttc_facility_score": 0.0, "parking_feasibility_score": 0.28739499910842259, "underserved_population_raw": 0.0, "underserved_population_score": 0.0, "apartment_score": 0.74683675875473032, "low_existing_supply_score": 0.7, "equity_score": 0.29873470350189213, "constraint_status": "eligible", "constraint_notes": "", "essential_data_missing": false, "population_score": 0.81813069615274914, "traffic_score": 0.69910118360039419, "coverage_distance_score": 0.0032060465788123298, "arterial_access_score": 0.5, "transit_access_score": 0.99220566014962652, "intersection_access_score": 0.5, "demand_score": 0.76221157927982108, "coverage_score": 0.21224423260516861, "accessibility_score": 0.64766169804488793, "feasibility_score": 0.28739499910842259, "overall_score": 0.48423959176066866, "static_rank": 160, "non_coverage_score": 0.57490471147916866 }, "geometry": { "type": "Point", "coordinates": [ -79.451323, 43.653388 ] } },
{ "type": "Feature", "properties": { "id": "705", "address": "1 Brimley Road (Bluffer's Park)", "lat": 43.712603, "lng": -79.230051, "carpark_type": "surface", "carpark_type_str": "Surface", "is_ttc": false, "is_under_construction": false, "capacity": 168, "max_height": null, "bike_racks": "available", "rate_half_hour": 1.5, "monthly_permit_status": "available", "candidate_id": "green_p_705", "distance_to_nearest_charger_m": 5954.6963577047318, "capacity_missing": false, "capacity_filled": 168, "existing_chargers_1000m": 0, "existing_chargers_2000m": 0, "baseline_coverage_score": 0.520864199319655, "baseline_capacity_score": 0.55108521693751422, "baseline_score": 0.53295260636679864, "population_500m": 535.50239816261762, "households_500m": 190.89856920662288, "apartment_population_500m": 28.550761739800507, "median_income_500m": 121467.67892360954, "apartment_share_500m": 0.053315842912678067, "population_1000m": 2396.9910885669124, "households_1000m": 850.35864316715447, "apartment_population_1000m": 248.11443871829678, "median_income_1000m": 110067.24644590424, "apartment_share_1000m": 0.10351078896444159, "population_2000m": 17109.948624869859, "households_2000m": 6480.9404910969934, "apartment_population_2000m": 6116.7944930103067, "median_income_2000m": 82814.49861699155, "apartment_share_2000m": 0.35749929044902856, "distance_to_traffic_count_m": 549.399137024727, "traffic_volume_weighted_1000m": 631.32664539300697, "traffic_counters_1000m": 4, "traffic_data_quality": "medium", "distance_to_arterial_m": null, "road_length_500m": null, "intersections_500m": null, "distance_to_transit_stop_m": 120.51661871937795, "transit_stop_count_500m": 1, "distance_to_destination_m": 157.17011078912566, "destination_count_1000m": 6, "capacity_log": 5.1298987149230735, "capacity_score": 0.55108521693751422, "facility_type_score": 1.0, "ttc_facility_score": 0.0, "parking_feasibility_score": 0.60820539100938431, "underserved_population_raw": 2396.9910885669124, "underserved_population_score": 0.7310759186980712, "apartment_score": 0.0073988031665272848, "low_existing_supply_score": 1.0, "equity_score": 0.44160507248545361, "constraint_status": "eligible", "constraint_notes": "", "essential_data_missing": false, "population_score": 0.42994952148329552, "traffic_score": 0.032382487806023375, "coverage_distance_score": 0.520864199319655, "arterial_access_score": 0.5, "transit_access_score": 0.84666502585988335, "intersection_access_score": 0.5, "demand_score": 0.20629091603289662, "coverage_score": 0.66460493952375854, "accessibility_score": 0.60399950775796496, "feasibility_score": 0.60820539100938431, "overall_score": 0.48422972714235463, "static_rank": 161, "non_coverage_score": 0.42410465634855332 }, "geometry": { "type": "Point", "coordinates": [ -79.230051, 43.712603 ] } },
{ "type": "Feature", "properties": { "id": "205", "address": "465 Huron Street", "lat": 43.667778, "lng": -79.401648, "carpark_type": "surface", "carpark_type_str": "Surface", "is_ttc": false, "is_under_construction": false, "capacity": 15, "max_height": 0.0, "bike_racks": "available", "rate_half_hour": 2.0, "monthly_permit_status": "not_available", "candidate_id": "green_p_205", "distance_to_nearest_charger_m": 196.46303384307618, "capacity_missing": false, "capacity_filled": 15, "existing_chargers_1000m": 3, "existing_chargers_2000m": 9, "baseline_coverage_score": 0.0079972355028184207, "baseline_capacity_score": 0.12522161193378772, "baseline_score": 0.054886986075206146, "population_500m": 7873.0404163369258, "households_500m": 4450.8138842421577, "apartment_population_500m": 6817.7055740804471, "median_income_500m": 62300.71169368556, "apartment_share_500m": 0.8659558713725628, "population_1000m": 29051.399415781732, "households_1000m": 15392.22062569152, "apartment_population_1000m": 23860.951451407349, "median_income_1000m": 70654.088908729231, "apartment_share_1000m": 0.82133569918305716, "population_2000m": 143949.58729124005, "households_2000m": 77704.783002717348, "apartment_population_2000m": 117592.92448791419, "median_income_2000m": 69408.418047977175, "apartment_share_2000m": 0.81690351949394036, "distance_to_traffic_count_m": 68.472145243700766, "traffic_volume_weighted_1000m": 9383.1840832789803, "traffic_counters_1000m": 86, "traffic_data_quality": "high", "distance_to_arterial_m": null, "road_length_500m": null, "intersections_500m": null, "distance_to_transit_stop_m": 166.4057115942895, "transit_stop_count_500m": 32, "distance_to_destination_m": 131.88146174306016, "destination_count_1000m": 20, "capacity_log": 2.7725887222397811, "capacity_score": 0.12522161193378772, "facility_type_score": 1.0, "ttc_facility_score": 0.0, "parking_feasibility_score": 0.33139404775696202, "underserved_population_raw": 0.0, "underserved_population_score": 0.0, "apartment_score": 0.8198525089960309, "low_existing_supply_score": 0.55, "equity_score": 0.32794100359841238, "constraint_status": "eligible", "constraint_notes": "", "essential_data_missing": false, "population_score": 0.83322273368227839, "traffic_score": 0.76219461620641182, "coverage_distance_score": 0.0079972355028184207, "arterial_access_score": 0.5, "transit_access_score": 0.78540959983061653, "intersection_access_score": 0.5, "demand_score": 0.80568884762847559, "coverage_score": 0.1705980648519729, "accessibility_score": 0.58562287994918494, "feasibility_score": 0.33139404775696202, "overall_score": 0.48398395401475847, "static_rank": 162, "non_coverage_score": 0.58844591706902027 }, "geometry": { "type": "Point", "coordinates": [ -79.401648, 43.667778 ] } },
{ "type": "Feature", "properties": { "id": "71", "address": "35 Bellevue Avenue", "lat": 43.654184, "lng": -79.403176, "carpark_type": "surface", "carpark_type_str": "Surface", "is_ttc": false, "is_under_construction": false, "capacity": 91, "max_height": 2.67, "bike_racks": "available", "rate_half_hour": 2.5, "monthly_permit_status": "not_available", "candidate_id": "green_p_71", "distance_to_nearest_charger_m": 819.15364006278514, "capacity_missing": false, "capacity_filled": 91, "existing_chargers_1000m": 4, "existing_chargers_2000m": 15, "baseline_coverage_score": 0.063458246310729938, "baseline_capacity_score": 0.44122610788602934, "baseline_score": 0.21456539094084973, "population_500m": 7980.1498279098114, "households_500m": 3650.035737865634, "apartment_population_500m": 6108.7296473635333, "median_income_500m": 60958.01983515748, "apartment_share_500m": 0.76549059592826629, "population_1000m": 32216.8152760743, "households_1000m": 15163.526498644351, "apartment_population_1000m": 23952.973485314884, "median_income_1000m": 69910.679220213991, "apartment_share_1000m": 0.74349290207786223, "population_2000m": 176903.03555209501, "households_2000m": 98804.460677811789, "apartment_population_2000m": 155124.23782230198, "median_income_2000m": 70523.896436770505, "apartment_share_2000m": 0.87688850187435285, "distance_to_traffic_count_m": 100.10280529224613, "traffic_volume_weighted_1000m": 7791.9646990461533, "traffic_counters_1000m": 110, "traffic_data_quality": "high", "distance_to_arterial_m": null, "road_length_500m": null, "intersections_500m": null, "distance_to_transit_stop_m": 244.07852708712394, "transit_stop_count_500m": 24, "distance_to_destination_m": 101.52736094019184, "destination_count_1000m": 17, "capacity_log": 4.5217885770490405, "capacity_score": 0.44122610788602934, "facility_type_score": 1.0, "ttc_facility_score": 0.0, "parking_feasibility_score": 0.53679697012591909, "underserved_population_raw": 0.0, "underserved_population_score": 0.0, "apartment_score": 0.73174791958997532, "low_existing_supply_score": 0.25, "equity_score": 0.29269916783599015, "constraint_status": "eligible", "constraint_notes": "", "essential_data_missing": false, "population_score": 0.84994208180470721, "traffic_score": 0.71192267313792201, "coverage_distance_score": 0.063458246310729938, "arterial_access_score": 0.5, "transit_access_score": 0.68172741511461776, "intersection_access_score": 0.5, "demand_score": 0.7779964563283861, "coverage_score": 0.11942077241751095, "accessibility_score": 0.55451822453438537, "feasibility_score": 0.53679697012591909, "overall_score": 0.48394723721225752, "static_rank": 163, "non_coverage_score": 0.60545605881050624 }, "geometry": { "type": "Point", "coordinates": [ -79.403176, 43.654184 ] } },
{ "type": "Feature", "properties": { "id": "144", "address": "376 Clinton Street", "lat": 43.664441, "lng": -79.41758, "carpark_type": "surface", "carpark_type_str": "Surface", "is_ttc": false, "is_under_construction": false, "capacity": 33, "max_height": 0.0, "bike_racks": "available", "rate_half_hour": 1.5, "monthly_permit_status": "not_available", "candidate_id": "green_p_144", "distance_to_nearest_charger_m": 548.38809107746533, "capacity_missing": false, "capacity_filled": 33, "existing_chargers_1000m": 4, "existing_chargers_2000m": 9, "baseline_coverage_score": 0.039342046566122946, "baseline_capacity_score": 0.26139546183325196, "baseline_score": 0.12816341267297457, "population_500m": 5951.4252856355224, "households_500m": 2544.3804946895516, "apartment_population_500m": 3462.9429974683103, "median_income_500m": 83842.13383677075, "apartment_share_500m": 0.58186784362840582, "population_1000m": 27342.037797586796, "households_1000m": 12280.341549561181, "apartment_population_1000m": 17693.151793372534, "median_income_1000m": 79660.016206027867, "apartment_share_1000m": 0.64710435719367376, "population_2000m": 105830.75821140003, "households_2000m": 48020.996415519134, "apartment_population_2000m": 71270.373764857854, "median_income_2000m": 76198.929507216701, "apartment_share_2000m": 0.67343724045228137, "distance_to_traffic_count_m": 73.466061258538488, "traffic_volume_weighted_1000m": 6654.897206156792, "traffic_counters_1000m": 93, "traffic_data_quality": "high", "distance_to_arterial_m": null, "road_length_500m": null, "intersections_500m": null, "distance_to_transit_stop_m": 23.402691212663392, "transit_stop_count_500m": 17, "distance_to_destination_m": 184.58845155086371, "destination_count_1000m": 18, "capacity_log": 3.5263605246161616, "capacity_score": 0.26139546183325196, "facility_type_score": 1.0, "ttc_facility_score": 0.0, "parking_feasibility_score": 0.41990705019161378, "underserved_population_raw": 0.0, "underserved_population_score": 0.0, "apartment_score": 0.62265274975695517, "low_existing_supply_score": 0.55, "equity_score": 0.24906109990278208, "constraint_status": "eligible", "constraint_notes": "", "essential_data_missing": false, "population_score": 0.82341939150518473, "traffic_score": 0.66924985591105635, "coverage_distance_score": 0.039342046566122946, "arterial_access_score": 0.5, "transit_access_score": 0.97629833587136594, "intersection_access_score": 0.5, "demand_score": 0.72930672569759392, "coverage_score": 0.19253943259628606, "accessibility_score": 0.64288950076140983, "feasibility_score": 0.41990705019161378, "overall_score": 0.4833969435296519, "static_rank": 164, "non_coverage_score": 0.58034944717410719 }, "geometry": { "type": "Point", "coordinates": [ -79.41758, 43.664441 ] } },
{ "type": "Feature", "properties": { "id": "104", "address": "745 Ossington Avenue, 16 Carling Avenue", "lat": 43.662431, "lng": -79.425648, "carpark_type": "surface", "carpark_type_str": "Surface", "is_ttc": false, "is_under_construction": false, "capacity": 45, "max_height": 0.0, "bike_racks": "available", "rate_half_hour": 2.0, "monthly_permit_status": "not_available", "candidate_id": "green_p_104", "distance_to_nearest_charger_m": 271.09640639889199, "capacity_missing": false, "capacity_filled": 45, "existing_chargers_1000m": 3, "existing_chargers_2000m": 9, "baseline_coverage_score": 0.014644585311221512, "baseline_capacity_score": 0.31600449595224156, "baseline_score": 0.13518854956762955, "population_500m": 7783.800607546872, "households_500m": 3609.8638966629323, "apartment_population_500m": 5612.4349093125193, "median_income_500m": 74105.926205513635, "apartment_share_500m": 0.72104042643010657, "population_1000m": 27693.820589437913, "households_1000m": 12265.558602511206, "apartment_population_1000m": 17807.934762273595, "median_income_1000m": 75597.490836958546, "apartment_share_1000m": 0.64302918063480652, "population_2000m": 112755.69381939659, "households_2000m": 50101.045683052078, "apartment_population_2000m": 75134.335058399447, "median_income_2000m": 76937.205665638234, "apartment_share_2000m": 0.66634626166855804, "distance_to_traffic_count_m": 49.176252452295884, "traffic_volume_weighted_1000m": 6589.1869481087424, "traffic_counters_1000m": 107, "traffic_data_quality": "high", "distance_to_arterial_m": null, "road_length_500m": null, "intersections_500m": null, "distance_to_transit_stop_m": 36.789807821069409, "transit_stop_count_500m": 30, "distance_to_destination_m": 69.450027524023966, "destination_count_1000m": 16, "capacity_log": 3.8286413964890951, "capacity_score": 0.31600449595224156, "facility_type_score": 1.0, "ttc_facility_score": 0.0, "parking_feasibility_score": 0.45540292236895702, "underserved_population_raw": 0.0, "underserved_population_score": 0.0, "apartment_score": 0.61804035438027072, "low_existing_supply_score": 0.55, "equity_score": 0.24721614175210829, "constraint_status": "eligible", "constraint_notes": "", "essential_data_missing": false, "population_score": 0.82548605662665586, "traffic_score": 0.66656544506312554, "coverage_distance_score": 0.014644585311221512, "arterial_access_score": 0.5, "transit_access_score": 0.95842843520920418, "intersection_access_score": 0.5, "demand_score": 0.72837470213014333, "coverage_score": 0.17525120971785507, "accessibility_score": 0.63752853056276126, "feasibility_score": 0.45540292236895702, "overall_score": 0.48286297171161346, "static_rank": 165, "non_coverage_score": 0.58540022570953276 }, "geometry": { "type": "Point", "coordinates": [ -79.425648, 43.662431 ] } },
{ "type": "Feature", "properties": { "id": "84", "address": "9 Salem Avenue", "lat": 43.661011, "lng": -79.431667, "carpark_type": "surface", "carpark_type_str": "Surface", "is_ttc": false, "is_under_construction": false, "capacity": 35, "max_height": 0.0, "bike_racks": "available", "rate_half_hour": 1.25, "monthly_permit_status": "not_available", "candidate_id": "green_p_84", "distance_to_nearest_charger_m": 281.53146290526513, "capacity_missing": false, "capacity_filled": 35, "existing_chargers_1000m": 2, "existing_chargers_2000m": 10, "baseline_coverage_score": 0.015574001582962935, "baseline_capacity_score": 0.27172150645603299, "baseline_score": 0.11803300353219096, "population_500m": 7931.0254862605034, "households_500m": 3680.6977189425893, "apartment_population_500m": 5932.3420269638063, "median_income_500m": 69154.611993625585, "apartment_share_500m": 0.74799179970368734, "population_1000m": 28401.64182915333, "households_1000m": 12327.366455045534, "apartment_population_1000m": 19437.489434070219, "median_income_1000m": 74444.625186121106, "apartment_share_1000m": 0.68437907748411542, "population_2000m": 114238.91015506061, "households_2000m": 50609.933956879846, "apartment_population_2000m": 76270.197855986713, "median_income_2000m": 77658.741832080821, "apartment_share_2000m": 0.66763765298935718, "distance_to_traffic_count_m": 14.606077721735412, "traffic_volume_weighted_1000m": 7141.0777511219949, "traffic_counters_1000m": 112, "traffic_data_quality": "high", "distance_to_arterial_m": null, "road_length_500m": null, "intersections_500m": null, "distance_to_transit_stop_m": 71.57011080205865, "transit_stop_count_500m": 28, "distance_to_destination_m": 46.817885995377637, "destination_count_1000m": 12, "capacity_log": 3.5835189384561099, "capacity_score": 0.27172150645603299, "facility_type_score": 1.0, "ttc_facility_score": 0.0, "parking_feasibility_score": 0.42661897919642144, "underserved_population_raw": 0.0, "underserved_population_score": 0.0, "apartment_score": 0.66484128933341602, "low_existing_supply_score": 0.5, "equity_score": 0.26593651573336641, "constraint_status": "eligible", "constraint_notes": "", "essential_data_missing": false, "population_score": 0.82956600393475777, "traffic_score": 0.68832473585194509, "coverage_distance_score": 0.015574001582962935, "arterial_access_score": 0.5, "transit_access_score": 0.91200166703719165, "intersection_access_score": 0.5, "demand_score": 0.74718661718550494, "coverage_score": 0.16090180110807406, "accessibility_score": 0.62360050011115753, "feasibility_score": 0.42661897919642144, "overall_score": 0.47968803390770137, "static_rank": 166, "non_coverage_score": 0.58595011150757703 }, "geometry": { "type": "Point", "coordinates": [ -79.431667, 43.661011 ] } },
{ "type": "Feature", "properties": { "id": "251", "address": "201 Claremont Street", "lat": 43.651657, "lng": -79.41125, "carpark_type": "surface", "carpark_type_str": "Surface", "is_ttc": false, "is_under_construction": false, "capacity": 43, "max_height": 2.15, "bike_racks": "available", "rate_half_hour": 1.0, "monthly_permit_status": "not_available", "candidate_id": "green_p_251", "distance_to_nearest_charger_m": 516.26202851688583, "capacity_missing": false, "capacity_filled": 43, "existing_chargers_1000m": 4, "existing_chargers_2000m": 13, "baseline_coverage_score": 0.036480683498989613, "baseline_capacity_score": 0.30797399172668705, "baseline_score": 0.1450780067900686, "population_500m": 7897.9507238420319, "households_500m": 3367.3175753301934, "apartment_population_500m": 4573.871871585362, "median_income_500m": 83855.378605171718, "apartment_share_500m": 0.57912134824770845, "population_1000m": 31205.23881697634, "households_1000m": 14481.695958205231, "apartment_population_1000m": 21610.845384943015, "median_income_1000m": 75471.198894125861, "apartment_share_1000m": 0.69253901601888201, "population_2000m": 159774.17245943073, "households_2000m": 86309.185662580639, "apartment_population_2000m": 134481.64486122769, "median_income_2000m": 73843.63065013093, "apartment_share_2000m": 0.84169827194927127, "distance_to_traffic_count_m": 46.945175688025785, "traffic_volume_weighted_1000m": 6911.6757455389279, "traffic_counters_1000m": 111, "traffic_data_quality": "high", "distance_to_arterial_m": null, "road_length_500m": null, "intersections_500m": null, "distance_to_transit_stop_m": 46.855268985683061, "transit_stop_count_500m": 12, "distance_to_destination_m": 466.07382321763197, "destination_count_1000m": 17, "capacity_log": 3.784189633918261, "capacity_score": 0.30797399172668705, "facility_type_score": 1.0, "ttc_facility_score": 0.0, "parking_feasibility_score": 0.45018309462234662, "underserved_population_raw": 0.0, "underserved_population_score": 0.0, "apartment_score": 0.67407692912180539, "low_existing_supply_score": 0.35, "equity_score": 0.26963077164872218, "constraint_status": "eligible", "constraint_notes": "", "essential_data_missing": false, "population_score": 0.84478465971376537, "traffic_score": 0.67949165291347258, "coverage_distance_score": 0.036480683498989613, "arterial_access_score": 0.5, "transit_access_score": 0.94499247312775425, "intersection_access_score": 0.5, "demand_score": 0.75279056121527077, "coverage_score": 0.13053647844929273, "accessibility_score": 0.63349774193832631, "feasibility_score": 0.45018309462234662, "overall_score": 0.47966137772279394, "static_rank": 167, "non_coverage_score": 0.59603634414729423 }, "geometry": { "type": "Point", "coordinates": [ -79.41125, 43.651657 ] } },
{ "type": "Feature", "properties": { "id": "701", "address": "197 Blantyre Avenue", "lat": 43.68177, "lng": -79.281496, "carpark_type": "surface", "carpark_type_str": "Surface", "is_ttc": false, "is_under_construction": false, "capacity": 83, "max_height": 0.0, "bike_racks": "available", "rate_half_hour": 1.0, "monthly_permit_status": "waiting_list", "candidate_id": "green_p_701", "distance_to_nearest_charger_m": 635.25596259468193, "capacity_missing": false, "capacity_filled": 83, "existing_chargers_1000m": 1, "existing_chargers_2000m": 6, "baseline_coverage_score": 0.047079083086273572, "baseline_capacity_score": 0.4247914558714288, "baseline_score": 0.19816403220033568, "population_500m": 4953.7675689267517, "households_500m": 2206.1941101673565, "apartment_population_500m": 2061.2311048261813, "median_income_500m": 95608.246188641584, "apartment_share_500m": 0.41609362493217522, "population_1000m": 15772.935812335647, "households_1000m": 6597.6640645336438, "apartment_population_1000m": 5792.4705172039985, "median_income_1000m": 102504.75490326612, "apartment_share_1000m": 0.3672411139005487, "population_2000m": 63730.153210313976, "households_2000m": 26386.243762062822, "apartment_population_2000m": 36355.06407016742, "median_income_2000m": 82339.815737612284, "apartment_share_2000m": 0.5704531095381673, "distance_to_traffic_count_m": 36.19972267568938, "traffic_volume_weighted_1000m": 9988.8962696499475, "traffic_counters_1000m": 55, "traffic_data_quality": "high", "distance_to_arterial_m": null, "road_length_500m": null, "intersections_500m": null, "distance_to_transit_stop_m": 29.253969107017515, "transit_stop_count_500m": 19, "distance_to_destination_m": 158.38266811470876, "destination_count_1000m": 7, "capacity_log": 4.4308167988433134, "capacity_score": 0.4247914558714288, "facility_type_score": 1.0, "ttc_facility_score": 0.0, "parking_feasibility_score": 0.52611444631642867, "underserved_population_raw": 0.0, "underserved_population_score": 0.0, "apartment_score": 0.30589593914457969, "low_existing_supply_score": 0.7, "equity_score": 0.12235837565783188, "constraint_status": "eligible", "constraint_notes": "", "essential_data_missing": false, "population_score": 0.73448594118544464, "traffic_score": 0.77911797388877713, "coverage_distance_score": 0.047079083086273572, "arterial_access_score": 0.5, "transit_access_score": 0.96848771034404701, "intersection_access_score": 0.5, "demand_score": 0.66438915222343808, "coverage_score": 0.24295535816039149, "accessibility_score": 0.64054631310321408, "feasibility_score": 0.52611444631642867, "overall_score": 0.47931785234101959, "static_rank": 168, "non_coverage_score": 0.55810535040122888 }, "geometry": { "type": "Point", "coordinates": [ -79.281496, 43.68177 ] } },
{ "type": "Feature", "properties": { "id": "503", "address": "12 Willingdon Blvd. - partial construction, reduced spaces", "lat": 43.648389, "lng": -79.510632, "carpark_type": "surface", "carpark_type_str": "Surface", "is_ttc": false, "is_under_construction": false, "capacity": 65, "max_height": 0.0, "bike_racks": "available", "rate_half_hour": 1.5, "monthly_permit_status": "not_available", "candidate_id": "green_p_503", "distance_to_nearest_charger_m": 504.12492301796595, "capacity_missing": false, "capacity_filled": 65, "existing_chargers_1000m": 1, "existing_chargers_2000m": 1, "baseline_coverage_score": 0.035399671303641272, "baseline_capacity_score": 0.38122393898780965, "baseline_score": 0.17372937837730865, "population_500m": 2820.82961989558, "households_500m": 1075.166457621737, "apartment_population_500m": 431.35568695790829, "median_income_500m": 156809.97069944459, "apartment_share_500m": 0.15291802238444874, "population_1000m": 10701.066652164767, "households_1000m": 4165.8503677966892, "apartment_population_1000m": 2528.2381260068232, "median_income_1000m": 150398.26716965361, "apartment_share_1000m": 0.23626038489306805, "population_2000m": 52675.402709364491, "households_2000m": 22606.576793941564, "apartment_population_2000m": 26377.659654016039, "median_income_2000m": 106701.66708681177, "apartment_share_2000m": 0.50075857605786633, "distance_to_traffic_count_m": 84.561491822487028, "traffic_volume_weighted_1000m": 12819.739275952074, "traffic_counters_1000m": 44, "traffic_data_quality": "high", "distance_to_arterial_m": null, "road_length_500m": null, "intersections_500m": null, "distance_to_transit_stop_m": 12.101491943907735, "transit_stop_count_500m": 21, "distance_to_destination_m": 303.08717498920765, "destination_count_1000m": 9, "capacity_log": 4.1896547420264252, "capacity_score": 0.38122393898780965, "facility_type_score": 1.0, "ttc_facility_score": 0.0, "parking_feasibility_score": 0.49779556034207628, "underserved_population_raw": 0.0, "underserved_population_score": 0.0, "apartment_score": 0.15764839693826593, "low_existing_supply_score": 0.95, "equity_score": 0.063059358775306371, "constraint_status": "eligible", "constraint_notes": "", "essential_data_missing": false, "population_score": 0.67177177785026154, "traffic_score": 0.8466209225909147, "coverage_distance_score": 0.035399671303641272, "arterial_access_score": 0.5, "transit_access_score": 0.99138383293569643, "intersection_access_score": 0.5, "demand_score": 0.63014430232709095, "coverage_score": 0.30977976991254885, "accessibility_score": 0.64741514988070892, "feasibility_score": 0.49779556034207628, "overall_score": 0.47694653308124835, "static_rank": 169, "non_coverage_score": 0.53266878747081481 }, "geometry": { "type": "Point", "coordinates": [ -79.510632, 43.648389 ] } },
{ "type": "Feature", "properties": { "id": "654", "address": "16 Riverview Gardens", "lat": 43.648894, "lng": -79.486663, "carpark_type": "surface", "carpark_type_str": "Surface", "is_ttc": false, "is_under_construction": false, "capacity": 54, "max_height": 0.0, "bike_racks": "available", "rate_half_hour": 1.0, "monthly_permit_status": "not_available", "candidate_id": "green_p_654", "distance_to_nearest_charger_m": 409.16963065329344, "capacity_missing": false, "capacity_filled": 54, "existing_chargers_1000m": 1, "existing_chargers_2000m": 4, "baseline_coverage_score": 0.026942314723177065, "baseline_capacity_score": 0.34828634669525599, "baseline_score": 0.15547992751200862, "population_500m": 4330.1250736122574, "households_500m": 1994.5029313529096, "apartment_population_500m": 2243.5253266339178, "median_income_500m": 105983.05048374692, "apartment_share_500m": 0.51812021327188462, "population_1000m": 15537.757258061733, "households_1000m": 6610.1423835869609, "apartment_population_1000m": 6417.3836744049522, "median_income_1000m": 114404.65856213674, "apartment_share_1000m": 0.41301865950282535, "population_2000m": 62441.001190517287, "households_2000m": 27411.696322444597, "apartment_population_2000m": 31586.442148256014, "median_income_2000m": 102754.37945001076, "apartment_share_2000m": 0.50586059714002385, "distance_to_traffic_count_m": 97.709660210547241, "traffic_volume_weighted_1000m": 9887.9695052674033, "traffic_counters_1000m": 44, "traffic_data_quality": "high", "distance_to_arterial_m": null, "road_length_500m": null, "intersections_500m": null, "distance_to_transit_stop_m": 97.891247304410356, "transit_stop_count_500m": 15, "distance_to_destination_m": 162.801214132235, "destination_count_1000m": 18, "capacity_log": 4.0073331852324712, "capacity_score": 0.34828634669525599, "facility_type_score": 1.0, "ttc_facility_score": 0.0, "parking_feasibility_score": 0.47638612535191638, "underserved_population_raw": 0.0, "underserved_population_score": 0.0, "apartment_score": 0.35770820706520923, "low_existing_supply_score": 0.8, "equity_score": 0.14308328282608371, "constraint_status": "eligible", "constraint_notes": "", "essential_data_missing": false, "population_score": 0.73205744965800967, "traffic_score": 0.77637059700050437, "coverage_distance_score": 0.026942314723177065, "arterial_access_score": 0.5, "transit_access_score": 0.87686668551944802, "intersection_access_score": 0.5, "demand_score": 0.67269720270932276, "coverage_score": 0.25885962030622395, "accessibility_score": 0.61306000565583441, "feasibility_score": 0.47638612535191638, "overall_score": 0.47490231410591549, "static_rank": 170, "non_coverage_score": 0.54691654537247936 }, "geometry": { "type": "Point", "coordinates": [ -79.486663, 43.648894 ] } },
{ "type": "Feature", "properties": { "id": "517", "address": "15 Primrose Avenue", "lat": 43.614299, "lng": -79.489882, "carpark_type": "surface", "carpark_type_str": "Surface", "is_ttc": false, "is_under_construction": false, "capacity": 23, "max_height": 0.0, "bike_racks": "available", "rate_half_hour": 1.0, "monthly_permit_status": "not_available", "candidate_id": "green_p_517", "distance_to_nearest_charger_m": 159.42121668471174, "capacity_missing": false, "capacity_filled": 23, "existing_chargers_1000m": 2, "existing_chargers_2000m": 3, "baseline_coverage_score": 0.0046980422899375604, "baseline_capacity_score": 0.19847155919491041, "baseline_score": 0.082207449051926715, "population_500m": 6184.6546051843989, "households_500m": 2956.0351053528652, "apartment_population_500m": 4949.0707796221486, "median_income_500m": 61446.390878959348, "apartment_share_500m": 0.80021781256361513, "population_1000m": 15576.547467569086, "households_1000m": 7685.8768633295977, "apartment_population_1000m": 10960.680176915605, "median_income_1000m": 69412.705585853735, "apartment_share_1000m": 0.70366557157393972, "population_2000m": 45535.000710659144, "households_2000m": 23166.917024961622, "apartment_population_2000m": 32103.585065557178, "median_income_2000m": 75949.912322276083, "apartment_share_2000m": 0.70503095562798912, "distance_to_traffic_count_m": 73.678170772047494, "traffic_volume_weighted_1000m": 4582.8546599159317, "traffic_counters_1000m": 46, "traffic_data_quality": "high", "distance_to_arterial_m": null, "road_length_500m": null, "intersections_500m": null, "distance_to_transit_stop_m": 63.469898291910603, "transit_stop_count_500m": 11, "distance_to_destination_m": 163.81466903973327, "destination_count_1000m": 21, "capacity_log": 3.1780538303479458, "capacity_score": 0.19847155919491041, "facility_type_score": 1.0, "ttc_facility_score": 0.0, "parking_feasibility_score": 0.37900651347669179, "underserved_population_raw": 0.0, "underserved_population_score": 0.0, "apartment_score": 0.68667026652921215, "low_existing_supply_score": 0.85, "equity_score": 0.27466810661168489, "constraint_status": "eligible", "constraint_notes": "", "essential_data_missing": false, "population_score": 0.73246052428923591, "traffic_score": 0.5683395557232277, "coverage_distance_score": 0.0046980422899375604, "arterial_access_score": 0.5, "transit_access_score": 0.92281430108923646, "intersection_access_score": 0.5, "demand_score": 0.66586013373912833, "coverage_score": 0.25828862960295629, "accessibility_score": 0.62684429032677091, "feasibility_score": 0.37900651347669179, "overall_score": 0.47401684327050397, "static_rank": 171, "non_coverage_score": 0.54592624782635324 }, "geometry": { "type": "Point", "coordinates": [ -79.489882, 43.614299 ] } },
{ "type": "Feature", "properties": { "id": "260", "address": "94 Northcliffe Blvd.", "lat": 43.677809417496398, "lng": -79.440660817127196, "carpark_type": "surface", "carpark_type_str": "Surface", "is_ttc": false, "is_under_construction": false, "capacity": 13, "max_height": null, "bike_racks": "available", "rate_half_hour": 1.25, "monthly_permit_status": "not_available", "candidate_id": "green_p_260", "distance_to_nearest_charger_m": 365.09459770577052, "capacity_missing": false, "capacity_filled": 13, "existing_chargers_1000m": 1, "existing_chargers_2000m": 3, "baseline_coverage_score": 0.023016696038319098, "baseline_capacity_score": 0.10109828474273073, "baseline_score": 0.054249331520083752, "population_500m": 5838.2629815427881, "households_500m": 2385.6888357981643, "apartment_population_500m": 3368.7309234240124, "median_income_500m": 81142.686658797524, "apartment_share_500m": 0.57700910940017469, "population_1000m": 25296.47918434094, "households_1000m": 10373.440317948221, "apartment_population_1000m": 12975.820653106774, "median_income_1000m": 80719.44665246956, "apartment_share_1000m": 0.51294967013192427, "population_2000m": 105821.29423325042, "households_2000m": 44053.220865983385, "apartment_population_2000m": 57589.344127395227, "median_income_2000m": 78420.574161165641, "apartment_share_2000m": 0.54421319021535752, "distance_to_traffic_count_m": 70.209813429538542, "traffic_volume_weighted_1000m": 8632.2400212135635, "traffic_counters_1000m": 84, "traffic_data_quality": "high", "distance_to_arterial_m": null, "road_length_500m": null, "intersections_500m": null, "distance_to_transit_stop_m": 80.544986953608898, "transit_stop_count_500m": 21, "distance_to_destination_m": 103.66419796396193, "destination_count_1000m": 18, "capacity_log": 2.6390573296152584, "capacity_score": 0.10109828474273073, "facility_type_score": 1.0, "ttc_facility_score": 0.0, "parking_feasibility_score": 0.31571388508277498, "underserved_population_raw": 0.0, "underserved_population_score": 0.0, "apartment_score": 0.47081283572482552, "low_existing_supply_score": 0.85, "equity_score": 0.18832513428993022, "constraint_status": "eligible", "constraint_notes": "", "essential_data_missing": false, "population_score": 0.81084862803490043, "traffic_score": 0.73962800693720787, "coverage_distance_score": 0.023016696038319098, "arterial_access_score": 0.5, "transit_access_score": 0.90002148116335667, "intersection_access_score": 0.5, "demand_score": 0.71791425218869298, "coverage_score": 0.27111168722682338, "accessibility_score": 0.62000644434900698, "feasibility_score": 0.31571388508277498, "overall_score": 0.47334308252452434, "static_rank": 172, "non_coverage_score": 0.54075354762375805 }, "geometry": { "type": "Point", "coordinates": [ -79.44066081712721, 43.677809417496405 ] } },
{ "type": "Feature", "properties": { "id": "252", "address": "154 Westmount Avenue", "lat": 43.678907, "lng": -79.442248, "carpark_type": "surface", "carpark_type_str": "Surface", "is_ttc": false, "is_under_construction": false, "capacity": 14, "max_height": 0.0, "bike_racks": "available", "rate_half_hour": 1.25, "monthly_permit_status": "not_available", "candidate_id": "green_p_252", "distance_to_nearest_charger_m": 309.85530491788973, "capacity_missing": false, "capacity_filled": 14, "existing_chargers_1000m": 1, "existing_chargers_2000m": 3, "baseline_coverage_score": 0.018096713331451218, "baseline_capacity_score": 0.11356230222969155, "baseline_score": 0.05628294889074735, "population_500m": 6229.9121807049914, "households_500m": 2517.0555760741904, "apartment_population_500m": 3284.3750818935514, "median_income_500m": 80141.244485420844, "apartment_share_500m": 0.52719444297558038, "population_1000m": 24904.839903611977, "households_1000m": 10090.388329426536, "apartment_population_1000m": 12381.000367718691, "median_income_1000m": 81205.806606317943, "apartment_share_1000m": 0.49713230101603906, "population_2000m": 105054.89847611253, "households_2000m": 43665.272334185378, "apartment_population_2000m": 56688.656230650042, "median_income_2000m": 77866.742968069942, "apartment_share_2000m": 0.53960983307732147, "distance_to_traffic_count_m": 82.837236579955146, "traffic_volume_weighted_1000m": 9145.5145727810741, "traffic_counters_1000m": 84, "traffic_data_quality": "high", "distance_to_arterial_m": null, "road_length_500m": null, "intersections_500m": null, "distance_to_transit_stop_m": 94.181024839249972, "transit_stop_count_500m": 16, "distance_to_destination_m": 88.256200192467006, "destination_count_1000m": 16, "capacity_log": 2.7080502011022101, "capacity_score": 0.11356230222969155, "facility_type_score": 1.0, "ttc_facility_score": 0.0, "parking_feasibility_score": 0.32381549644929952, "underserved_population_raw": 0.0, "underserved_population_score": 0.0, "apartment_score": 0.45291030828152429, "low_existing_supply_score": 0.85, "equity_score": 0.18116412331260973, "constraint_status": "eligible", "constraint_notes": "", "essential_data_missing": false, "population_score": 0.80832622921314012, "traffic_score": 0.75525388456224074, "coverage_distance_score": 0.018096713331451218, "arterial_access_score": 0.5, "transit_access_score": 0.88181930592504787, "intersection_access_score": 0.5, "demand_score": 0.71866772439900217, "coverage_score": 0.26766769933201584, "accessibility_score": 0.61454579177751434, "feasibility_score": 0.32381549644929952, "overall_score": 0.47211513730686333, "static_rank": 173, "non_coverage_score": 0.5402642832984792 }, "geometry": { "type": "Point", "coordinates": [ -79.442248, 43.678907 ] } },
{ "type": "Feature", "properties": { "id": "526", "address": "2225 Lake shore Blvd West (Parks)", "lat": 43.61478, "lng": -79.478059, "carpark_type": "surface", "carpark_type_str": "Surface", "is_ttc": false, "is_under_construction": false, "capacity": 22, "max_height": null, "bike_racks": "available", "rate_half_hour": 1.0, "monthly_permit_status": "not_available", "candidate_id": "green_p_526", "distance_to_nearest_charger_m": 822.45566799812286, "capacity_missing": false, "capacity_filled": 22, "existing_chargers_1000m": 2, "existing_chargers_2000m": 2, "baseline_coverage_score": 0.063752347113248189, "baseline_capacity_score": 0.19078288401845384, "baseline_score": 0.11456456187533046, "population_500m": 998.98615237063336, "households_500m": 615.74338291898368, "apartment_population_500m": 940.22226105471373, "median_income_500m": 76000.000000000015, "apartment_share_500m": 0.94117647058823528, "population_1000m": 10089.153484983668, "households_1000m": 5546.4701878860842, "apartment_population_1000m": 9406.3475756062799, "median_income_1000m": 67939.263142418538, "apartment_share_1000m": 0.93232277510757944, "population_2000m": 38976.653787936702, "households_2000m": 20936.824062585689, "apartment_population_2000m": 30874.250517996126, "median_income_2000m": 74804.117402634205, "apartment_share_2000m": 0.79212162968057886, "distance_to_traffic_count_m": 762.92714119606762, "traffic_volume_weighted_1000m": 9908.8000268216765, "traffic_counters_1000m": 13, "traffic_data_quality": "low", "distance_to_arterial_m": null, "road_length_500m": null, "intersections_500m": null, "distance_to_transit_stop_m": 754.79006230069353, "transit_stop_count_500m": 0, "distance_to_destination_m": 83.942835066303942, "destination_count_1000m": 7, "capacity_log": 3.1354942159291497, "capacity_score": 0.19078288401845384, "facility_type_score": 1.0, "ttc_facility_score": 0.0, "parking_feasibility_score": 0.374008874611995, "underserved_population_raw": 0.0, "underserved_population_score": 0.0, "apartment_score": 0.94547069227500968, "low_existing_supply_score": 0.9, "equity_score": 0.3781882769100039, "constraint_status": "eligible", "constraint_notes": "", "essential_data_missing": false, "population_score": 0.66225334400913127, "traffic_score": 0.77693992410965429, "coverage_distance_score": 0.063752347113248189, "arterial_access_score": 0.5, "transit_access_score": 0.0, "intersection_access_score": 0.5, "demand_score": 0.75903711669749008, "coverage_score": 0.31462664297927373, "accessibility_score": 0.35, "feasibility_score": 0.374008874611995, "overall_score": 0.47028795463686512, "static_rank": 174, "non_coverage_score": 0.52217505852272883 }, "geometry": { "type": "Point", "coordinates": [ -79.478059, 43.61478 ] } },
{ "type": "Feature", "properties": { "id": "288", "address": "292 Brunswick Avenue", "lat": 43.665368970092977, "lng": -79.407636125165936, "carpark_type": "surface", "carpark_type_str": "Surface", "is_ttc": false, "is_under_construction": false, "capacity": 19, "max_height": 0.0, "bike_racks": "available", "rate_half_hour": 2.0, "monthly_permit_status": "not_available", "candidate_id": "green_p_288", "distance_to_nearest_charger_m": 164.95843489631417, "capacity_missing": false, "capacity_filled": 19, "existing_chargers_1000m": 2, "existing_chargers_2000m": 12, "baseline_coverage_score": 0.0051912241623024219, "baseline_capacity_score": 0.16553396690235661, "baseline_score": 0.069328321258324097, "population_500m": 7553.2471929874882, "households_500m": 3811.7106291095538, "apartment_population_500m": 6082.8877281335235, "median_income_500m": 72278.78469462553, "apartment_share_500m": 0.80533412619951572, "population_1000m": 27950.903928219868, "households_1000m": 13385.568957229978, "apartment_population_1000m": 20658.09024003063, "median_income_1000m": 75204.63350805013, "apartment_share_1000m": 0.73908487156917135, "population_2000m": 131011.93586827413, "households_2000m": 66509.939642770521, "apartment_population_2000m": 100581.24583560316, "median_income_2000m": 70531.073353705302, "apartment_share_2000m": 0.76772581955229258, "distance_to_traffic_count_m": 63.075646680588711, "traffic_volume_weighted_1000m": 7816.110226374135, "traffic_counters_1000m": 89, "traffic_data_quality": "high", "distance_to_arterial_m": null, "road_length_500m": null, "intersections_500m": null, "distance_to_transit_stop_m": 50.493599309872053, "transit_stop_count_500m": 39, "distance_to_destination_m": 141.87062483582423, "destination_count_1000m": 23, "capacity_log": 2.9957322735539909, "capacity_score": 0.16553396690235661, "facility_type_score": 1.0, "ttc_facility_score": 0.0, "parking_feasibility_score": 0.35759707848653177, "underserved_population_raw": 0.0, "underserved_population_score": 0.0, "apartment_score": 0.72675879108354791, "low_existing_supply_score": 0.4, "equity_score": 0.29070351643341918, "constraint_status": "eligible", "constraint_notes": "", "essential_data_missing": false, "population_score": 0.82697984318252382, "traffic_score": 0.71275968538617285, "coverage_distance_score": 0.0051912241623024219, "arterial_access_score": 0.5, "transit_access_score": 0.94013581852682526, "intersection_access_score": 0.5, "demand_score": 0.76695857753400576, "coverage_score": 0.12363385691361169, "accessibility_score": 0.63204074555804757, "feasibility_score": 0.35759707848653177, "overall_score": 0.47011410001653586, "static_rank": 175, "non_coverage_score": 0.58560751438417724 }, "geometry": { "type": "Point", "coordinates": [ -79.407636125165936, 43.665368970092985 ] } },
{ "type": "Feature", "properties": { "id": "501", "address": "11 Grenview Blvd. N.", "lat": 43.648738, "lng": -79.507853, "carpark_type": "surface", "carpark_type_str": "Surface", "is_ttc": false, "is_under_construction": false, "capacity": 83, "max_height": 0.0, "bike_racks": "available", "rate_half_hour": 1.0, "monthly_permit_status": "not_available", "candidate_id": "green_p_501", "distance_to_nearest_charger_m": 276.70143078996682, "capacity_missing": false, "capacity_filled": 83, "existing_chargers_1000m": 1, "existing_chargers_2000m": 1, "baseline_coverage_score": 0.015143806457689757, "baseline_capacity_score": 0.4247914558714288, "baseline_score": 0.1790028662231854, "population_500m": 2743.5793533019337, "households_500m": 1046.6295767688744, "apartment_population_500m": 543.2989677968618, "median_income_500m": 158763.83726323259, "apartment_share_500m": 0.19802560736688529, "population_1000m": 9983.7535061950293, "households_1000m": 3871.2958712320624, "apartment_population_1000m": 2250.6861410341485, "median_income_1000m": 153881.07163680258, "apartment_share_1000m": 0.2254348667199739, "population_2000m": 55048.100002895029, "households_2000m": 23530.574175812621, "apartment_population_2000m": 27434.239221633637, "median_income_2000m": 106241.98852758924, "apartment_share_2000m": 0.49836850354854839, "distance_to_traffic_count_m": 63.656413134776614, "traffic_volume_weighted_1000m": 12363.458649816383, "traffic_counters_1000m": 41, "traffic_data_quality": "high", "distance_to_arterial_m": null, "road_length_500m": null, "intersections_500m": null, "distance_to_transit_stop_m": 70.965512711916105, "transit_stop_count_500m": 18, "distance_to_destination_m": 528.64325537404352, "destination_count_1000m": 8, "capacity_log": 4.4308167988433134, "capacity_score": 0.4247914558714288, "facility_type_score": 1.0, "ttc_facility_score": 0.0, "parking_feasibility_score": 0.52611444631642867, "underserved_population_raw": 0.0, "underserved_population_score": 0.0, "apartment_score": 0.14539578180600984, "low_existing_supply_score": 0.95, "equity_score": 0.058158312722403939, "constraint_status": "eligible", "constraint_notes": "", "essential_data_missing": false, "population_score": 0.66055571767582189, "traffic_score": 0.83681623087826862, "coverage_distance_score": 0.015143806457689757, "arterial_access_score": 0.5, "transit_access_score": 0.91280871967798183, "intersection_access_score": 0.5, "demand_score": 0.6192149101227159, "coverage_score": 0.29560066452038281, "accessibility_score": 0.62384261590339452, "feasibility_score": 0.52611444631642867, "overall_score": 0.4691661605672941, "static_rank": 176, "non_coverage_score": 0.52702132591626449 }, "geometry": { "type": "Point", "coordinates": [ -79.507853, 43.648738 ] } },
{ "type": "Feature", "properties": { "id": "179", "address": "653 Gerrard Street East", "lat": 43.665784, "lng": -79.350195, "carpark_type": "surface", "carpark_type_str": "Surface", "is_ttc": false, "is_under_construction": false, "capacity": 30, "max_height": 2.15, "bike_racks": "available", "rate_half_hour": 1.0, "monthly_permit_status": "not_available", "candidate_id": "green_p_179", "distance_to_nearest_charger_m": 892.22204953683695, "capacity_missing": false, "capacity_filled": 30, "existing_chargers_1000m": 2, "existing_chargers_2000m": 11, "baseline_coverage_score": 0.069966209988164038, "baseline_capacity_score": 0.2447076120217051, "baseline_score": 0.13986277080158047, "population_500m": 6882.2986602235678, "households_500m": 2796.4859809417394, "apartment_population_500m": 2949.5116845608927, "median_income_500m": 94947.780193084225, "apartment_share_500m": 0.42856490689770205, "population_1000m": 27570.971513404831, "households_1000m": 12839.320336735542, "apartment_population_1000m": 16585.853627197641, "median_income_1000m": 85609.951341555861, "apartment_share_1000m": 0.60156943033848864, "population_2000m": 108222.88550539178, "households_2000m": 52081.449590279888, "apartment_population_2000m": 74671.621561411564, "median_income_2000m": 76073.188485954932, "apartment_share_2000m": 0.6899799539875634, "distance_to_traffic_count_m": 73.647452447503341, "traffic_volume_weighted_1000m": 6730.3124952178459, "traffic_counters_1000m": 87, "traffic_data_quality": "high", "distance_to_arterial_m": null, "road_length_500m": null, "intersections_500m": null, "distance_to_transit_stop_m": 125.2686371646661, "transit_stop_count_500m": 23, "distance_to_destination_m": 233.59852317364073, "destination_count_1000m": 28, "capacity_log": 3.4339872044851463, "capacity_score": 0.2447076120217051, "facility_type_score": 1.0, "ttc_facility_score": 0.0, "parking_feasibility_score": 0.40905994781410832, "underserved_population_raw": 0.0, "underserved_population_score": 0.0, "apartment_score": 0.57111508431580515, "low_existing_supply_score": 0.45, "equity_score": 0.22844603372632208, "constraint_status": "eligible", "constraint_notes": "", "essential_data_missing": false, "population_score": 0.8247673370348988, "traffic_score": 0.67229826808698934, "coverage_distance_score": 0.069966209988164038, "arterial_access_score": 0.5, "transit_access_score": 0.84032175568109535, "intersection_access_score": 0.5, "demand_score": 0.72067271235931174, "coverage_score": 0.18397634699171481, "accessibility_score": 0.60209652670432856, "feasibility_score": 0.40905994781410832, "overall_score": 0.46681880134133641, "static_rank": 177, "non_coverage_score": 0.56109961945787679 }, "geometry": { "type": "Point", "coordinates": [ -79.350195, 43.665784 ] } },
{ "type": "Feature", "properties": { "id": "500", "address": "7 Jackson Avenue", "lat": 43.6483334, "lng": -79.5090384, "carpark_type": "surface", "carpark_type_str": "Surface", "is_ttc": false, "is_under_construction": false, "capacity": 40, "max_height": 0.0, "bike_racks": "available", "rate_half_hour": 1.0, "monthly_permit_status": "not_available", "candidate_id": "green_p_500", "distance_to_nearest_charger_m": 378.94811588620024, "capacity_missing": false, "capacity_filled": 40, "existing_chargers_1000m": 1, "existing_chargers_2000m": 1, "baseline_coverage_score": 0.024250583483959021, "baseline_capacity_score": 0.29521646223600906, "baseline_score": 0.13263693498477905, "population_500m": 2797.0792576856775, "households_500m": 1068.005782990032, "apartment_population_500m": 500.89758965527051, "median_income_500m": 156211.37738089901, "apartment_share_500m": 0.1790787973844247, "population_1000m": 10274.124054028409, "households_1000m": 3985.8843290453538, "apartment_population_1000m": 2324.533691660336, "median_income_1000m": 152550.09363141746, "apartment_share_1000m": 0.22625127742631287, "population_2000m": 54211.941482353526, "households_2000m": 23250.973093524422, "apartment_population_2000m": 27272.016366372591, "median_income_2000m": 106014.18365957405, "apartment_share_2000m": 0.50306289759517053, "distance_to_traffic_count_m": 47.951757788241565, "traffic_volume_weighted_1000m": 12858.368471047103, "traffic_counters_1000m": 42, "traffic_data_quality": "high", "distance_to_arterial_m": null, "road_length_500m": null, "intersections_500m": null, "distance_to_transit_stop_m": 36.666478351904196, "transit_stop_count_500m": 21, "distance_to_destination_m": 424.88584288665584, "destination_count_1000m": 8, "capacity_log": 3.713572066704308, "capacity_score": 0.29521646223600906, "facility_type_score": 1.0, "ttc_facility_score": 0.0, "parking_feasibility_score": 0.44189070045340589, "underserved_population_raw": 0.0, "underserved_population_score": 0.0, "apartment_score": 0.1463198175902263, "low_existing_supply_score": 0.95, "equity_score": 0.058527927036090527, "constraint_status": "eligible", "constraint_notes": "", "essential_data_missing": false, "population_score": 0.66519015078378307, "traffic_score": 0.84743491228204859, "coverage_distance_score": 0.024250583483959021, "arterial_access_score": 0.5, "transit_access_score": 0.95859306254660381, "intersection_access_score": 0.5, "demand_score": 0.6252017506694646, "coverage_score": 0.3019754084387713, "accessibility_score": 0.63757791876398118, "feasibility_score": 0.44189070045340589, "overall_score": 0.46270635883494837, "static_rank": 178, "non_coverage_score": 0.51628334230034068 }, "geometry": { "type": "Point", "coordinates": [ -79.5090384, 43.6483334 ] } },
{ "type": "Feature", "properties": { "id": "89", "address": "20 Eaton Avenue", "lat": 43.679954, "lng": -79.343948, "carpark_type": "surface", "carpark_type_str": "Surface", "is_ttc": false, "is_under_construction": false, "capacity": 70, "max_height": 0.0, "bike_racks": "available", "rate_half_hour": 1.5, "monthly_permit_status": "not_available", "candidate_id": "green_p_89", "distance_to_nearest_charger_m": 508.48519112664468, "capacity_missing": false, "capacity_filled": 70, "existing_chargers_1000m": 5, "existing_chargers_2000m": 10, "baseline_coverage_score": 0.035788026088963823, "baseline_capacity_score": 0.39441641148818102, "baseline_score": 0.17923938024865071, "population_500m": 6825.7669404984827, "households_500m": 2935.1600346995692, "apartment_population_500m": 3155.8508653867584, "median_income_500m": 88308.99677211589, "apartment_share_500m": 0.46234377658905068, "population_1000m": 25869.169287892084, "households_1000m": 10761.531256463461, "apartment_population_1000m": 10622.896258378743, "median_income_1000m": 93575.338819772223, "apartment_share_1000m": 0.41063924937669832, "population_2000m": 89864.522589905449, "households_2000m": 38890.828906887022, "apartment_population_2000m": 44700.844654018045, "median_income_2000m": 87147.418327864259, "apartment_share_2000m": 0.49742482757082296, "distance_to_traffic_count_m": 89.265312027838362, "traffic_volume_weighted_1000m": 5632.983609081175, "traffic_counters_1000m": 100, "traffic_data_quality": "high", "distance_to_arterial_m": null, "road_length_500m": null, "intersections_500m": null, "distance_to_transit_stop_m": 11.220144149726588, "transit_stop_count_500m": 21, "distance_to_destination_m": 156.9678438307358, "destination_count_1000m": 14, "capacity_log": 4.2626798770413155, "capacity_score": 0.39441641148818102, "facility_type_score": 1.0, "ttc_facility_score": 0.0, "parking_feasibility_score": 0.50637066746731763, "underserved_population_raw": 0.0, "underserved_population_score": 0.0, "apartment_score": 0.3550151261381746, "low_existing_supply_score": 0.5, "equity_score": 0.14200605045526984, "constraint_status": "eligible", "constraint_notes": "", "essential_data_missing": false, "population_score": 0.81446766889650424, "traffic_score": 0.62415051549783696, "coverage_distance_score": 0.035788026088963823, "arterial_access_score": 0.5, "transit_access_score": 0.99256030715277632, "intersection_access_score": 0.5, "demand_score": 0.65596615665530478, "coverage_score": 0.17505161826227467, "accessibility_score": 0.64776809214583286, "feasibility_score": 0.50637066746731763, "overall_score": 0.46026257515695135, "static_rank": 179, "non_coverage_score": 0.55533289412184339 }, "geometry": { "type": "Point", "coordinates": [ -79.343948, 43.679954 ] } },
{ "type": "Feature", "properties": { "id": "513", "address": "575 Royal York Road", "lat": 43.626997, "lng": -79.502724, "carpark_type": "surface", "carpark_type_str": "Surface", "is_ttc": false, "is_under_construction": false, "capacity": 28, "max_height": 0.0, "bike_racks": "available", "rate_half_hour": 1.0, "monthly_permit_status": "waiting_list", "candidate_id": "green_p_513", "distance_to_nearest_charger_m": 523.28213030494783, "capacity_missing": false, "capacity_filled": 28, "existing_chargers_1000m": 1, "existing_chargers_2000m": 3, "baseline_coverage_score": 0.037105940949883245, "baseline_capacity_score": 0.23265937515221763, "baseline_score": 0.11532731463081701, "population_500m": 2658.3641537781668, "households_500m": 1108.3753967130365, "apartment_population_500m": 939.26278812244686, "median_income_500m": 83517.846427672761, "apartment_share_500m": 0.3533235981938484, "population_1000m": 10567.470215908372, "households_1000m": 4246.2615444039311, "apartment_population_1000m": 2986.421224734218, "median_income_1000m": 96107.748239616631, "apartment_share_1000m": 0.28260512343232636, "population_2000m": 52528.387866899786, "households_2000m": 24515.440911869871, "apartment_population_2000m": 29955.782241905108, "median_income_2000m": 85941.651730233818, "apartment_share_2000m": 0.57027796698823552, "distance_to_traffic_count_m": 73.756897105242459, "traffic_volume_weighted_1000m": 14504.059523782536, "traffic_counters_1000m": 30, "traffic_data_quality": "high", "distance_to_arterial_m": null, "road_length_500m": null, "intersections_500m": null, "distance_to_transit_stop_m": 55.967792219481446, "transit_stop_count_500m": 17, "distance_to_destination_m": 116.99251462901225, "destination_count_1000m": 9, "capacity_log": 3.3672958299864741, "capacity_score": 0.23265937515221763, "facility_type_score": 1.0, "ttc_facility_score": 0.0, "parking_feasibility_score": 0.40122859384894149, "underserved_population_raw": 0.0, "underserved_population_score": 0.0, "apartment_score": 0.21010262921122022, "low_existing_supply_score": 0.85, "equity_score": 0.084041051684488097, "constraint_status": "eligible", "constraint_notes": "", "essential_data_missing": false, "population_score": 0.66974094928450634, "traffic_score": 0.88001753956284223, "coverage_distance_score": 0.037105940949883245, "arterial_access_score": 0.5, "transit_access_score": 0.93282854793512771, "intersection_access_score": 0.5, "demand_score": 0.65141009186726662, "coverage_score": 0.28097415866491826, "accessibility_score": 0.62984856438053827, "feasibility_score": 0.40122859384894149, "overall_score": 0.46022467434830727, "static_rank": 180, "non_coverage_score": 0.51997484624277024 }, "geometry": { "type": "Point", "coordinates": [ -79.502724, 43.626997 ] } },
{ "type": "Feature", "properties": { "id": "17", "address": "716 Pape Avenue", "lat": 43.679713, "lng": -79.345375, "carpark_type": "surface", "carpark_type_str": "Surface", "is_ttc": false, "is_under_construction": false, "capacity": 70, "max_height": null, "bike_racks": "available", "rate_half_hour": 1.75, "monthly_permit_status": "not_available", "candidate_id": "green_p_17", "distance_to_nearest_charger_m": 501.21682596282955, "capacity_missing": false, "capacity_filled": 70, "existing_chargers_1000m": 5, "existing_chargers_2000m": 10, "baseline_coverage_score": 0.03514065663312211, "baseline_capacity_score": 0.39441641148818102, "baseline_score": 0.17885095857514569, "population_500m": 6630.606522750646, "households_500m": 2841.4970391252841, "apartment_population_500m": 2928.8499853434691, "median_income_500m": 92330.113548096168, "apartment_share_500m": 0.44171675325539644, "population_1000m": 26044.141785332089, "households_1000m": 10862.163822353319, "apartment_population_1000m": 10780.62150694991, "median_income_1000m": 94776.283125056259, "apartment_share_1000m": 0.41393652345348136, "population_2000m": 87979.8000440287, "households_2000m": 38214.852854605735, "apartment_population_2000m": 44208.64421388293, "median_income_2000m": 87329.563329108249, "apartment_share_2000m": 0.50248630017071094, "distance_to_traffic_count_m": 18.053393097415608, "traffic_volume_weighted_1000m": 5418.0961199672656, "traffic_counters_1000m": 100, "traffic_data_quality": "high", "distance_to_arterial_m": null, "road_length_500m": null, "intersections_500m": null, "distance_to_transit_stop_m": 11.215234815654981, "transit_stop_count_500m": 20, "distance_to_destination_m": 136.92153703519816, "destination_count_1000m": 15, "capacity_log": 4.2626798770413155, "capacity_score": 0.39441641148818102, "facility_type_score": 1.0, "ttc_facility_score": 0.0, "parking_feasibility_score": 0.50637066746731763, "underserved_population_raw": 0.0, "underserved_population_score": 0.0, "apartment_score": 0.35874707038346704, "low_existing_supply_score": 0.5, "equity_score": 0.14349882815338683, "constraint_status": "eligible", "constraint_notes": "", "essential_data_missing": false, "population_score": 0.81555741946820903, "traffic_score": 0.61362890273695136, "coverage_distance_score": 0.03514065663312211, "arterial_access_score": 0.5, "transit_access_score": 0.99256686041698872, "intersection_access_score": 0.5, "demand_score": 0.65352036879532049, "coverage_score": 0.17459845964318546, "accessibility_score": 0.64777005812509658, "feasibility_score": 0.50637066746731763, "overall_score": 0.45956522010984813, "static_rank": 181, "non_coverage_score": 0.5545541402654024 }, "geometry": { "type": "Point", "coordinates": [ -79.345375, 43.679713 ] } },
{ "type": "Feature", "properties": { "id": "703", "address": "1 Brimley Road (Bluffer's Park)", "lat": 43.707446, "lng": -79.234632, "carpark_type": "surface", "carpark_type_str": "Surface", "is_ttc": false, "is_under_construction": false, "capacity": 128, "max_height": null, "bike_racks": "available", "rate_half_hour": 1.5, "monthly_permit_status": "available", "candidate_id": "green_p_703", "distance_to_nearest_charger_m": 5321.0528197831754, "capacity_missing": false, "capacity_filled": 128, "existing_chargers_1000m": 0, "existing_chargers_2000m": 0, "baseline_coverage_score": 0.46442764679419246, "baseline_capacity_score": 0.50229234275684309, "baseline_score": 0.47957352517925267, "population_500m": 298.07654045774996, "households_500m": 103.60949267247994, "apartment_population_500m": 18.171511022558022, "median_income_500m": 115000.0, "apartment_share_500m": 0.060962566844919797, "population_1000m": 1782.8459856668067, "households_1000m": 637.63404422160716, "apartment_population_1000m": 172.88925281197879, "median_income_1000m": 112752.13882377917, "apartment_share_1000m": 0.09697374546198731, "population_2000m": 17854.143938684527, "households_2000m": 6937.4265032099484, "apartment_population_2000m": 7085.4622863451023, "median_income_2000m": 78463.533357582259, "apartment_share_2000m": 0.39685253522534059, "distance_to_traffic_count_m": 971.23398962306339, "traffic_volume_weighted_1000m": 560.0, "traffic_counters_1000m": 1, "traffic_data_quality": "low", "distance_to_arterial_m": null, "road_length_500m": null, "intersections_500m": null, "distance_to_transit_stop_m": 105.81419198128867, "transit_stop_count_500m": 2, "distance_to_destination_m": 234.3689569942342, "destination_count_1000m": 5, "capacity_log": 4.8598124043616719, "capacity_score": 0.50229234275684309, "facility_type_score": 1.0, "ttc_facility_score": 0.0, "parking_feasibility_score": 0.57649002279194805, "underserved_population_raw": 1782.8459856668067, "underserved_population_score": 0.70328292031098427, "apartment_score": 0.0, "low_existing_supply_score": 1.0, "equity_score": 0.42196975218659055, "constraint_status": "eligible", "constraint_notes": "", "essential_data_missing": false, "population_score": 0.3821188077903846, "traffic_score": 0.0, "coverage_distance_score": 0.46442764679419246, "arterial_access_score": 0.5, "transit_access_score": 0.86629067886550459, "intersection_access_score": 0.5, "demand_score": 0.17195346350567306, "coverage_score": 0.62509935275593476, "accessibility_score": 0.60988720365965132, "feasibility_score": 0.57649002279194805, "overall_score": 0.45850879661006716, "static_rank": 182, "non_coverage_score": 0.40297861122811129 }, "geometry": { "type": "Point", "coordinates": [ -79.234632, 43.707446 ] } },
{ "type": "Feature", "properties": { "id": "193", "address": "1675 Lakeshore Blvd. E. (Parks)", "lat": 43.662417, "lng": -79.311188, "carpark_type": "surface", "carpark_type_str": "Surface", "is_ttc": false, "is_under_construction": false, "capacity": 292, "max_height": null, "bike_racks": "available", "rate_half_hour": 1.0, "monthly_permit_status": "not_available", "candidate_id": "green_p_193", "distance_to_nearest_charger_m": 576.49786018362954, "capacity_missing": false, "capacity_filled": 292, "existing_chargers_1000m": 5, "existing_chargers_2000m": 13, "baseline_coverage_score": 0.041845691542669768, "baseline_capacity_score": 0.65049582691484664, "baseline_score": 0.28530574569154055, "population_500m": 924.38903168872173, "households_500m": 410.7844161197047, "apartment_population_500m": 490.94413017247984, "median_income_500m": 115569.36348193818, "apartment_share_500m": 0.53110120668091187, "population_1000m": 8738.4736700089015, "households_1000m": 3979.7901048287945, "apartment_population_1000m": 4772.2726670219135, "median_income_1000m": 91173.271642897947, "apartment_share_1000m": 0.54612199421058072, "population_2000m": 44038.355750750306, "households_2000m": 18937.218701098023, "apartment_population_2000m": 22627.459428341124, "median_income_2000m": 89469.734954371364, "apartment_share_2000m": 0.51381254005959587, "distance_to_traffic_count_m": 158.8757672811241, "traffic_volume_weighted_1000m": 7180.7237000285404, "traffic_counters_1000m": 38, "traffic_data_quality": "high", "distance_to_arterial_m": null, "road_length_500m": null, "intersections_500m": null, "distance_to_transit_stop_m": 203.13838857038263, "transit_stop_count_500m": 3, "distance_to_destination_m": 197.68673566191535, "destination_count_1000m": 12, "capacity_log": 5.6801726090170677, "capacity_score": 0.65049582691484664, "facility_type_score": 1.0, "ttc_facility_score": 0.0, "parking_feasibility_score": 0.67282228749465034, "underserved_population_raw": 0.0, "underserved_population_score": 0.0, "apartment_score": 0.50835817198304167, "low_existing_supply_score": 0.35, "equity_score": 0.20334326879321668, "constraint_status": "eligible", "constraint_notes": "", "essential_data_missing": false, "population_score": 0.63902017974895275, "traffic_score": 0.68982249297380827, "coverage_distance_score": 0.041845691542669768, "arterial_access_score": 0.5, "transit_access_score": 0.73637668947216883, "intersection_access_score": 0.5, "demand_score": 0.63066858782446988, "coverage_score": 0.13429198407986884, "accessibility_score": 0.57091300684165069, "feasibility_score": 0.67282228749465034, "overall_score": 0.45821384373915758, "static_rank": 183, "non_coverage_score": 0.56618779695892041 }, "geometry": { "type": "Point", "coordinates": [ -79.311188, 43.662417 ] } },
{ "type": "Feature", "properties": { "id": "218", "address": "3354 Dundas Street West", "lat": 43.665668, "lng": -79.4819, "carpark_type": "surface", "carpark_type_str": "Surface", "is_ttc": false, "is_under_construction": false, "capacity": 13, "max_height": 0.0, "bike_racks": "available", "rate_half_hour": 1.0, "monthly_permit_status": "not_available", "candidate_id": "green_p_218", "distance_to_nearest_charger_m": 538.57240025538965, "capacity_missing": false, "capacity_filled": 13, "existing_chargers_1000m": 1, "existing_chargers_2000m": 4, "baseline_coverage_score": 0.038467795165294562, "baseline_capacity_score": 0.10109828474273073, "baseline_score": 0.063519990996269038, "population_500m": 4086.2263326806892, "households_500m": 1622.7019827559036, "apartment_population_500m": 1502.1704973957314, "median_income_500m": 89952.757401322102, "apartment_share_500m": 0.36761803558988415, "population_1000m": 17376.580441319584, "households_1000m": 6727.9099118760669, "apartment_population_1000m": 6275.6881202163859, "median_income_1000m": 95360.040737719202, "apartment_share_1000m": 0.36115783202623081, "population_2000m": 76443.267201991344, "households_2000m": 32534.422780121145, "apartment_population_2000m": 40387.04668947278, "median_income_2000m": 86623.88542684773, "apartment_share_2000m": 0.52832706093991622, "distance_to_traffic_count_m": 18.943937042756481, "traffic_volume_weighted_1000m": 10013.301719507344, "traffic_counters_1000m": 63, "traffic_data_quality": "high", "distance_to_arterial_m": null, "road_length_500m": null, "intersections_500m": null, "distance_to_transit_stop_m": 8.1947408431827782, "transit_stop_count_500m": 23, "distance_to_destination_m": 154.0888987869275, "destination_count_1000m": 14, "capacity_log": 2.6390573296152584, "capacity_score": 0.10109828474273073, "facility_type_score": 1.0, "ttc_facility_score": 0.0, "parking_feasibility_score": 0.31571388508277498, "underserved_population_raw": 0.0, "underserved_population_score": 0.0, "apartment_score": 0.29901071569797377, "low_existing_supply_score": 0.8, "equity_score": 0.11960428627918951, "constraint_status": "eligible", "constraint_notes": "", "essential_data_missing": false, "population_score": 0.75013884646523921, "traffic_score": 0.77977815888227209, "coverage_distance_score": 0.038467795165294562, "arterial_access_score": 0.5, "transit_access_score": 0.99659879117680927, "intersection_access_score": 0.5, "demand_score": 0.67028697965774753, "coverage_score": 0.26692745661570616, "accessibility_score": 0.64897963735304276, "feasibility_score": 0.31571388508277498, "overall_score": 0.45693139691219459, "static_rank": 184, "non_coverage_score": 0.52026604367769069 }, "geometry": { "type": "Point", "coordinates": [ -79.4819, 43.665668 ] } },
{ "type": "Feature", "properties": { "id": "519", "address": "5 Dayton Avenue", "lat": 43.625584, "lng": -79.503551, "carpark_type": "surface", "carpark_type_str": "Surface", "is_ttc": false, "is_under_construction": false, "capacity": 15, "max_height": 0.0, "bike_racks": "available", "rate_half_hour": 1.0, "monthly_permit_status": "not_available", "candidate_id": "green_p_519", "distance_to_nearest_charger_m": 628.95451690213065, "capacity_missing": false, "capacity_filled": 15, "existing_chargers_1000m": 1, "existing_chargers_2000m": 3, "baseline_coverage_score": 0.04651783397769662, "baseline_capacity_score": 0.12522161193378772, "baseline_score": 0.077999345160133071, "population_500m": 2748.4561917988262, "households_500m": 1151.3615351506894, "apartment_population_500m": 957.55930221315487, "median_income_500m": 87519.08612305783, "apartment_share_500m": 0.34839896850837038, "population_1000m": 10627.658210584343, "households_1000m": 4320.8556199496834, "apartment_population_1000m": 3247.7078126767587, "median_income_1000m": 94059.252481555552, "apartment_share_1000m": 0.30559016373355774, "population_2000m": 50534.977787128431, "households_2000m": 23278.320847824918, "apartment_population_2000m": 28176.774658700277, "median_income_2000m": 85304.625703289639, "apartment_share_2000m": 0.55756974461116859, "distance_to_traffic_count_m": 61.707501295862684, "traffic_volume_weighted_1000m": 15806.846171972344, "traffic_counters_1000m": 35, "traffic_data_quality": "high", "distance_to_arterial_m": null, "road_length_500m": null, "intersections_500m": null, "distance_to_transit_stop_m": 94.663270152704271, "transit_stop_count_500m": 14, "distance_to_destination_m": 251.69416084561962, "destination_count_1000m": 8, "capacity_log": 2.7725887222397811, "capacity_score": 0.12522161193378772, "facility_type_score": 1.0, "ttc_facility_score": 0.0, "parking_feasibility_score": 0.33139404775696202, "underserved_population_raw": 0.0, "underserved_population_score": 0.0, "apartment_score": 0.23611772133958983, "low_existing_supply_score": 0.85, "equity_score": 0.094447088535835944, "constraint_status": "eligible", "constraint_notes": "", "essential_data_missing": false, "population_score": 0.6706590390392887, "traffic_score": 0.90328843530225322, "coverage_distance_score": 0.04651783397769662, "arterial_access_score": 0.5, "transit_access_score": 0.88117557687582082, "intersection_access_score": 0.5, "demand_score": 0.6651710641913865, "coverage_score": 0.28756248378438765, "accessibility_score": 0.61435267306274621, "feasibility_score": 0.33139404775696202, "overall_score": 0.45346629083319007, "static_rank": 185, "non_coverage_score": 0.50876755984945743 }, "geometry": { "type": "Point", "coordinates": [ -79.503551, 43.625584 ] } },
{ "type": "Feature", "properties": { "id": "277", "address": "242 Danforth Avenue", "lat": 43.677051615107061, "lng": -79.354872531004787, "carpark_type": "surface", "carpark_type_str": "Surface", "is_ttc": false, "is_under_construction": false, "capacity": 19, "max_height": null, "bike_racks": "available", "rate_half_hour": 2.0, "monthly_permit_status": "not_available", "candidate_id": "green_p_277", "distance_to_nearest_charger_m": 226.64670190871036, "capacity_missing": false, "capacity_filled": 19, "existing_chargers_1000m": 3, "existing_chargers_2000m": 7, "baseline_coverage_score": 0.010685595860417734, "baseline_capacity_score": 0.16553396690235661, "baseline_score": 0.072624944277193293, "population_500m": 6630.9225582700046, "households_500m": 3270.3928231000746, "apartment_population_500m": 3965.9494535344766, "median_income_500m": 93445.007564368294, "apartment_share_500m": 0.59809919640641762, "population_1000m": 19054.360087011002, "households_1000m": 8681.389679946351, "apartment_population_1000m": 9485.3998520453879, "median_income_1000m": 96014.566692035034, "apartment_share_1000m": 0.49780731594924599, "population_2000m": 100237.79468528979, "households_2000m": 46080.374058079142, "apartment_population_2000m": 64299.640814323291, "median_income_2000m": 80526.545067468818, "apartment_share_2000m": 0.64147102414015367, "distance_to_traffic_count_m": 23.312523213413687, "traffic_volume_weighted_1000m": 6666.5524153637789, "traffic_counters_1000m": 76, "traffic_data_quality": "high", "distance_to_arterial_m": null, "road_length_500m": null, "intersections_500m": null, "distance_to_transit_stop_m": 8.835957832489731, "transit_stop_count_500m": 26, "distance_to_destination_m": 285.78411994116749, "destination_count_1000m": 13, "capacity_log": 2.9957322735539909, "capacity_score": 0.16553396690235661, "facility_type_score": 1.0, "ttc_facility_score": 0.0, "parking_feasibility_score": 0.35759707848653177, "underserved_population_raw": 0.0, "underserved_population_score": 0.0, "apartment_score": 0.45367430849406515, "low_existing_supply_score": 0.65, "equity_score": 0.18146972339762607, "constraint_status": "eligible", "constraint_notes": "", "essential_data_missing": false, "population_score": 0.7650392871957562, "traffic_score": 0.66972322866753831, "coverage_distance_score": 0.010685595860417734, "arterial_access_score": 0.5, "transit_access_score": 0.99574285750289093, "intersection_access_score": 0.5, "demand_score": 0.66940567097054182, "coverage_score": 0.20247991710229241, "accessibility_score": 0.64872285725086731, "feasibility_score": 0.35759707848653177, "overall_score": 0.45297278612965153, "static_rank": 186, "non_coverage_score": 0.5364704091387712 }, "geometry": { "type": "Point", "coordinates": [ -79.354872531004787, 43.677051615107061 ] } },
{ "type": "Feature", "properties": { "id": "188", "address": "157 Beatrice Street", "lat": 43.654669, "lng": -79.416411, "carpark_type": "surface", "carpark_type_str": "Surface", "is_ttc": false, "is_under_construction": false, "capacity": 18, "max_height": 2.0, "bike_racks": "available", "rate_half_hour": 1.5, "monthly_permit_status": "not_available", "candidate_id": "green_p_188", "distance_to_nearest_charger_m": 219.48052475296515, "capacity_missing": false, "capacity_filled": 18, "existing_chargers_1000m": 4, "existing_chargers_2000m": 13, "baseline_coverage_score": 0.010047327955431931, "baseline_capacity_score": 0.15626749480992932, "baseline_score": 0.068535394697230884, "population_500m": 7576.7462580135289, "households_500m": 3450.8784157714472, "apartment_population_500m": 4469.1186968812208, "median_income_500m": 77771.842264995939, "apartment_share_500m": 0.58984668942218665, "population_1000m": 28528.207359427506, "households_1000m": 12890.5108736366, "apartment_population_1000m": 19058.547929919212, "median_income_1000m": 77608.223300912345, "apartment_share_1000m": 0.66805977991537113, "population_2000m": 137079.7923282765, "households_2000m": 68797.715033585308, "apartment_population_2000m": 105685.40980356945, "median_income_2000m": 75000.940334646861, "apartment_share_2000m": 0.77097731188909102, "distance_to_traffic_count_m": 71.912087917431919, "traffic_volume_weighted_1000m": 6293.4945125758613, "traffic_counters_1000m": 98, "traffic_data_quality": "high", "distance_to_arterial_m": null, "road_length_500m": null, "intersections_500m": null, "distance_to_transit_stop_m": 54.16914834706234, "transit_stop_count_500m": 10, "distance_to_destination_m": 84.136402670664793, "destination_count_1000m": 15, "capacity_log": 2.9444389791664403, "capacity_score": 0.15626749480992932, "facility_type_score": 1.0, "ttc_facility_score": 0.0, "parking_feasibility_score": 0.35157387162645404, "underserved_population_raw": 0.0, "underserved_population_score": 0.0, "apartment_score": 0.64637066565135015, "low_existing_supply_score": 0.35, "equity_score": 0.25854826626054006, "constraint_status": "eligible", "constraint_notes": "", "essential_data_missing": false, "population_score": 0.83028481044073166, "traffic_score": 0.65414484586437505, "coverage_distance_score": 0.010047327955431931, "arterial_access_score": 0.5, "transit_access_score": 0.93522948222642643, "intersection_access_score": 0.5, "demand_score": 0.73185299388113056, "coverage_score": 0.11203312956880235, "accessibility_score": 0.63056884466792795, "feasibility_score": 0.35157387162645404, "overall_score": 0.45226885686014745, "static_rank": 187, "non_coverage_score": 0.56568076595726247 }, "geometry": { "type": "Point", "coordinates": [ -79.416411, 43.654669 ] } },
{ "type": "Feature", "properties": { "id": "88", "address": "25 Ferrier Avenue", "lat": 43.679007, "lng": -79.348379, "carpark_type": "surface", "carpark_type_str": "Surface", "is_ttc": false, "is_under_construction": false, "capacity": 47, "max_height": 0.0, "bike_racks": "available", "rate_half_hour": 1.5, "monthly_permit_status": "not_available", "candidate_id": "green_p_88", "distance_to_nearest_charger_m": 246.96622986470777, "capacity_missing": false, "capacity_filled": 47, "existing_chargers_1000m": 5, "existing_chargers_2000m": 9, "baseline_coverage_score": 0.012495389597986349, "baseline_capacity_score": 0.32369317112869816, "baseline_score": 0.13697450221027108, "population_500m": 6251.1672872185254, "households_500m": 2639.5248373295499, "apartment_population_500m": 2750.9568144467125, "median_income_500m": 100183.80061089068, "apartment_share_500m": 0.44007090004957433, "population_1000m": 25903.116602071226, "households_1000m": 11157.946176912445, "apartment_population_1000m": 11807.040350167134, "median_income_1000m": 93902.920432326267, "apartment_share_1000m": 0.45581543454979612, "population_2000m": 86196.512547801816, "households_2000m": 37889.709409656039, "apartment_population_2000m": 44601.926857456223, "median_income_2000m": 87347.417739419194, "apartment_share_2000m": 0.51744468005850497, "distance_to_traffic_count_m": 103.11508708369919, "traffic_volume_weighted_1000m": 5832.0559280769039, "traffic_counters_1000m": 107, "traffic_data_quality": "high", "distance_to_arterial_m": null, "road_length_500m": null, "intersections_500m": null, "distance_to_transit_stop_m": 104.59716657844966, "transit_stop_count_500m": 18, "distance_to_destination_m": 77.845985842707208, "destination_count_1000m": 16, "capacity_log": 3.8712010109078911, "capacity_score": 0.32369317112869816, "facility_type_score": 1.0, "ttc_facility_score": 0.0, "parking_feasibility_score": 0.4604005612336538, "underserved_population_raw": 0.0, "underserved_population_score": 0.0, "apartment_score": 0.40614675801194861, "low_existing_supply_score": 0.55, "equity_score": 0.16245870320477945, "constraint_status": "eligible", "constraint_notes": "", "essential_data_missing": false, "population_score": 0.81467967213519976, "traffic_score": 0.63354564911202171, "coverage_distance_score": 0.012495389597986349, "arterial_access_score": 0.5, "transit_access_score": 0.86791523504800661, "intersection_access_score": 0.5, "demand_score": 0.66957618125243723, "coverage_score": 0.17374677271859046, "accessibility_score": 0.61037457051440203, "feasibility_score": 0.4604005612336538, "overall_score": 0.45169041616378514, "static_rank": 188, "non_coverage_score": 0.54433829731218342 }, "geometry": { "type": "Point", "coordinates": [ -79.348379, 43.679007 ] } },
{ "type": "Feature", "properties": { "id": "505", "address": "934 Royal York Road", "lat": 43.646766, "lng": -79.511318, "carpark_type": "surface", "carpark_type_str": "Surface", "is_ttc": false, "is_under_construction": false, "capacity": 11, "max_height": 0.0, "bike_racks": "available", "rate_half_hour": 1.5, "monthly_permit_status": "not_available", "candidate_id": "green_p_505", "distance_to_nearest_charger_m": 610.5671210361254, "capacity_missing": false, "capacity_filled": 11, "existing_chargers_1000m": 1, "existing_chargers_2000m": 1, "baseline_coverage_score": 0.044880128910898084, "baseline_capacity_score": 0.073249947261122675, "baseline_score": 0.056228056250987923, "population_500m": 2823.6807991424448, "households_500m": 1082.7287030614998, "apartment_population_500m": 459.70051207198804, "median_income_500m": 149630.29963081179, "apartment_share_500m": 0.16280186918138892, "population_1000m": 10971.321978221282, "households_1000m": 4300.4831828445467, "apartment_population_1000m": 2678.9178557806126, "median_income_1000m": 144528.07843818018, "apartment_share_1000m": 0.24417457268125226, "population_2000m": 51334.583581036655, "households_2000m": 22045.645791576568, "apartment_population_2000m": 25560.840844152372, "median_income_2000m": 106793.42042018438, "apartment_share_2000m": 0.49792633077079679, "distance_to_traffic_count_m": 66.412874409019366, "traffic_volume_weighted_1000m": 13823.360585901657, "traffic_counters_1000m": 42, "traffic_data_quality": "high", "distance_to_arterial_m": null, "road_length_500m": null, "intersections_500m": null, "distance_to_transit_stop_m": 22.646680088598877, "transit_stop_count_500m": 16, "distance_to_destination_m": 242.9763438628795, "destination_count_1000m": 9, "capacity_log": 2.4849066497880004, "capacity_score": 0.073249947261122675, "facility_type_score": 1.0, "ttc_facility_score": 0.0, "parking_feasibility_score": 0.29761246571972977, "underserved_population_raw": 0.0, "underserved_population_score": 0.0, "apartment_score": 0.16660588936519022, "low_existing_supply_score": 0.95, "equity_score": 0.06664235574607609, "constraint_status": "eligible", "constraint_notes": "", "essential_data_missing": false, "population_score": 0.67580359701565751, "traffic_score": 0.86701282728833617, "coverage_distance_score": 0.044880128910898084, "arterial_access_score": 0.5, "transit_access_score": 0.97730750342265471, "intersection_access_score": 0.5, "demand_score": 0.64088728608100154, "coverage_score": 0.31641609023762862, "accessibility_score": 0.64319225102679645, "feasibility_score": 0.29761246571972977, "overall_score": 0.45131476402163401, "static_rank": 189, "non_coverage_score": 0.49628098861630243 }, "geometry": { "type": "Point", "coordinates": [ -79.511318, 43.646766 ] } },
{ "type": "Feature", "properties": { "id": "48", "address": "85 Lee Avenue", "lat": 43.6704624, "lng": -79.2979613, "carpark_type": "surface", "carpark_type_str": "Surface", "is_ttc": false, "is_under_construction": false, "capacity": 68, "max_height": 2.67, "bike_racks": "available", "rate_half_hour": 1.5, "monthly_permit_status": "not_available", "candidate_id": "green_p_48", "distance_to_nearest_charger_m": 204.02174286120692, "capacity_missing": false, "capacity_filled": 68, "existing_chargers_1000m": 6, "existing_chargers_2000m": 14, "baseline_coverage_score": 0.0086704649338731309, "baseline_capacity_score": 0.38925444321336428, "baseline_score": 0.16090405624566961, "population_500m": 5050.2124692954785, "households_500m": 2257.1059038583376, "apartment_population_500m": 2744.321627691038, "median_income_500m": 98105.509301364858, "apartment_share_500m": 0.54340716244635145, "population_1000m": 18010.382328277174, "households_1000m": 8093.0516783907351, "apartment_population_1000m": 9920.1333747310709, "median_income_1000m": 95426.549107835133, "apartment_share_1000m": 0.55080082109950435, "population_2000m": 56509.157516634223, "households_2000m": 24560.599321785616, "apartment_population_2000m": 27955.683202834069, "median_income_2000m": 92615.975831587028, "apartment_share_2000m": 0.49471067047150619, "distance_to_traffic_count_m": 3.1742902754329401, "traffic_volume_weighted_1000m": 7100.99551493134, "traffic_counters_1000m": 51, "traffic_data_quality": "high", "distance_to_arterial_m": null, "road_length_500m": null, "intersections_500m": null, "distance_to_transit_stop_m": 103.07550242808651, "transit_stop_count_500m": 14, "distance_to_destination_m": 57.287654890146904, "destination_count_1000m": 9, "capacity_log": 4.2341065045972597, "capacity_score": 0.38925444321336428, "facility_type_score": 1.0, "ttc_facility_score": 0.0, "parking_feasibility_score": 0.50301538808868673, "underserved_population_raw": 0.0, "underserved_population_score": 0.0, "apartment_score": 0.51365379517851284, "low_existing_supply_score": 0.3, "equity_score": 0.20546151807140514, "constraint_status": "eligible", "constraint_notes": "", "essential_data_missing": false, "population_score": 0.7559302425108636, "traffic_score": 0.68680202076715047, "coverage_distance_score": 0.0086704649338731309, "arterial_access_score": 0.5, "transit_access_score": 0.86994644072160832, "intersection_access_score": 0.5, "demand_score": 0.68328007543409386, "coverage_score": 0.096069325453711205, "accessibility_score": 0.61098393221648251, "feasibility_score": 0.50301538808868673, "overall_score": 0.44719660045739601, "static_rank": 190, "non_coverage_score": 0.56423902545862425 }, "geometry": { "type": "Point", "coordinates": [ -79.2979613, 43.6704624 ] } },
{ "type": "Feature", "properties": { "id": "28", "address": "670 Pape Avenue", "lat": 43.678146, "lng": -79.344774, "carpark_type": "surface", "carpark_type_str": "Surface", "is_ttc": false, "is_under_construction": false, "capacity": 76, "max_height": 0.0, "bike_racks": "available", "rate_half_hour": 1.5, "monthly_permit_status": "not_available", "candidate_id": "green_p_28", "distance_to_nearest_charger_m": 481.34391920119242, "capacity_missing": false, "capacity_filled": 76, "existing_chargers_1000m": 5, "existing_chargers_2000m": 13, "baseline_coverage_score": 0.033370641981089785, "baseline_capacity_score": 0.40907227646941785, "baseline_score": 0.18365129577642103, "population_500m": 6696.560701021087, "households_500m": 2841.4251512014216, "apartment_population_500m": 2974.5111879212727, "median_income_500m": 87607.869771662372, "apartment_share_500m": 0.44418490636062202, "population_1000m": 26153.92091492796, "households_1000m": 10970.989185610551, "apartment_population_1000m": 11220.9550646221, "median_income_1000m": 95265.457572339685, "apartment_share_1000m": 0.42903529077422109, "population_2000m": 93193.128354327753, "households_2000m": 40727.904514645532, "apartment_population_2000m": 47852.922156550921, "median_income_2000m": 86255.848910753455, "apartment_share_2000m": 0.51348122980280553, "distance_to_traffic_count_m": 89.703994597311947, "traffic_volume_weighted_1000m": 5395.3001984400635, "traffic_counters_1000m": 94, "traffic_data_quality": "high", "distance_to_arterial_m": null, "road_length_500m": null, "intersections_500m": null, "distance_to_transit_stop_m": 64.169919139504472, "transit_stop_count_500m": 22, "distance_to_destination_m": 54.704536322243712, "destination_count_1000m": 15, "capacity_log": 4.3438054218536841, "capacity_score": 0.40907227646941785, "facility_type_score": 1.0, "ttc_facility_score": 0.0, "parking_feasibility_score": 0.51589697970512161, "underserved_population_raw": 0.0, "underserved_population_score": 0.0, "apartment_score": 0.37583626482150401, "low_existing_supply_score": 0.35, "equity_score": 0.15033450592860162, "constraint_status": "eligible", "constraint_notes": "", "essential_data_missing": false, "population_score": 0.81623740634260855, "traffic_score": 0.61248835066475904, "coverage_distance_score": 0.033370641981089785, "arterial_access_score": 0.5, "transit_access_score": 0.92187987261043391, "intersection_access_score": 0.5, "demand_score": 0.65684500855114036, "coverage_score": 0.12835944938676286, "accessibility_score": 0.62656396178313012, "feasibility_score": 0.51589697970512161, "overall_score": 0.44687415481728726, "static_rank": 191, "non_coverage_score": 0.5530457232941286 }, "geometry": { "type": "Point", "coordinates": [ -79.344774, 43.678146 ] } },
{ "type": "Feature", "properties": { "id": "20", "address": "101 Cedarvale Avenue", "lat": 43.686541, "lng": -79.310957, "carpark_type": "surface", "carpark_type_str": "Surface", "is_ttc": false, "is_under_construction": false, "capacity": 37, "max_height": 0.0, "bike_racks": "available", "rate_half_hour": 1.5, "monthly_permit_status": "not_available", "candidate_id": "green_p_20", "distance_to_nearest_charger_m": 252.40238397980784, "capacity_missing": false, "capacity_filled": 37, "existing_chargers_1000m": 4, "existing_chargers_2000m": 9, "baseline_coverage_score": 0.012979570022613886, "baseline_capacity_score": 0.28148910674371708, "baseline_score": 0.12038338471105517, "population_500m": 6519.9447670965601, "households_500m": 2737.661767449727, "apartment_population_500m": 2695.1202661450097, "median_income_500m": 92158.72370605453, "apartment_share_500m": 0.41336550575491943, "population_1000m": 25861.735307847091, "households_1000m": 10793.108580975595, "apartment_population_1000m": 10301.177870657466, "median_income_1000m": 90052.559410195085, "apartment_share_1000m": 0.39831734986212752, "population_2000m": 98689.069655900414, "households_2000m": 40905.20490300368, "apartment_population_2000m": 49793.209299658032, "median_income_2000m": 85055.427577228184, "apartment_share_2000m": 0.50454634412171706, "distance_to_traffic_count_m": 47.523613077746909, "traffic_volume_weighted_1000m": 6596.3024914684065, "traffic_counters_1000m": 75, "traffic_data_quality": "high", "distance_to_arterial_m": null, "road_length_500m": null, "intersections_500m": null, "distance_to_transit_stop_m": 103.19484234891753, "transit_stop_count_500m": 15, "distance_to_destination_m": 171.82398707543868, "destination_count_1000m": 22, "capacity_log": 3.6375861597263857, "capacity_score": 0.28148910674371708, "facility_type_score": 1.0, "ttc_facility_score": 0.0, "parking_feasibility_score": 0.43296791938341611, "underserved_population_raw": 0.0, "underserved_population_score": 0.0, "apartment_score": 0.34106886601128239, "low_existing_supply_score": 0.55, "equity_score": 0.13642754640451296, "constraint_status": "eligible", "constraint_notes": "", "essential_data_missing": false, "population_score": 0.8144212060661461, "traffic_score": 0.66685742011650961, "coverage_distance_score": 0.012979570022613886, "arterial_access_score": 0.5, "transit_access_score": 0.86978713886500525, "intersection_access_score": 0.5, "demand_score": 0.66810341297280063, "coverage_score": 0.17408569901582974, "accessibility_score": 0.61093614165950161, "feasibility_score": 0.43296791938341611, "overall_score": 0.44472761952566159, "static_rank": 192, "non_coverage_score": 0.53494159302893896 }, "geometry": { "type": "Point", "coordinates": [ -79.310957, 43.686541 ] } },
{ "type": "Feature", "properties": { "id": "200", "address": "1167 Eastern Avenue", "lat": 43.665986, "lng": -79.313049, "carpark_type": "surface", "carpark_type_str": "Surface", "is_ttc": false, "is_under_construction": false, "capacity": 66, "max_height": 2.1, "bike_racks": "available", "rate_half_hour": 1.0, "monthly_permit_status": "not_available", "candidate_id": "green_p_200", "distance_to_nearest_charger_m": 240.15330506137551, "capacity_missing": false, "capacity_filled": 66, "existing_chargers_1000m": 7, "existing_chargers_2000m": 13, "baseline_coverage_score": 0.011888584721893873, "baseline_capacity_score": 0.3839406307618845, "baseline_score": 0.16070940313789012, "population_500m": 3783.4043286341857, "households_500m": 1766.3605072331241, "apartment_population_500m": 2056.4636573765065, "median_income_500m": 87263.834381603578, "apartment_share_500m": 0.54354847612041846, "population_1000m": 15223.046004788728, "households_1000m": 6660.1008591438695, "apartment_population_1000m": 7611.0046097813438, "median_income_1000m": 92283.984290953289, "apartment_share_1000m": 0.49996594685368112, "population_2000m": 56774.96838742317, "households_2000m": 24394.388913331455, "apartment_population_2000m": 28737.43605391249, "median_income_2000m": 88843.679031097927, "apartment_share_2000m": 0.50616384068790476, "distance_to_traffic_count_m": 63.767400246139502, "traffic_volume_weighted_1000m": 7394.5074505793409, "traffic_counters_1000m": 54, "traffic_data_quality": "high", "distance_to_arterial_m": null, "road_length_500m": null, "intersections_500m": null, "distance_to_transit_stop_m": 92.55401945459424, "transit_stop_count_500m": 18, "distance_to_destination_m": 54.732601195386948, "destination_count_1000m": 15, "capacity_log": 4.2046926193909657, "capacity_score": 0.3839406307618845, "facility_type_score": 1.0, "ttc_facility_score": 0.0, "parking_feasibility_score": 0.49956140999522491, "underserved_population_raw": 0.0, "underserved_population_score": 0.0, "apartment_score": 0.45611750550890867, "low_existing_supply_score": 0.35, "equity_score": 0.18244700220356347, "constraint_status": "eligible", "constraint_notes": "", "essential_data_missing": false, "population_score": 0.72874954756445531, "traffic_score": 0.69775902092588327, "coverage_distance_score": 0.011888584721893873, "arterial_access_score": 0.5, "transit_access_score": 0.88399112719553297, "intersection_access_score": 0.5, "demand_score": 0.66337645482984575, "coverage_score": 0.11332200930532571, "accessibility_score": 0.61519733815865985, "feasibility_score": 0.49956140999522491, "overall_score": 0.44356181812665718, "static_rank": 193, "non_coverage_score": 0.55364175440043439 }, "geometry": { "type": "Point", "coordinates": [ -79.313049, 43.665986 ] } },
{ "type": "Feature", "properties": { "id": "527", "address": "2225 Lake shore Blvd West (Parks)", "lat": 43.613359, "lng": -79.479926, "carpark_type": "surface", "carpark_type_str": "Surface", "is_ttc": false, "is_under_construction": false, "capacity": 10, "max_height": null, "bike_racks": "available", "rate_half_hour": 1.0, "monthly_permit_status": "not_available", "candidate_id": "green_p_527", "distance_to_nearest_charger_m": 731.06034767021356, "capacity_missing": false, "capacity_filled": 10, "existing_chargers_1000m": 2, "existing_chargers_2000m": 2, "baseline_coverage_score": 0.055612065570747736, "baseline_capacity_score": 0.057530767859111646, "baseline_score": 0.0563795464860933, "population_500m": 758.33692503308976, "households_500m": 467.41483103062569, "apartment_population_500m": 713.72887061937865, "median_income_500m": 76000.0, "apartment_share_500m": 0.94117647058823539, "population_1000m": 9607.8165932081902, "households_1000m": 5113.1425028594822, "apartment_population_1000m": 8538.778169074405, "median_income_1000m": 66003.675930276484, "apartment_share_1000m": 0.88873242804306929, "population_2000m": 39206.505524869906, "households_2000m": 20949.98975177405, "apartment_population_2000m": 30734.576472643814, "median_income_2000m": 74658.064543009081, "apartment_share_2000m": 0.78391522175185735, "distance_to_traffic_count_m": 726.78047312235685, "traffic_volume_weighted_1000m": 6799.9286498302163, "traffic_counters_1000m": 17, "traffic_data_quality": "medium", "distance_to_arterial_m": null, "road_length_500m": null, "intersections_500m": null, "distance_to_transit_stop_m": 720.03473161327815, "transit_stop_count_500m": 0, "distance_to_destination_m": 207.60364002899922, "destination_count_1000m": 10, "capacity_log": 2.3978952727983707, "capacity_score": 0.057530767859111646, "facility_type_score": 1.0, "ttc_facility_score": 0.0, "parking_feasibility_score": 0.28739499910842259, "underserved_population_raw": 0.0, "underserved_population_score": 0.0, "apartment_score": 0.89613395499158266, "low_existing_supply_score": 0.9, "equity_score": 0.35845358199663307, "constraint_status": "eligible", "constraint_notes": "", "essential_data_missing": false, "population_score": 0.6543512314052029, "traffic_score": 0.67508210566724136, "coverage_distance_score": 0.055612065570747736, "arterial_access_score": 0.5, "transit_access_score": 0.046393433704365439, "intersection_access_score": 0.5, "demand_score": 0.7099635821141923, "coverage_score": 0.30892844589952345, "accessibility_score": 0.36391803011130963, "feasibility_score": 0.28739499910842259, "overall_score": 0.44195940019732716, "static_rank": 194, "non_coverage_score": 0.48630305162992843 }, "geometry": { "type": "Point", "coordinates": [ -79.479926, 43.613359 ] } },
{ "type": "Feature", "properties": { "id": "282", "address": "838 Broadview Ave.", "lat": 43.678499963983, "lng": -79.358872570604319, "carpark_type": "surface", "carpark_type_str": "Surface", "is_ttc": false, "is_under_construction": false, "capacity": 11, "max_height": null, "bike_racks": "available", "rate_half_hour": 1.0, "monthly_permit_status": "not_available", "candidate_id": "green_p_282", "distance_to_nearest_charger_m": 159.56085645950068, "capacity_missing": false, "capacity_filled": 11, "existing_chargers_1000m": 3, "existing_chargers_2000m": 8, "baseline_coverage_score": 0.0047104795468696998, "baseline_capacity_score": 0.073249947261122675, "baseline_score": 0.032126266632570892, "population_500m": 5102.0410890046724, "households_500m": 2626.8890827090636, "apartment_population_500m": 3467.2236515843674, "median_income_500m": 80903.136873741169, "apartment_share_500m": 0.67957579939066459, "population_1000m": 15110.310299061635, "households_1000m": 7048.2768059081063, "apartment_population_1000m": 8062.1284100283956, "median_income_1000m": 97948.278174416191, "apartment_share_1000m": 0.53355147912012513, "population_2000m": 95479.699102059763, "households_2000m": 44502.984913823115, "apartment_population_2000m": 62358.281982297449, "median_income_2000m": 82600.686125093096, "apartment_share_2000m": 0.65310513720452446, "distance_to_traffic_count_m": 38.125938353297087, "traffic_volume_weighted_1000m": 7939.4650009999941, "traffic_counters_1000m": 61, "traffic_data_quality": "high", "distance_to_arterial_m": null, "road_length_500m": null, "intersections_500m": null, "distance_to_transit_stop_m": 32.05803868728912, "transit_stop_count_500m": 22, "distance_to_destination_m": 144.71229428750254, "destination_count_1000m": 12, "capacity_log": 2.4849066497880004, "capacity_score": 0.073249947261122675, "facility_type_score": 1.0, "ttc_facility_score": 0.0, "parking_feasibility_score": 0.29761246571972977, "underserved_population_raw": 0.0, "underserved_population_score": 0.0, "apartment_score": 0.49413052200316571, "low_existing_supply_score": 0.6, "equity_score": 0.1976522088012663, "constraint_status": "eligible", "constraint_notes": "", "essential_data_missing": false, "population_score": 0.72754793207509971, "traffic_score": 0.71699587319962299, "coverage_distance_score": 0.0047104795468696998, "arterial_access_score": 0.5, "transit_access_score": 0.96474467543107867, "intersection_access_score": 0.5, "demand_score": 0.67717122945429598, "coverage_score": 0.18329733568280879, "accessibility_score": 0.63942340262932362, "feasibility_score": 0.29761246571972977, "overall_score": 0.44126747402094185, "static_rank": 195, "non_coverage_score": 0.52725752013365279 }, "geometry": { "type": "Point", "coordinates": [ -79.358872570604333, 43.678499963982993 ] } },
{ "type": "Feature", "properties": { "id": "90", "address": "17 Eaton Avenue", "lat": 43.680078, "lng": -79.343197, "carpark_type": "surface", "carpark_type_str": "Surface", "is_ttc": false, "is_under_construction": false, "capacity": 30, "max_height": null, "bike_racks": "available", "rate_half_hour": 1.5, "monthly_permit_status": "not_available", "candidate_id": "green_p_90", "distance_to_nearest_charger_m": 471.52652415530605, "capacity_missing": false, "capacity_filled": 30, "existing_chargers_1000m": 4, "existing_chargers_2000m": 10, "baseline_coverage_score": 0.032496238790633868, "baseline_capacity_score": 0.2447076120217051, "baseline_score": 0.11738078808306236, "population_500m": 6842.3260741126069, "households_500m": 2944.7570983080936, "apartment_population_500m": 3238.661086605397, "median_income_500m": 87130.382934759662, "apartment_share_500m": 0.47332749879585717, "population_1000m": 25830.076346100992, "households_1000m": 10749.027679361136, "apartment_population_1000m": 10681.956826756485, "median_income_1000m": 92646.785814693358, "apartment_share_1000m": 0.41354724173584989, "population_2000m": 91066.604037590398, "households_2000m": 39349.895793599164, "apartment_population_2000m": 45074.79685037431, "median_income_2000m": 87080.563191315596, "apartment_share_2000m": 0.4949651667231203, "distance_to_traffic_count_m": 86.585958020357765, "traffic_volume_weighted_1000m": 5637.0097634538097, "traffic_counters_1000m": 97, "traffic_data_quality": "high", "distance_to_arterial_m": null, "road_length_500m": null, "intersections_500m": null, "distance_to_transit_stop_m": 73.170032425573865, "transit_stop_count_500m": 26, "distance_to_destination_m": 143.11091033748414, "destination_count_1000m": 14, "capacity_log": 3.4339872044851463, "capacity_score": 0.2447076120217051, "facility_type_score": 1.0, "ttc_facility_score": 0.0, "parking_feasibility_score": 0.40905994781410832, "underserved_population_raw": 0.0, "underserved_population_score": 0.0, "apartment_score": 0.35830647077540234, "low_existing_supply_score": 0.5, "equity_score": 0.14332258831016095, "constraint_status": "eligible", "constraint_notes": "", "essential_data_missing": false, "population_score": 0.81422318595621035, "traffic_score": 0.62434379663686568, "coverage_distance_score": 0.032496238790633868, "arterial_access_score": 0.5, "transit_access_score": 0.9098659987438783, "intersection_access_score": 0.5, "demand_score": 0.65658205665827818, "coverage_score": 0.17274736715344369, "accessibility_score": 0.6229597996231635, "feasibility_score": 0.40905994781410832, "overall_score": 0.4404446697136094, "static_rank": 196, "non_coverage_score": 0.52967710390033129 }, "geometry": { "type": "Point", "coordinates": [ -79.343197, 43.680078 ] } },
{ "type": "Feature", "properties": { "id": "156", "address": "18 Ferrier Avenue", "lat": 43.678945, "lng": -79.348798, "carpark_type": "surface", "carpark_type_str": "Surface", "is_ttc": false, "is_under_construction": false, "capacity": 23, "max_height": 0.0, "bike_racks": "available", "rate_half_hour": 1.5, "monthly_permit_status": "not_available", "candidate_id": "green_p_156", "distance_to_nearest_charger_m": 212.52334457535673, "capacity_missing": false, "capacity_filled": 23, "existing_chargers_1000m": 5, "existing_chargers_2000m": 9, "baseline_coverage_score": 0.0094276747260932121, "baseline_capacity_score": 0.19847155919491041, "baseline_score": 0.085045228513620105, "population_500m": 6210.9353326221481, "households_500m": 2617.3556245734912, "apartment_population_500m": 2749.7664858553208, "median_income_500m": 101352.75071629621, "apartment_share_500m": 0.44272985284720673, "population_1000m": 25816.938116130448, "households_1000m": 11194.703582995196, "apartment_population_1000m": 11941.739112196603, "median_income_1000m": 93633.044141093123, "apartment_share_1000m": 0.46255443067957747, "population_2000m": 85988.29011758283, "households_2000m": 37859.448087581957, "apartment_population_2000m": 44727.906063666378, "median_income_2000m": 87293.467938705144, "apartment_share_2000m": 0.5201627570742966, "distance_to_traffic_count_m": 124.63643028252599, "traffic_volume_weighted_1000m": 6108.61874155021, "traffic_counters_1000m": 108, "traffic_data_quality": "high", "distance_to_arterial_m": null, "road_length_500m": null, "intersections_500m": null, "distance_to_transit_stop_m": 127.18965928726408, "transit_stop_count_500m": 18, "distance_to_destination_m": 43.376184598607075, "destination_count_1000m": 15, "capacity_log": 3.1780538303479458, "capacity_score": 0.19847155919491041, "facility_type_score": 1.0, "ttc_facility_score": 0.0, "parking_feasibility_score": 0.37900651347669179, "underserved_population_raw": 0.0, "underserved_population_score": 0.0, "apartment_score": 0.41377413664045576, "low_existing_supply_score": 0.55, "equity_score": 0.16550965465618231, "constraint_status": "eligible", "constraint_notes": "", "essential_data_missing": false, "population_score": 0.8141409378397878, "traffic_score": 0.64607906912693291, "coverage_distance_score": 0.0094276747260932121, "arterial_access_score": 0.5, "transit_access_score": 0.83775746379473903, "intersection_access_score": 0.5, "demand_score": 0.67524592355042212, "coverage_score": 0.17159937230826525, "accessibility_score": 0.60132723913842168, "feasibility_score": 0.37900651347669179, "overall_score": 0.43914101045699933, "static_rank": 197, "non_coverage_score": 0.52832155650657731 }, "geometry": { "type": "Point", "coordinates": [ -79.348798, 43.678945 ] } },
{ "type": "Feature", "properties": { "id": "303", "address": "136 Wineva Ave.", "lat": 43.671253953447042, "lng": -79.295957815344252, "carpark_type": "surface", "carpark_type_str": "Surface", "is_ttc": false, "is_under_construction": false, "capacity": 28, "max_height": null, "bike_racks": "not available", "rate_half_hour": 1.25, "monthly_permit_status": "not_available", "candidate_id": "green_p_303", "distance_to_nearest_charger_m": 120.48727316996761, "capacity_missing": false, "capacity_filled": 28, "existing_chargers_1000m": 5, "existing_chargers_2000m": 13, "baseline_coverage_score": 0.0012303235858208774, "baseline_capacity_score": 0.23265937515221763, "baseline_score": 0.093801944212379584, "population_500m": 5030.8835887640917, "households_500m": 2283.1576410196872, "apartment_population_500m": 2812.6433058948883, "median_income_500m": 96697.045302551182, "apartment_share_500m": 0.5590754101678298, "population_1000m": 17705.119275330595, "households_1000m": 7982.5899606129015, "apartment_population_1000m": 9712.9520394461542, "median_income_1000m": 94614.601957323772, "apartment_share_1000m": 0.54859568514625501, "population_2000m": 55804.816599952428, "households_2000m": 24283.139375460483, "apartment_population_2000m": 27729.763240538574, "median_income_2000m": 92754.171638741856, "apartment_share_2000m": 0.49690626956674228, "distance_to_traffic_count_m": 36.119937618889516, "traffic_volume_weighted_1000m": 6685.5125100213663, "traffic_counters_1000m": 45, "traffic_data_quality": "high", "distance_to_arterial_m": null, "road_length_500m": null, "intersections_500m": null, "distance_to_transit_stop_m": 18.197422475107228, "transit_stop_count_500m": 12, "distance_to_destination_m": 239.81412172833271, "destination_count_1000m": 8, "capacity_log": 3.3672958299864741, "capacity_score": 0.23265937515221763, "facility_type_score": 1.0, "ttc_facility_score": 0.0, "parking_feasibility_score": 0.40122859384894149, "underserved_population_raw": 0.0, "underserved_population_score": 0.0, "apartment_score": 0.51115796248787848, "low_existing_supply_score": 0.35, "equity_score": 0.2044631849951514, "constraint_status": "eligible", "constraint_notes": "", "essential_data_missing": false, "population_score": 0.75316677173624114, "traffic_score": 0.67049152200922635, "coverage_distance_score": 0.0012303235858208774, "arterial_access_score": 0.5, "transit_access_score": 0.98324663086131003, "intersection_access_score": 0.5, "demand_score": 0.67582867248211342, "coverage_score": 0.10586122651007461, "accessibility_score": 0.644973989258393, "feasibility_score": 0.40122859384894149, "overall_score": 0.43883931380068764, "static_rank": 198, "non_coverage_score": 0.54983200956422518 }, "geometry": { "type": "Point", "coordinates": [ -79.295957815344252, 43.671253953447042 ] } },
{ "type": "Feature", "properties": { "id": "149", "address": "12 Woodycrest Avenue", "lat": 43.68035, "lng": -79.342339, "carpark_type": "surface", "carpark_type_str": "Surface", "is_ttc": false, "is_under_construction": false, "capacity": 35, "max_height": null, "bike_racks": "available", "rate_half_hour": 1.5, "monthly_permit_status": "not_available", "candidate_id": "green_p_149", "distance_to_nearest_charger_m": 447.75185440142167, "capacity_missing": false, "capacity_filled": 35, "existing_chargers_1000m": 4, "existing_chargers_2000m": 11, "baseline_coverage_score": 0.030378706900792789, "baseline_capacity_score": 0.27172150645603299, "baseline_score": 0.12691582672288887, "population_500m": 6792.2647093350297, "households_500m": 2946.4882727132781, "apartment_population_500m": 3324.1596289050035, "median_income_500m": 85865.521613290359, "apartment_share_500m": 0.48940372190388948, "population_1000m": 25788.675335674732, "households_1000m": 10744.504020689197, "apartment_population_1000m": 10813.005181156632, "median_income_1000m": 91352.362720102581, "apartment_share_1000m": 0.41929277252168412, "population_2000m": 92138.020417709617, "households_2000m": 39729.289951666324, "apartment_population_2000m": 45347.80523986421, "median_income_2000m": 87078.717802291387, "apartment_share_2000m": 0.49217255845392599, "distance_to_traffic_count_m": 97.978370843874572, "traffic_volume_weighted_1000m": 5723.2314292958799, "traffic_counters_1000m": 94, "traffic_data_quality": "high", "distance_to_arterial_m": null, "road_length_500m": null, "intersections_500m": null, "distance_to_transit_stop_m": 95.878831825418814, "transit_stop_count_500m": 28, "distance_to_destination_m": 68.543607598564606, "destination_count_1000m": 14, "capacity_log": 3.5835189384561099, "capacity_score": 0.27172150645603299, "facility_type_score": 1.0, "ttc_facility_score": 0.0, "parking_feasibility_score": 0.42661897919642144, "underserved_population_raw": 0.0, "underserved_population_score": 0.0, "apartment_score": 0.36480941837788511, "low_existing_supply_score": 0.45, "equity_score": 0.14592376735115406, "constraint_status": "eligible", "constraint_notes": "", "essential_data_missing": false, "population_score": 0.81396386486499239, "traffic_score": 0.62845018954780918, "coverage_distance_score": 0.030378706900792789, "arterial_access_score": 0.5, "transit_access_score": 0.87955297456529036, "intersection_access_score": 0.5, "demand_score": 0.65920318920655674, "coverage_score": 0.15626509483055492, "accessibility_score": 0.61386589236958711, "feasibility_score": 0.42661897919642144, "overall_score": 0.43818563255810183, "static_rank": 199, "non_coverage_score": 0.53215914513395068 }, "geometry": { "type": "Point", "coordinates": [ -79.342339, 43.68035 ] } },
{ "type": "Feature", "properties": { "id": "137", "address": "77 Gough Avenue", "lat": 43.679481, "lng": -79.346287, "carpark_type": "surface", "carpark_type_str": "Surface", "is_ttc": false, "is_under_construction": false, "capacity": 17, "max_height": 0.0, "bike_racks": "available", "rate_half_hour": 1.5, "monthly_permit_status": "not_available", "candidate_id": "green_p_137", "distance_to_nearest_charger_m": 423.46522739042018, "capacity_missing": false, "capacity_filled": 17, "existing_chargers_1000m": 6, "existing_chargers_2000m": 10, "baseline_coverage_score": 0.028215576656509627, "baseline_capacity_score": 0.14649989452224529, "baseline_score": 0.075529303802803899, "population_500m": 6478.9782601120187, "households_500m": 2765.3224397024028, "apartment_population_500m": 2826.9389826527613, "median_income_500m": 94960.459868513441, "apartment_share_500m": 0.43632481375294579, "population_1000m": 26312.254837672015, "households_1000m": 11100.501356468094, "apartment_population_1000m": 11272.453258313899, "median_income_1000m": 94581.582415331533, "apartment_share_1000m": 0.42841076630858721, "population_2000m": 87304.391002244069, "households_2000m": 38053.43052784566, "apartment_population_2000m": 44217.840895761961, "median_income_2000m": 87397.387675216669, "apartment_share_2000m": 0.50647900281012659, "distance_to_traffic_count_m": 90.153894731690045, "traffic_volume_weighted_1000m": 5450.9186074472718, "traffic_counters_1000m": 105, "traffic_data_quality": "high", "distance_to_arterial_m": null, "road_length_500m": null, "intersections_500m": null, "distance_to_transit_stop_m": 44.421408055073336, "transit_stop_count_500m": 18, "distance_to_destination_m": 59.463376595134974, "destination_count_1000m": 14, "capacity_log": 2.8903717578961645, "capacity_score": 0.14649989452224529, "facility_type_score": 1.0, "ttc_facility_score": 0.0, "parking_feasibility_score": 0.34522493143945943, "underserved_population_raw": 0.0, "underserved_population_score": 0.0, "apartment_score": 0.37512941108981768, "low_existing_supply_score": 0.5, "equity_score": 0.15005176443592708, "constraint_status": "eligible", "constraint_notes": "", "essential_data_missing": false, "population_score": 0.81721313813597918, "traffic_score": 0.61526271626122053, "coverage_distance_score": 0.028215576656509627, "arterial_access_score": 0.5, "transit_access_score": 0.94824133203649053, "intersection_access_score": 0.5, "demand_score": 0.6581137450705814, "coverage_score": 0.16975090365955672, "accessibility_score": 0.63447239961094715, "feasibility_score": 0.34522493143945943, "overall_score": 0.4335552455177647, "static_rank": 200, "non_coverage_score": 0.52149002613716733 }, "geometry": { "type": "Point", "coordinates": [ -79.346287, 43.679481 ] } },
{ "type": "Feature", "properties": { "id": "21", "address": "72 Amroth Avenue", "lat": 43.685377, "lng": -79.311708, "carpark_type": "surface", "carpark_type_str": "Surface", "is_ttc": false, "is_under_construction": false, "capacity": 54, "max_height": 0.0, "bike_racks": "available", "rate_half_hour": 1.5, "monthly_permit_status": "not_available", "candidate_id": "green_p_21", "distance_to_nearest_charger_m": 214.139699288353, "capacity_missing": false, "capacity_filled": 54, "existing_chargers_1000m": 4, "existing_chargers_2000m": 15, "baseline_coverage_score": 0.0095716381411688426, "baseline_capacity_score": 0.34828634669525599, "baseline_score": 0.14505752156280369, "population_500m": 6481.4595801184778, "households_500m": 2724.1859959176895, "apartment_population_500m": 2786.270618216618, "median_income_500m": 90770.151840341874, "apartment_share_500m": 0.42988320512918887, "population_1000m": 25651.669411435345, "households_1000m": 10694.74315809327, "apartment_population_1000m": 10233.7034864324, "median_income_1000m": 90911.886354123562, "apartment_share_1000m": 0.39894882950075294, "population_2000m": 98218.092044021367, "households_2000m": 40927.515959099394, "apartment_population_2000m": 48202.765663599901, "median_income_2000m": 86109.112618676329, "apartment_share_2000m": 0.49077277577328027, "distance_to_traffic_count_m": 92.859883886458377, "traffic_volume_weighted_1000m": 6968.3671079581209, "traffic_counters_1000m": 75, "traffic_data_quality": "high", "distance_to_arterial_m": null, "road_length_500m": null, "intersections_500m": null, "distance_to_transit_stop_m": 88.921153338039417, "transit_stop_count_500m": 18, "distance_to_destination_m": 206.02380762074296, "destination_count_1000m": 18, "capacity_log": 4.0073331852324712, "capacity_score": 0.34828634669525599, "facility_type_score": 1.0, "ttc_facility_score": 0.0, "parking_feasibility_score": 0.47638612535191638, "underserved_population_raw": 0.0, "underserved_population_score": 0.0, "apartment_score": 0.34178359179643358, "low_existing_supply_score": 0.25, "equity_score": 0.13671343671857344, "constraint_status": "eligible", "constraint_notes": "", "essential_data_missing": false, "population_score": 0.81310273084048323, "traffic_score": 0.68170151762844378, "coverage_distance_score": 0.0095716381411688426, "arterial_access_score": 0.5, "transit_access_score": 0.88884048785479575, "intersection_access_score": 0.5, "demand_score": 0.67284847840745943, "coverage_score": 0.081700146698818185, "accessibility_score": 0.61665214635643872, "feasibility_score": 0.47638612535191638, "overall_score": 0.43073927194287492, "static_rank": 201, "non_coverage_score": 0.54708564702422713 }, "geometry": { "type": "Point", "coordinates": [ -79.311708, 43.685377 ] } },
{ "type": "Feature", "properties": { "id": "186", "address": "118 Sarah Ashbridge Ave", "lat": 43.667445, "lng": -79.309487, "carpark_type": "surface", "carpark_type_str": "Surface", "is_ttc": false, "is_under_construction": false, "capacity": 24, "max_height": 0.0, "bike_racks": "available", "rate_half_hour": 1.0, "monthly_permit_status": "not_available", "candidate_id": "green_p_186", "distance_to_nearest_charger_m": 125.36316486958707, "capacity_missing": false, "capacity_filled": 24, "existing_chargers_1000m": 7, "existing_chargers_2000m": 13, "baseline_coverage_score": 0.0016646032739191202, "baseline_capacity_score": 0.20584632187092547, "baseline_score": 0.083337290712721668, "population_500m": 5823.7263085081659, "households_500m": 2642.2322200219942, "apartment_population_500m": 3287.9187245921057, "median_income_500m": 96107.313551135914, "apartment_share_500m": 0.56457301569763418, "population_1000m": 16242.362858061364, "households_1000m": 7106.1707894562524, "apartment_population_1000m": 8233.1178753343138, "median_income_1000m": 95070.427569903492, "apartment_share_1000m": 0.50689163561249195, "population_2000m": 57609.153840284525, "households_2000m": 24812.381130905178, "apartment_population_2000m": 29043.550939082852, "median_income_2000m": 89168.117026102977, "apartment_share_2000m": 0.50414819526082821, "distance_to_traffic_count_m": 65.017431900819858, "traffic_volume_weighted_1000m": 7162.5907483513602, "traffic_counters_1000m": 61, "traffic_data_quality": "high", "distance_to_arterial_m": null, "road_length_500m": null, "intersections_500m": null, "distance_to_transit_stop_m": 51.885746166411501, "transit_stop_count_500m": 20, "distance_to_destination_m": 278.53799060695832, "destination_count_1000m": 17, "capacity_log": 3.2188758248682006, "capacity_score": 0.20584632187092547, "facility_type_score": 1.0, "ttc_facility_score": 0.0, "parking_feasibility_score": 0.38380010921610153, "underserved_population_raw": 0.0, "underserved_population_score": 0.0, "apartment_score": 0.46395618791936433, "low_existing_supply_score": 0.35, "equity_score": 0.18558247516774573, "constraint_status": "eligible", "constraint_notes": "", "essential_data_missing": false, "population_score": 0.73922689444310563, "traffic_score": 0.6891384893180188, "coverage_distance_score": 0.0016646032739191202, "arterial_access_score": 0.5, "transit_access_score": 0.93827750005831501, "intersection_access_score": 0.5, "demand_score": 0.6666418113445769, "coverage_score": 0.10616522229174338, "accessibility_score": 0.6314832500174945, "feasibility_score": 0.38380010921610153, "overall_score": 0.42895876287899759, "static_rank": 202, "non_coverage_score": 0.53655660974141561 }, "geometry": { "type": "Point", "coordinates": [ -79.309487, 43.667445 ] } },
{ "type": "Feature", "properties": { "id": "194", "address": "20 Ashbridges Bay Park Road (Parks)", "lat": 43.660056, "lng": -79.311365, "carpark_type": "surface", "carpark_type_str": "Surface", "is_ttc": false, "is_under_construction": false, "capacity": 270, "max_height": null, "bike_racks": "available", "rate_half_hour": 1.0, "monthly_permit_status": "not_available", "candidate_id": "green_p_194", "distance_to_nearest_charger_m": 839.02515459828555, "capacity_missing": false, "capacity_filled": 270, "existing_chargers_1000m": 4, "existing_chargers_2000m": 12, "baseline_coverage_score": 0.065228136961744662, "baseline_capacity_score": 0.63639489504608582, "baseline_score": 0.29369484019548114, "population_500m": 149.33650039827731, "households_500m": 68.359452235112755, "apartment_population_500m": 84.329207542722301, "median_income_500m": 106565.8878437384, "apartment_share_500m": 0.56469253878199954, "population_1000m": 4467.6564111212174, "households_1000m": 2036.0731738315733, "apartment_population_1000m": 2303.5583807794296, "median_income_1000m": 95692.153282062704, "apartment_share_1000m": 0.51560777481572739, "population_2000m": 36202.228958682659, "households_2000m": 15503.119042286451, "apartment_population_2000m": 18432.642570701293, "median_income_2000m": 90314.084133526136, "apartment_share_2000m": 0.50915767069862838, "distance_to_traffic_count_m": 372.91204840273059, "traffic_volume_weighted_1000m": 6962.7965988639744, "traffic_counters_1000m": 21, "traffic_data_quality": "medium", "distance_to_arterial_m": null, "road_length_500m": null, "intersections_500m": null, "distance_to_transit_stop_m": 412.86596718198558, "transit_stop_count_500m": 1, "distance_to_destination_m": 213.93794354343862, "destination_count_1000m": 8, "capacity_log": 5.602118820879701, "capacity_score": 0.63639489504608582, "facility_type_score": 1.0, "ttc_facility_score": 0.0, "parking_feasibility_score": 0.66365668177995585, "underserved_population_raw": 0.0, "underserved_population_score": 0.0, "apartment_score": 0.47382135071238829, "low_existing_supply_score": 0.4, "equity_score": 0.18952854028495533, "constraint_status": "eligible", "constraint_notes": "", "essential_data_missing": false, "population_score": 0.53058013086537081, "traffic_score": 0.68148517359083083, "coverage_distance_score": 0.065228136961744662, "arterial_access_score": 0.5, "transit_access_score": 0.45642013829431916, "intersection_access_score": 0.5, "demand_score": 0.57204513978868532, "coverage_score": 0.16565969587322127, "accessibility_score": 0.48692604148829577, "feasibility_score": 0.66365668177995585, "overall_score": 0.42891503049805896, "static_rank": 203, "non_coverage_score": 0.51666680870633819 }, "geometry": { "type": "Point", "coordinates": [ -79.311365, 43.660056 ] } },
{ "type": "Feature", "properties": { "id": "600", "address": "550 Mortimer Avenue", "lat": 43.6905916, "lng": -79.3275032, "carpark_type": "surface", "carpark_type_str": "Surface", "is_ttc": false, "is_under_construction": false, "capacity": 20, "max_height": 0.0, "bike_racks": "available", "rate_half_hour": 2.0, "monthly_permit_status": "not_available", "candidate_id": "green_p_600", "distance_to_nearest_charger_m": 845.55249670659748, "capacity_missing": false, "capacity_filled": 20, "existing_chargers_1000m": 1, "existing_chargers_2000m": 8, "baseline_coverage_score": 0.065809505923473136, "baseline_capacity_score": 0.17434823200385341, "baseline_score": 0.10922499635562524, "population_500m": 4684.9249031804065, "households_500m": 1809.5896364713067, "apartment_population_500m": 861.41228644882278, "median_income_500m": 101673.63271876493, "apartment_share_500m": 0.18386896359086669, "population_1000m": 20641.700439449436, "households_1000m": 8062.2376770225719, "apartment_population_1000m": 5471.2006180926173, "median_income_1000m": 98989.305559386659, "apartment_share_1000m": 0.26505571254373594, "population_2000m": 89877.451722660495, "households_2000m": 35832.451018460044, "apartment_population_2000m": 44061.044911526034, "median_income_2000m": 84286.66201204648, "apartment_share_2000m": 0.49023469253987623, "distance_to_traffic_count_m": 76.982052419897471, "traffic_volume_weighted_1000m": 5751.0874104506966, "traffic_counters_1000m": 106, "traffic_data_quality": "high", "distance_to_arterial_m": null, "road_length_500m": null, "intersections_500m": null, "distance_to_transit_stop_m": 36.218243909184686, "transit_stop_count_500m": 25, "distance_to_destination_m": 80.573821367552668, "destination_count_1000m": 10, "capacity_log": 3.044522437723423, "capacity_score": 0.17434823200385341, "facility_type_score": 1.0, "ttc_facility_score": 0.0, "parking_feasibility_score": 0.36332635080250475, "underserved_population_raw": 0.0, "underserved_population_score": 0.0, "apartment_score": 0.19023972990445531, "low_existing_supply_score": 0.6, "equity_score": 0.076095891961782125, "constraint_status": "eligible", "constraint_notes": "", "essential_data_missing": false, "population_score": 0.77797479590534946, "traffic_score": 0.62976364838588694, "coverage_distance_score": 0.065809505923473136, "arterial_access_score": 0.5, "transit_access_score": 0.9591913919105034, "intersection_access_score": 0.5, "demand_score": 0.60855388107335884, "coverage_score": 0.22606665414643118, "accessibility_score": 0.63775741757315096, "feasibility_score": 0.36332635080250475, "overall_score": 0.4287428531897996, "static_rank": 204, "non_coverage_score": 0.49630158620425568 }, "geometry": { "type": "Point", "coordinates": [ -79.327503200000024, 43.690591600000012 ] } },
{ "type": "Feature", "properties": { "id": "173", "address": "737 Rhodes Avenue", "lat": 43.682926, "lng": -79.324476, "carpark_type": "surface", "carpark_type_str": "Surface", "is_ttc": false, "is_under_construction": false, "capacity": 24, "max_height": null, "bike_racks": "available", "rate_half_hour": 1.5, "monthly_permit_status": "not_available", "candidate_id": "green_p_173", "distance_to_nearest_charger_m": 163.52569733366482, "capacity_missing": false, "capacity_filled": 24, "existing_chargers_1000m": 5, "existing_chargers_2000m": 12, "baseline_coverage_score": 0.00506361492482027, "baseline_capacity_score": 0.20584632187092547, "baseline_score": 0.085376697703262353, "population_500m": 6726.9525293750121, "households_500m": 2750.0078751570068, "apartment_population_500m": 2997.859039576661, "median_income_500m": 91361.733019116276, "apartment_share_500m": 0.44564890661643869, "population_1000m": 24298.517104330876, "households_1000m": 9990.0323939788541, "apartment_population_1000m": 10008.259359156258, "median_income_1000m": 91615.077642042641, "apartment_share_1000m": 0.41188766031209467, "population_2000m": 95276.981915665776, "households_2000m": 39802.850729819998, "apartment_population_2000m": 40859.218714381685, "median_income_2000m": 87693.925523462734, "apartment_share_2000m": 0.42884669405825782, "distance_to_traffic_count_m": 31.711404725417523, "traffic_volume_weighted_1000m": 6356.932363068142, "traffic_counters_1000m": 72, "traffic_data_quality": "high", "distance_to_arterial_m": null, "road_length_500m": null, "intersections_500m": null, "distance_to_transit_stop_m": 68.260072455607968, "transit_stop_count_500m": 24, "distance_to_destination_m": 36.769902982699797, "destination_count_1000m": 17, "capacity_log": 3.2188758248682006, "capacity_score": 0.20584632187092547, "facility_type_score": 1.0, "ttc_facility_score": 0.0, "parking_feasibility_score": 0.38380010921610153, "underserved_population_raw": 0.0, "underserved_population_score": 0.0, "apartment_score": 0.35642811150051301, "low_existing_supply_score": 0.4, "equity_score": 0.1425712446002052, "constraint_status": "eligible", "constraint_notes": "", "essential_data_missing": false, "population_score": 0.80434181367218882, "traffic_score": 0.65685802221045031, "coverage_distance_score": 0.00506361492482027, "arterial_access_score": 0.5, "transit_access_score": 0.91642009844174654, "intersection_access_score": 0.5, "demand_score": 0.66313974622624516, "coverage_score": 0.12354453044737418, "accessibility_score": 0.62492602953252396, "feasibility_score": 0.38380010921610153, "overall_score": 0.42664040322865765, "static_rank": 205, "non_coverage_score": 0.52767236082241875 }, "geometry": { "type": "Point", "coordinates": [ -79.324476, 43.682926 ] } },
{ "type": "Feature", "properties": { "id": "142", "address": "31 Langford Avenue", "lat": 43.680613, "lng": -79.340751, "carpark_type": "surface", "carpark_type_str": "Surface", "is_ttc": false, "is_under_construction": false, "capacity": 27, "max_height": 0.0, "bike_racks": "available", "rate_half_hour": 1.5, "monthly_permit_status": "not_available", "candidate_id": "green_p_142", "distance_to_nearest_charger_m": 410.88884299600323, "capacity_missing": false, "capacity_filled": 27, "existing_chargers_1000m": 4, "existing_chargers_2000m": 13, "baseline_coverage_score": 0.02709543933011305, "baseline_capacity_score": 0.22631989667651847, "baseline_score": 0.10678522226867522, "population_500m": 6613.5893969876215, "households_500m": 2884.7137236622557, "apartment_population_500m": 3380.3772015253526, "median_income_500m": 84642.217852061745, "apartment_share_500m": 0.51112595575786079, "population_1000m": 25595.84746684022, "households_1000m": 10655.899307053347, "apartment_population_1000m": 10818.058021089022, "median_income_1000m": 90011.873746759898, "apartment_share_1000m": 0.42264894862746655, "population_2000m": 94437.556786046189, "households_2000m": 40595.473690261206, "apartment_population_2000m": 46134.568079617966, "median_income_2000m": 87054.604593530996, "apartment_share_2000m": 0.48851928882635676, "distance_to_traffic_count_m": 94.139672409850391, "traffic_volume_weighted_1000m": 5856.5010819745339, "traffic_counters_1000m": 92, "traffic_data_quality": "high", "distance_to_arterial_m": null, "road_length_500m": null, "intersections_500m": null, "distance_to_transit_stop_m": 95.279456952859519, "transit_stop_count_500m": 28, "distance_to_destination_m": 60.480894421739265, "destination_count_1000m": 15, "capacity_log": 3.3322045101752038, "capacity_score": 0.22631989667651847, "facility_type_score": 1.0, "ttc_facility_score": 0.0, "parking_feasibility_score": 0.397107932839737, "underserved_population_raw": 0.0, "underserved_population_score": 0.0, "apartment_score": 0.36860802953743504, "low_existing_supply_score": 0.35, "equity_score": 0.14744321181497402, "constraint_status": "eligible", "constraint_notes": "", "essential_data_missing": false, "population_score": 0.81275054938138136, "traffic_score": 0.63467715798627256, "coverage_distance_score": 0.02709543933011305, "arterial_access_score": 0.5, "transit_access_score": 0.88035305495192906, "intersection_access_score": 0.5, "demand_score": 0.66159635842430398, "coverage_score": 0.12396680753107914, "accessibility_score": 0.61410591648557866, "feasibility_score": 0.397107932839737, "overall_score": 0.4266023038146346, "static_rank": 206, "non_coverage_score": 0.52748080257581986 }, "geometry": { "type": "Point", "coordinates": [ -79.340751, 43.680613 ] } },
{ "type": "Feature", "properties": { "id": "174", "address": "151 Hiawatha Road", "lat": 43.672598, "lng": -79.322941, "carpark_type": "surface", "carpark_type_str": "Surface", "is_ttc": false, "is_under_construction": false, "capacity": 50, "max_height": 0.0, "bike_racks": "available", "rate_half_hour": 1.0, "monthly_permit_status": "not_available", "candidate_id": "green_p_174", "distance_to_nearest_charger_m": 325.63099412619147, "capacity_missing": false, "capacity_filled": 50, "existing_chargers_1000m": 6, "existing_chargers_2000m": 19, "baseline_coverage_score": 0.019501802248715477, "baseline_capacity_score": 0.33464540909437457, "baseline_score": 0.14555924498697911, "population_500m": 7097.3297887230819, "households_500m": 2924.125902540924, "apartment_population_500m": 3626.7499828725176, "median_income_500m": 82692.083725962613, "apartment_share_500m": 0.51100203750360396, "population_1000m": 23903.098644036843, "households_1000m": 10055.123173452086, "apartment_population_1000m": 11840.54639594967, "median_income_1000m": 84198.438502759454, "apartment_share_1000m": 0.49535612818564662, "population_2000m": 88097.451603820329, "households_2000m": 37439.548712061747, "apartment_population_2000m": 41903.359214450131, "median_income_2000m": 89739.255817222627, "apartment_share_2000m": 0.47564780196925693, "distance_to_traffic_count_m": 95.343866643974664, "traffic_volume_weighted_1000m": 6247.6138637378535, "traffic_counters_1000m": 61, "traffic_data_quality": "high", "distance_to_arterial_m": null, "road_length_500m": null, "intersections_500m": null, "distance_to_transit_stop_m": 93.585062030916305, "transit_stop_count_500m": 16, "distance_to_destination_m": 74.486424695967642, "destination_count_1000m": 18, "capacity_log": 3.9318256327243257, "capacity_score": 0.33464540909437457, "facility_type_score": 1.0, "ttc_facility_score": 0.0, "parking_feasibility_score": 0.46751951591134344, "underserved_population_raw": 0.0, "underserved_population_score": 0.0, "apartment_score": 0.45089998768982659, "low_existing_supply_score": 0.05, "equity_score": 0.18035999507593065, "constraint_status": "eligible", "constraint_notes": "", "essential_data_missing": false, "population_score": 0.80168941869098465, "traffic_score": 0.65216548001483388, "coverage_distance_score": 0.019501802248715477, "arterial_access_score": 0.5, "transit_access_score": 0.88261483169021371, "intersection_access_score": 0.5, "demand_score": 0.67919815395410033, "coverage_score": 0.028651261574100848, "accessibility_score": 0.61478444950706412, "feasibility_score": 0.46751951591134344, "overall_score": 0.42204307837546273, "static_rank": 207, "non_coverage_score": 0.55317368397591671 }, "geometry": { "type": "Point", "coordinates": [ -79.322941, 43.672598 ] } },
{ "type": "Feature", "properties": { "id": "287", "address": "1091 Eastern Avenue", "lat": 43.664603, "lng": -79.318234, "carpark_type": "surface", "carpark_type_str": "Surface", "is_ttc": false, "is_under_construction": false, "capacity": 45, "max_height": null, "bike_racks": "not available", "rate_half_hour": 1.0, "monthly_permit_status": "not_available", "candidate_id": "green_p_287", "distance_to_nearest_charger_m": 163.11074695558054, "capacity_missing": false, "capacity_filled": 45, "existing_chargers_1000m": 7, "existing_chargers_2000m": 15, "baseline_coverage_score": 0.0050266566550570685, "baseline_capacity_score": 0.31600449595224156, "baseline_score": 0.12941779237393086, "population_500m": 3121.3482714801348, "households_500m": 1437.7376438560091, "apartment_population_500m": 1676.5694987219126, "median_income_500m": 79396.945178850307, "apartment_share_500m": 0.53712990442008191, "population_1000m": 14415.172235848178, "households_1000m": 6222.452700839649, "apartment_population_1000m": 6918.7673983660379, "median_income_1000m": 87212.473450880672, "apartment_share_1000m": 0.47996425468716869, "population_2000m": 58220.754299107182, "households_2000m": 25159.966815619107, "apartment_population_2000m": 30040.696434482685, "median_income_2000m": 88211.84084121733, "apartment_share_2000m": 0.51597916921772624, "distance_to_traffic_count_m": 148.86954683625038, "traffic_volume_weighted_1000m": 7636.3191100757213, "traffic_counters_1000m": 58, "traffic_data_quality": "high", "distance_to_arterial_m": null, "road_length_500m": null, "intersections_500m": null, "distance_to_transit_stop_m": 179.94171020036026, "transit_stop_count_500m": 13, "distance_to_destination_m": 133.74869370497478, "destination_count_1000m": 18, "capacity_log": 3.8286413964890951, "capacity_score": 0.31600449595224156, "facility_type_score": 1.0, "ttc_facility_score": 0.0, "parking_feasibility_score": 0.45540292236895702, "underserved_population_raw": 0.0, "underserved_population_score": 0.0, "apartment_score": 0.43347904772873103, "low_existing_supply_score": 0.25, "equity_score": 0.17339161909149242, "constraint_status": "eligible", "constraint_notes": "", "essential_data_missing": false, "population_score": 0.719934577940884, "traffic_score": 0.70646412187749263, "coverage_distance_score": 0.0050266566550570685, "arterial_access_score": 0.5, "transit_access_score": 0.76734096283213415, "intersection_access_score": 0.5, "demand_score": 0.65792881227626643, "coverage_score": 0.078518659658539949, "accessibility_score": 0.5802022888496402, "feasibility_score": 0.45540292236895702, "overall_score": 0.41869836663193577, "static_rank": 208, "non_coverage_score": 0.53209160228973429 }, "geometry": { "type": "Point", "coordinates": [ -79.318234, 43.664603 ] } },
{ "type": "Feature", "properties": { "id": "244", "address": "1439 Danforth Avenue", "lat": 43.682646, "lng": -79.326321, "carpark_type": "surface", "carpark_type_str": "Surface", "is_ttc": false, "is_under_construction": false, "capacity": 20, "max_height": 0.0, "bike_racks": "available", "rate_half_hour": 1.5, "monthly_permit_status": "not_available", "candidate_id": "green_p_244", "distance_to_nearest_charger_m": 204.98470807775027, "capacity_missing": false, "capacity_filled": 20, "existing_chargers_1000m": 4, "existing_chargers_2000m": 14, "baseline_coverage_score": 0.0087562330886339391, "baseline_capacity_score": 0.17434823200385341, "baseline_score": 0.074993032654721736, "population_500m": 6748.5287385406491, "households_500m": 2739.4732114153167, "apartment_population_500m": 3082.067281169021, "median_income_500m": 91388.467498072525, "apartment_share_500m": 0.45670210509254044, "population_1000m": 23904.284695709164, "households_1000m": 9849.4594033876056, "apartment_population_1000m": 9980.9644002394125, "median_income_1000m": 90834.3857423429, "apartment_share_1000m": 0.41753871857253283, "population_2000m": 95232.867118301219, "households_2000m": 39633.945384927887, "apartment_population_2000m": 40663.15912682029, "median_income_2000m": 88267.917396764169, "apartment_share_2000m": 0.42698661037168245, "distance_to_traffic_count_m": 68.801724723538939, "traffic_volume_weighted_1000m": 6139.8867343407319, "traffic_counters_1000m": 72, "traffic_data_quality": "high", "distance_to_arterial_m": null, "road_length_500m": null, "intersections_500m": null, "distance_to_transit_stop_m": 61.269957729707976, "transit_stop_count_500m": 26, "distance_to_destination_m": 188.38259128887131, "destination_count_1000m": 17, "capacity_log": 3.044522437723423, "capacity_score": 0.17434823200385341, "facility_type_score": 1.0, "ttc_facility_score": 0.0, "parking_feasibility_score": 0.36332635080250475, "underserved_population_raw": 0.0, "underserved_population_score": 0.0, "apartment_score": 0.36282413253599533, "low_existing_supply_score": 0.3, "equity_score": 0.14512965301439815, "constraint_status": "eligible", "constraint_notes": "", "essential_data_missing": false, "population_score": 0.80169743993261722, "traffic_score": 0.64746023772977346, "coverage_distance_score": 0.0087562330886339391, "arterial_access_score": 0.5, "transit_access_score": 0.92575090950605832, "intersection_access_score": 0.5, "demand_score": 0.65993975768229751, "coverage_score": 0.096129363162043763, "accessibility_score": 0.62772527285181745, "feasibility_score": 0.36332635080250475, "overall_score": 0.41657124058737921, "static_rank": 209, "non_coverage_score": 0.52338519972915754 }, "geometry": { "type": "Point", "coordinates": [ -79.326321, 43.682646 ] } },
{ "type": "Feature", "properties": { "id": "180", "address": "268 Rhodes Ave", "lat": 43.672047, "lng": -79.320366, "carpark_type": "surface", "carpark_type_str": "Surface", "is_ttc": false, "is_under_construction": false, "capacity": 38, "max_height": 2.15, "bike_racks": "available", "rate_half_hour": 1.0, "monthly_permit_status": "not_available", "candidate_id": "green_p_180", "distance_to_nearest_charger_m": 503.02381326809865, "capacity_missing": false, "capacity_filled": 38, "existing_chargers_1000m": 5, "existing_chargers_2000m": 20, "baseline_coverage_score": 0.035301599068203467, "baseline_capacity_score": 0.28618174976298588, "baseline_score": 0.13565365934611645, "population_500m": 6695.4074930400138, "households_500m": 2756.6962740918411, "apartment_population_500m": 2998.7024913532932, "median_income_500m": 88371.277580901486, "apartment_share_500m": 0.44787453108275987, "population_1000m": 23111.102519568325, "households_1000m": 9793.1065941243141, "apartment_population_1000m": 11397.856848847938, "median_income_1000m": 84874.488083397096, "apartment_share_1000m": 0.49317668160561773, "population_2000m": 84206.454480288929, "households_2000m": 35953.140964791819, "apartment_population_2000m": 40915.952722589405, "median_income_2000m": 88905.500052141026, "apartment_share_2000m": 0.4859004333470307, "distance_to_traffic_count_m": 121.36808411343148, "traffic_volume_weighted_1000m": 6351.6077365989468, "traffic_counters_1000m": 72, "traffic_data_quality": "high", "distance_to_arterial_m": null, "road_length_500m": null, "intersections_500m": null, "distance_to_transit_stop_m": 104.1429974159861, "transit_stop_count_500m": 14, "distance_to_destination_m": 142.20882052674219, "destination_count_1000m": 20, "capacity_log": 3.6635616461296463, "capacity_score": 0.28618174976298588, "facility_type_score": 1.0, "ttc_facility_score": 0.0, "parking_feasibility_score": 0.43601813734594086, "underserved_population_raw": 0.0, "underserved_population_score": 0.0, "apartment_score": 0.44843323092867904, "low_existing_supply_score": 0.0, "equity_score": 0.17937329237147162, "constraint_status": "eligible", "constraint_notes": "", "essential_data_missing": false, "population_score": 0.79624228875477043, "traffic_score": 0.65663133609161328, "coverage_distance_score": 0.035301599068203467, "arterial_access_score": 0.5, "transit_access_score": 0.86852148642046001, "intersection_access_score": 0.5, "demand_score": 0.67781664375744721, "coverage_score": 0.024711119347742425, "accessibility_score": 0.610556445926138, "feasibility_score": 0.43601813734594086, "overall_score": 0.41497411198843565, "static_rank": 210, "non_coverage_score": 0.54506177620200003 }, "geometry": { "type": "Point", "coordinates": [ -79.320366, 43.672047 ] } },
{ "type": "Feature", "properties": { "id": "202", "address": "1141 Eastern Avenue", "lat": 43.66566, "lng": -79.314079, "carpark_type": "surface", "carpark_type_str": "Surface", "is_ttc": false, "is_under_construction": false, "capacity": 18, "max_height": 2.1, "bike_racks": "available", "rate_half_hour": 1.0, "monthly_permit_status": "not_available", "candidate_id": "green_p_202", "distance_to_nearest_charger_m": 324.55319884978081, "capacity_missing": false, "capacity_filled": 18, "existing_chargers_1000m": 7, "existing_chargers_2000m": 15, "baseline_coverage_score": 0.019405806556992072, "baseline_capacity_score": 0.15626749480992932, "baseline_score": 0.074150481858166972, "population_500m": 3360.6361691856741, "households_500m": 1593.9349562427233, "apartment_population_500m": 1869.899219147215, "median_income_500m": 81711.590331053812, "apartment_share_500m": 0.55641227583416619, "population_1000m": 15116.100972766901, "households_1000m": 6615.5774066982212, "apartment_population_1000m": 7508.2299168320269, "median_income_1000m": 91113.594074062043, "apartment_share_1000m": 0.49670413887541637, "population_2000m": 57051.184653284421, "households_2000m": 24506.754449065549, "apartment_population_2000m": 28969.042539408369, "median_income_2000m": 88357.364923569578, "apartment_share_2000m": 0.50777284845987203, "distance_to_traffic_count_m": 45.354089893811377, "traffic_volume_weighted_1000m": 7285.1156450938179, "traffic_counters_1000m": 57, "traffic_data_quality": "high", "distance_to_arterial_m": null, "road_length_500m": null, "intersections_500m": null, "distance_to_transit_stop_m": 165.51597517362725, "transit_stop_count_500m": 17, "distance_to_destination_m": 142.2068432760442, "destination_count_1000m": 16, "capacity_log": 2.9444389791664403, "capacity_score": 0.15626749480992932, "facility_type_score": 1.0, "ttc_facility_score": 0.0, "parking_feasibility_score": 0.35157387162645404, "underserved_population_raw": 0.0, "underserved_population_score": 0.0, "apartment_score": 0.45242570275600852, "low_existing_supply_score": 0.25, "equity_score": 0.18097028110240343, "constraint_status": "eligible", "constraint_notes": "", "essential_data_missing": false, "population_score": 0.72760987117755893, "traffic_score": 0.69372703955928994, "coverage_distance_score": 0.019405806556992072, "arterial_access_score": 0.5, "transit_access_score": 0.78659727167346571, "intersection_access_score": 0.5, "demand_score": 0.66071404642685472, "coverage_score": 0.088584064589894443, "accessibility_score": 0.58597918150203976, "feasibility_score": 0.35157387162645404, "overall_score": 0.40838917523014645, "static_rank": 211, "non_coverage_score": 0.51499087877689709 }, "geometry": { "type": "Point", "coordinates": [ -79.314079, 43.66566 ] } },
{ "type": "Feature", "properties": { "id": "243", "address": "115 Unwin Avenue", "lat": 43.641425, "lng": -79.341888, "carpark_type": "surface", "carpark_type_str": "Surface", "is_ttc": false, "is_under_construction": false, "capacity": 123, "max_height": 0.0, "bike_racks": "available", "rate_half_hour": 1.0, "monthly_permit_status": "not_available", "candidate_id": "green_p_243", "distance_to_nearest_charger_m": 1621.5177246311098, "capacity_missing": false, "capacity_filled": 123, "existing_chargers_1000m": 0, "existing_chargers_2000m": 2, "baseline_coverage_score": 0.13492218477654103, "baseline_capacity_score": 0.4951508358892806, "baseline_score": 0.27901364522163685, "population_500m": 51.98222771709635, "households_500m": 20.393695348109585, "apartment_population_500m": 11.108055338544796, "median_income_500m": 110999.99999999999, "apartment_share_500m": 0.21368948247078465, "population_1000m": 166.82286240550704, "households_1000m": 65.448034499656359, "apartment_population_1000m": 35.648291131727717, "median_income_1000m": 111000.0, "apartment_share_1000m": 0.21368948247078465, "population_2000m": 11892.254136579697, "households_2000m": 7012.4725333437445, "apartment_population_2000m": 10595.910899410937, "median_income_2000m": 77720.065469895926, "apartment_share_2000m": 0.8909926392187244, "distance_to_traffic_count_m": 466.06681387008825, "traffic_volume_weighted_1000m": 4330.7660512441953, "traffic_counters_1000m": 5, "traffic_data_quality": "medium", "distance_to_arterial_m": null, "road_length_500m": null, "intersections_500m": null, "distance_to_transit_stop_m": 466.37592985773017, "transit_stop_count_500m": 2, "distance_to_destination_m": 78.557036434640864, "destination_count_1000m": 4, "capacity_log": 4.8202815656050371, "capacity_score": 0.4951508358892806, "facility_type_score": 1.0, "ttc_facility_score": 0.0, "parking_feasibility_score": 0.57184804332803241, "underserved_population_raw": 166.82286240550704, "underserved_population_score": 0.48124510007733423, "apartment_score": 0.13210203729561235, "low_existing_supply_score": 0.9, "equity_score": 0.34158787496464549, "constraint_status": "eligible", "constraint_notes": "", "essential_data_missing": false, "population_score": 0.0, "traffic_score": 0.55303512526828713, "coverage_distance_score": 0.13492218477654103, "arterial_access_score": 0.5, "transit_access_score": 0.38499193269767018, "intersection_access_score": 0.5, "demand_score": 0.21998270130302294, "coverage_score": 0.36444552934357871, "accessibility_score": 0.46549757980930107, "feasibility_score": 0.57184804332803241, "overall_score": 0.37014170268433116, "static_rank": 212, "non_coverage_score": 0.37204042713124869 }, "geometry": { "type": "Point", "coordinates": [ -79.341888, 43.641425 ] } }
]
}
